<?xml version="1.0" encoding="UTF-8"?>
<colors>
    <color name="black">ff111111</color>
    <color name="background">ff1a1a1a</color>
    <color name="highlight">ff929591</color>
    <color name="overlay">4dffffff</color>
    <color name="textActive">fff0f0f0</color>
    <color name="textDisabled">ff757575</color>
    <color name="menuDisabled">aaf0f0f0</color>
    <color name="menuUnselected">ff919191</color>
    <color name="textboxInactive">00FFFFFF</color>
    <color name="keyboardInactive">aa212121</color>
    <color name="keyboardAccent">ffBDBDBD</color>
	<color name="sorotbright">ffC1C9D1</color>
	<color name="sorotmedium">ff7A7B7A</color>
	<color name="sorotdark">ff656862</color>
	<color name="sorotan">ff6E6C64</color>
	<color name="latarcolor">ff101010</color>
</colors>