<?xml version="1.0" encoding="UTF-8"?>
<includes>
	<!-- ContentList: DialogButtonMenu, DialogColorPicker, DialogConfirm, DialogContextMenu, DialogMediaSource, DialogSubtitles, SmartPlaylistEditor, SmartPlaylistRule, FileBrowser -->
	<include name="DialogButtonMenu">
		<control type="button" id="1000">
			<width>100%</width>
			<height>100%</height>
				<texturefocus />
				<texturenofocus />
				<label></label>
				<font></font>
				<onclick>back</onclick>
		</control>
		<control type="image">
			<include>fadeInOut</include>
			<left>0</left>
			<bottom>0</bottom>
			<width>100%</width>
			<height>100%</height>
			<texture colordiffuse="FFFFFFFF">colors/black.png</texture>
		</control>
		<control type="group" id="9999">
			<height>1080</height>
			<include>fadeInOutDelay</include>
			<control type="group">
				<left>90</left>
				<bottom>180</bottom>
				<control type="label">
					<bottom>540</bottom>
					<font>Font180Medium</font>
					<height>180</height>
					<aligny>center</aligny>
					<align>left</align>
					<textcolor>FFFFFFFF</textcolor>
					<label>$INFO[System.Time]</label>
				</control>
				<control type="label">
					<bottom>504</bottom>
					<font>Font36Medium</font>
					<height>36</height>
					<aligny>center</aligny>
					<align>left</align>
					<textcolor>FFFFFFFF</textcolor>
					<textoffsetx>8</textoffsetx>
					<label>$INFO[System.Date]</label>
				</control>
			</control>
			<control type="group">
				<posy>72</posy>
				<left>64</left>
				<right>64</right>
				<height>108</height>
				<control type="image">
					<description>profile image</description>
					<right>0</right>
					<posy>0</posy>
					<width>90</width>
					<height>90</height>
					<bordersize>0</bordersize>
					<texture fallback="colors/black.png" border="0" diffuse="shape/dim90/roundedsquare.png">$INFO[System.ProfileThumb]</texture>
					<aspectratio scalediffuse="false">scale</aspectratio>
				</control>
				<control type="label">
					<posy>0</posy>
					<right>108</right>
					<font>Font28Regular</font>
					<textcolor>FFFFFFFF</textcolor>
					<textoffsetx>0</textoffsetx>
					<height>36</height>
					<align>right</align>
					<aligny>center</aligny>
					<label>$LOCALIZE[31201]</label>
				</control>
				<control type="label" id="1">
					<posy>36</posy>
					<right>108</right>
					<font>Font36Regular</font>
					<textcolor>FFFFFFFF</textcolor>
					<textoffsetx>0</textoffsetx>
					<height>54</height>
					<align>right</align>
					<aligny>center</aligny>
					<label>$INFO[System.ProfileName]</label>
				</control>
				<control type="button" id="101">
					<visible>System.HasLoginScreen | Integer.IsGreater(System.ProfileCount,1)</visible>
					<visible>System.Loggedon</visible>
					<right>0</right>
					<posy>90</posy>
					<font>Font20Bold</font>
					<height>54</height>
					<align>right</align>
					<label>$LOCALIZE[31205]</label>
					<ondown>8001</ondown>
					<onclick>dialog.close(all,true)</onclick>
					<onclick>System.LogOff</onclick>
				</control>
			</control>
			<control type="group" id="9001">
				<left>64</left>
				<right>64</right>
				<control type="label">
					<description>SubTitleWindow</description>
					<left>0</left>
					<bottom>18</bottom>
					<font>Font24Medium</font>
					<height>36</height>
					<aligny>center</aligny>
					<align>left</align>
					<label>$LOCALIZE[31204]</label>
					<textcolor>FFFFFFFF</textcolor>
				</control>
				<control type="group">
					<posx>0</posx>
					<bottom>0</bottom>
					<height>288</height>
					<control type="panel" id="8001">
						<bottom>90</bottom>
						<height>216</height>
						<onleft>8001</onleft>
						<onright>8001</onright>
						<onup>101</onup>
						<ondown>back</ondown>
						<orientation>horizontal</orientation>
						<scrolltime tween="cubic" easing="out">600</scrolltime>
						<itemlayout width="216" height="216">
							<control type="image">
								<posx>36</posx>
								<posy>18</posy>
								<width>144</width>
								<height>144</height>
								<colordiffuse>sorotdark</colordiffuse>
								<texture diffuse="shape/dim180/roundedsquare.png">colors/white.png</texture>
							</control>
							<control type="label">
								<posx>36</posx>
								<posy>18</posy>
								<width>144</width>
								<height>144</height>
								<font>symbolSize90</font>
								<aligny>center</aligny>
								<align>center</align>
								<textcolor>textActive</textcolor>
								<shadowcolor/>
								<label>$INFO[ListItem.Label2]</label>
							</control>
							<control type="label">
								<posx>18</posx>
								<posy>162</posy>
								<width>180</width>
								<height>36</height>
								<font>Font22Bold</font>
								<textcolor>textActive</textcolor>
								<align>center</align>
								<label>$INFO[ListItem.Label]</label>
							</control>
						</itemlayout>
						<focusedlayout width="216" height="216">
							<control type="image">
								<posx>0</posx>
								<posy>0</posy>
								<width>216</width>
								<height>216</height>
								<colordiffuse>80FFFFFF</colordiffuse>
								<texture>shape/dim216/roundedsquare.png</texture>
							</control>
							<control type="image">
								<posx>36</posx>
								<posy>18</posy>
								<width>144</width>
								<height>144</height>
								<colordiffuse>sorotdark</colordiffuse>
								<texture diffuse="shape/dim180/roundedsquare.png">colors/white.png</texture>
							</control>
							<control type="label">
								<posx>36</posx>
								<posy>18</posy>
								<width>144</width>
								<height>144</height>
								<font>symbolSize90</font>
								<aligny>center</aligny>
								<align>center</align>
								<textcolor>textActive</textcolor>
								<shadowcolor/>
								<label>$INFO[ListItem.Label2]</label>
							</control>
							<control type="label">
								<posx>18</posx>
								<posy>162</posy>
								<width>180</width>
								<height>36</height>
								<font>Font22Bold</font>
								<textcolor>textActive</textcolor>
								<align>center</align>
								<label>$INFO[ListItem.Label]</label>
							</control>
						</focusedlayout>
						<content>
							<item id="1">
								<visible>Skin.HasSetting(LockscreenisActive)</visible>
								<label2></label2>
								<label>$LOCALIZE[13014]</label>
								<onclick>Dialog.Close(all)</onclick>
								<onclick>ActivateWindow(1108)</onclick>
							</item>
							<item id="2">
								<visible>System.CanPowerDown</visible>
								<label2></label2>
								<label>$LOCALIZE[13016]</label>
								<onclick>Powerdown()</onclick>
							</item>
							<item id="3">
								<label2></label2>
								<label>$LOCALIZE[13012]</label>
								<onclick>Quit()</onclick>
							</item>
							<item id="4">
								<visible>System.CanSuspend</visible>
								<label2></label2>
								<label>$LOCALIZE[13010]</label>
								<onclick>Suspend()</onclick>
							</item>
							<item id="5">
								<visible>System.CanHibernate</visible>
								<label2></label2>
								<label>$LOCALIZE[13011]</label>
								<onclick>Hibernate()</onclick>
							</item>
							<item id="6">
								<visible>System.CanReboot</visible>
								<label2></label2>
								<label>$LOCALIZE[13013]</label>
								<onclick>Reboot()</onclick>
							</item>
							<item id="7">
								<visible>System.CanSuspend</visible>
								<label2></label2>
								<label>$LOCALIZE[13014]</label>
								<onclick>Minimize()</onclick>
							</item>
						</content>
					</control>
				</control>
			</control>
		</control>
	</include>
	<include name="DialogColorPicker">
		<control type="button">
			<description>background close area</description>
			<left>0</left>
			<right>846</right>
			<top>0</top>
			<height>100%</height>
			<texturefocus />
			<texturenofocus />
			<onclick>Action(close)</onclick>
		</control>
		<control type="image">
			<include condition="!Skin.HasSetting(NoAnimationInSkin)">fadeInOut</include>
			<left>0</left>
			<bottom>0</bottom>
			<width>100%</width>
			<height>100%</height>
			<texture colordiffuse="CCFFFFFF">colors/black.png</texture>
		</control>
		<control type="group" id="9999">
			<right>0</right>
			<bottom>0</bottom>
			<width>864</width>
			<height>100%</height>
			<include condition="!Skin.HasSetting(NoAnimationInSkin)">SlideFadeRightTwoWay</include>
			<include content="ModelDialogLeftRounded">
				<param name="modelkey_size" value="180"/>
				<param name="modelkey_color" value="sorotbright"/>
				<param name="dimensionkey_size" value="dim180"/>
			</include>
			<include content="ModelDialogLeftRounded">
				<param name="modelkey_size" value="180"/>
				<param name="modelkey_color" value="CC000000"/>
				<param name="dimensionkey_size" value="dim180"/>
			</include>
			<control type="group">
				<right>64</right>
				<control type="label" id="1">
					<animation type="windowopen">
						<effect type="fade" start="0" end="100" delay="200" time="200"/>
					</animation>
					<animation type="windowclose">
						<effect type="fade" start="100" end="0" delay="0" time="100"/>
					</animation>
					<description>TitleWindow</description>
					<posx>36</posx>
					<posy>216</posy>
					<font>Font42Bold</font>
					<width>auto</width>
					<height>72</height>
					<aligny>center</aligny>
					<textcolor>FFFFFFFF</textcolor>
					<label/>
				</control>
				<control type="label">
					<left>36</left>
					<right>216</right>
					<top>270</top>
					<height>54</height>
					<align>left</align>
           				<font>Font24Bold</font>
					<label>$LOCALIZE[737]: $INFO[Container(6).ListItem.Label,, - ]$INFO[Container(6).ListItem.Label2,#,]</label>
				</control>
				<control type="group">
					<animation type="windowopen">
						<effect type="fade" start="0" end="100" delay="200" time="200"/>
					</animation>
					<animation type="windowclose">
						<effect type="fade" start="100" end="0" delay="0" time="100"/>
					</animation>
					<bottom>1</bottom>
					<posx>27</posx>
					<width>576</width>
					<height>756</height>
					<control type="group" id="9001">
                    				<control type="panel" id="6">
							<posy>0</posy>
							<posx>0</posx>
							<height>755</height>
							<onup>6</onup>
							<ondown>6</ondown>
							<onright>Control.SetFocus(9000)</onright>
							<scrolltime tween="cubic" easing="out">300</scrolltime>
							<pagecontrol>60</pagecontrol>
							<viewtype label="100">icon</viewtype>
							<itemlayout height="126" width="126">
					<control type="group">
						<control type="image">
							<top>9</top>
							<left>9</left>
							<width>108</width>
							<height>108</height>
							<texture>shape/dim108/roundedsquare.png</texture>
						</control>
						<control type="image">
							<top>9</top>
							<left>9</left>
							<width>108</width>
							<height>108</height>
							<texture>shape/dim108/roundedsquare.png</texture>
							<colordiffuse>$INFO[ListItem.Label2]</colordiffuse>
							<aspectratio>stretch</aspectratio>
						</control>
					</control>
				</itemlayout>
				<focusedlayout height="126" width="126">
					<control type="group">
						<animation effect="zoom" time="200" tween="sine" easing="inout" start="100" end="124" center="auto">Focus</animation>
						<control type="image">
							<top>9</top>
							<left>9</left>
							<width>108</width>
							<height>108</height>
							<texture>shape/dim108/roundedsquare.png</texture>
						</control>
						<control type="image">
							<top>9</top>
							<left>9</left>
							<width>108</width>
							<height>108</height>
							<texture>shape/dim108/roundedsquare.png</texture>
							<colordiffuse>$INFO[ListItem.Label2]</colordiffuse>
							<aspectratio>stretch</aspectratio>
						</control>
					</control>
						</focusedlayout>
                    				</control>
                    			</control>
            			</control>
				<control type="group">
					<animation type="windowopen">
						<effect type="fade" start="0" end="100" delay="400" time="300"/>
					</animation>
					<animation type="windowclose">
						<effect type="fade" start="100" end="0" delay="0" time="100"/>
					</animation>
					<right>-64</right>
					<bottom>0</bottom>
					<width>244</width>
					<height>792</height>
					<include content="ModelDialogTopLeftRounded">
						<param name="modelkey_size" value="180"/>
						<param name="modelkey_color" value="40000000"/>
						<param name="dimensionkey_size" value="dim180"/>
					</include>
					<control type="group">
						<visible>!Skin.HasSetting(HideScrollBaronSkin)</visible>
						<right>12</right>
						<bottom>0</bottom>
						<width>18</width>
						<height>756</height>
						<include condition="!Skin.HasSetting(NoAnimationInSkin)">fadeInOutVisible</include>
						<include content="DefaultScrollbars">
							<param name="control_idVer">60</param>
							<param name="visible_verticalbar">true</param>
							<param name="control_HeightVer">720</param>
							<param name="controlVer_onleft">9001</param>
							<param name="controlVer_onright">noop</param>
							<param name="ItsScrollbarForaDialog">true</param>
						</include>
					</control>
				</control>
				<control type="grouplist" id="9000">
					<description>control area</description>
					<right>0</right>
					<bottom>0</bottom>
					<width>180</width>
					<height>756</height>
					<onleft>Control.SetFocus(9001)</onleft>
					<onright>60</onright>
					<control type="button" id="7">
						<description>Cancel</description>
						<font>Font20Bold</font>
						<label>$LOCALIZE[222]</label>
						<width>180</width>
						<height>54</height>
						<align>left</align>
						<texturefocus colordiffuse="sorotdark" border="8">shape/dim72/roundedright.png</texturefocus>
					</control>
				</control>
			</control>
		</control>
	</include>
	<include name="DialogConfirm">
		<control type="group" id="9999">
			<control type="image">
				<include condition="!Skin.HasSetting(NoAnimationInSkin)">fadeInOut</include>
				<left>0</left>
				<bottom>0</bottom>
				<width>100%</width>
				<height>100%</height>
				<texture colordiffuse="CCFFFFFF">colors/black.png</texture>
			</control>
			<control type="group">
				<bottom>72</bottom>
				<left>192</left>
				<right>192</right>
				<height>540</height>
				<include condition="!Skin.HasSetting(NoAnimationInSkin)">SlideFadeDownTwoWay</include>
				<control type="grouplist" id="9001">
					<left>0</left>
					<right>0</right>
					<bottom>0</bottom>
					<height>540</height>
					<itemgap>18</itemgap>
					<orientation>vertical</orientation>
					<align>right</align>
					<control type="button" id="1">
						<font>Font48Bold</font>
						<width>auto</width>
						<height>72</height>
						<label/>
						<texturefocus colordiffuse="overlay" border="8">shape/dim72/roundedsquare.png</texturefocus>
						<texturenofocus colordiffuse="overlay" border="8">shape/dim72/roundedsquare.png</texturenofocus>
					</control>
					<control type="textbox" id="9">
						<description>heading</description>
						<posx>0</posx>
						<posy>0</posy>
						<font>Font36Medium</font>
						<width>auto</width>
						<height>auto</height>
						<aligny>center</aligny>
						<textcolor>textActive</textcolor>
						<label/>
					</control>
					<control type="group">
						<animation type="windowopen">
							<effect type="fade" start="0" end="100" delay="400" time="300"/>
						</animation>
						<animation type="windowclose">
							<effect type="fade" start="100" end="0" delay="0" time="100"/>
						</animation>
						<height>72</height>
						<control type="progress" id="20">
							<left>0</left>
							<right>540</right>
							<bottom>9</bottom>
							<height>36</height>
							<texturebg colordiffuse="00000000" border="18">shape/statusbar/circle36px.png</texturebg>
							<midtexture colordiffuse="highlight" border="18">shape/statusbar/circle36px.png</midtexture>
							<info>System.Progressbar</info>
						</control>
						<control type="label" id="201">
							<description>progress</description>
							<left>0</left>
							<right>540</right>
							<bottom>9</bottom>
							<height>36</height>
							<font>Font36Bold</font>
							<align>right</align>
							<label>$INFO[System.Progressbar,,%]</label>
							<textcolor>textActive</textcolor>
						</control>
						<control type="grouplist" id="9000">
							<animation type="windowopen">
								<effect type="fade" start="0" end="100" delay="400" time="300"/>
							</animation>
							<animation type="windowclose">
								<effect type="fade" start="100" end="0" delay="0" time="100"/>
							</animation>
							<description>control area</description>
							<right>0</right>
							<bottom>0</bottom>
							<width>540</width>
							<height>54</height>
							<onleft>9000</onleft>
							<onright>9000</onright>
							<align>right</align>
							<orientation>horizontal</orientation>
							<control type="button" id="11">
								<font>Font22Bold</font>
								<width>auto</width>
								<height>54</height>
								<align>left</align>
								<texturenofocus colordiffuse="80000000" border="8">shape/dim72/roundedsquare.png</texturenofocus>
								<texturefocus colordiffuse="sorotan" border="8">shape/dim72/roundedsquare.png</texturefocus>
							</control>
							<control type="button" id="10">
								<font>Font22Bold</font>
								<width>auto</width>
								<height>54</height>
								<align>left</align>
								<texturenofocus colordiffuse="80000000" border="8">shape/dim72/roundedsquare.png</texturenofocus>
								<texturefocus colordiffuse="sorotan" border="8">shape/dim72/roundedsquare.png</texturefocus>
							</control>
							<control type="button" id="12">
								<font>Font22Bold</font>
								<width>auto</width>
								<height>54</height>
								<align>left</align>
								<texturenofocus colordiffuse="80000000" border="8">shape/dim72/roundedsquare.png</texturenofocus>
								<texturefocus colordiffuse="sorotan" border="8">shape/dim72/roundedsquare.png</texturefocus>
							</control>
						</control>
					</control>
				</control>
			</control>
		</control>
	</include>
	<include name="DialogContextMenu">
		<control type="group" id="9999">
			<bottom>36</bottom>
			<right>64</right>
			<width>540</width>
			<height>720</height>
			<include condition="!Skin.HasSetting(NoAnimationInSkin)">SlideFadeDownTwoWay</include>
			<include content="ModelDialogRounded">
				<param name="modelkey_size" value="72"/>
				<param name="modelkey_color" value="CC000000"/>
				<param name="dimensionkey_size" value="dim72"/>
			</include>
			<control type="group">
				<left>36</left>
				<right>36</right>
				<control type="label">
					<description>TitleWindow</description>
					<posy>0</posy>
					<font>Font28Bold</font>
					<height>90</height>
					<aligny>center</aligny>
					<textcolor>FFFFFFFF</textcolor>
					<label>$LOCALIZE[10106]</label>
				</control>
				<control type="label">
					<description>TitleWindow</description>
					<posy>54</posy>
					<font>Font24Medium</font>
					<height>48</height>
					<aligny>center</aligny>
					<textcolor>FFFFFFFF</textcolor>
					<label>$INFO[ListItem.label]</label>
				</control>
				<control type="group">
					<left>0</left>
					<right>0</right>
					<top>108</top>
					<bottom>1</bottom>
					<control type="grouplist" id="996">
						<left>0</left>
						<bottom>0</bottom>
						<onleft>noop</onleft>
						<itemgap>0</itemgap>
						<control type="button" id="1000">
							<texturefocus colordiffuse="40FFFFFF" border="8">shape/dim72/roundedsquare.png</texturefocus>
							<font>Font24Medium</font>
							<aligny>center</aligny>
							<textcolor>textActive</textcolor>
							<focusedcolor>textActive</focusedcolor>
							<height>54</height>
						</control>
					</control>
				</control>
			</control>
		</control>
	</include>
	<include name="DialogMediaSource">
        	<control type="group" id="9999">
			<control type="image">
				<include condition="!Skin.HasSetting(NoAnimationInSkin)">fadeInOut</include>
				<left>0</left>
				<bottom>0</bottom>
				<width>100%</width>
				<height>100%</height>
				<texture colordiffuse="CCFFFFFF">colors/black.png</texture>
			</control>
			<control type="group">
				<animation effect="Slide" start="0,720" end="0,0" tween="cubic" easing="out" time="300" delay="600" condition="!Window.IsActive(filebrowser)">Conditional</animation>
				<include condition="!Skin.HasSetting(NoAnimationInSkin)">SlideFadeDownTwoWay</include>
           		<left>64</left>
			<right>64</right>
			<bottom>0</bottom>
			<height>792</height>
        				<control type="label" id="2">
                         			<description>TitleWindow</description>
						<posx>0</posx>
                         			<posy>-90</posy>
                         			<font>Font54Bold</font>
                         			<width>auto</width>
                         			<height>90</height>
						<aligny>center</aligny>
                     				<textcolor>FFFFFFFF</textcolor>
						<label></label>
             				</control>
				<control type="group">
					<animation effect="fade" start="100" end="0" time="300" delay="0" condition="Player.hasMedia + !Player.Paused + [Window.isActive(VideoFullScreen.xml)]">Conditional</animation>
					<include content="ModelDialogTopRounded">
						<param name="modelkey_size" value="216" />
						<param name="modelkey_color" value="sorotbright" />
						<param name="dimensionkey_size" value="dim216" />
					</include>
				</control>
				<include content="ModelDialogTopRounded">
					<param name="modelkey_size" value="216" />
					<param name="modelkey_color" value="CC000000" />
					<param name="dimensionkey_size" value="dim216" />
				</include>
				<control type="group" id="9001">
                    			<left>36</left>
                    			<left>36</left>
                        		<control type="label">
						<animation type="windowopen">
            						<effect type="fade" start="0" end="100" delay="300" time="300"/>
        					</animation>
						<animation type="windowclose">
            						<effect type="fade" start="100" end="0" delay="0" time="100"/>
        					</animation>
						<right>288</right>
						<top>36</top>
						<height>54</height>
                            			<aligny>center</aligny>
                            			<font>Font32Bold</font>
                            			<textcolor>textActive</textcolor>
                            			<selectedcolor>black</selectedcolor>
                            			<label>$LOCALIZE[1022]</label>
                            			<shadowcolor></shadowcolor>
                        		</control>
            				<control type="edit" id="12">
						<animation type="windowopen">
            						<effect type="fade" start="0" end="100" delay="300" time="300"/>
        					</animation>
						<animation type="windowclose">
            						<effect type="fade" start="100" end="0" delay="0" time="100"/>
        					</animation>
                				<description>Default Edit</description>
						<ondown>10</ondown>
						<onleft>9000</onleft>
						<left>0</left>
						<right>288</right>
						<top>90</top>
						<height>72</height>
                            			<align>left</align>
                     				<font>Font24Bold</font>
						<textoffsetx>24</textoffsetx>
            				</control>
                        		<control type="label">
						<animation type="windowopen">
            						<effect type="fade" start="0" end="100" delay="300" time="300"/>
        					</animation>
						<animation type="windowclose">
            						<effect type="fade" start="100" end="0" delay="0" time="100"/>
        					</animation>
						<right>288</right>
						<bottom>540</bottom>
						<height>54</height>
                            			<aligny>center</aligny>
                            			<font>Font32Bold</font>
                            			<textcolor>textActive</textcolor>
                            			<selectedcolor>black</selectedcolor>
                            			<label>$LOCALIZE[1021]</label>
                            			<shadowcolor></shadowcolor>
                        		</control>
					<control type="list" id="10">
						<animation type="windowopen">
            						<effect type="fade" start="0" end="100" delay="300" time="300"/>
        					</animation>
						<animation type="windowclose">
            						<effect type="fade" start="100" end="0" delay="0" time="100"/>
        					</animation>
						<right>288</right>
						<bottom>36</bottom>
						<height>486</height>
						<onright>9000</onright>
						<onup>12</onup>
						<ondown>noop</ondown>
						<pagecontrol></pagecontrol>
						<scrolltime>200</scrolltime>
						<itemlayout height="72">
							<control type="label">
								<posx>2%</posx>
								<posy>0</posy>
								<width>96%</width>
								<height>72</height>
								<aligny>center</aligny>
								<font>Font24Bold</font>
								<textcolor>textActive</textcolor>
								<selectedcolor>textActive</selectedcolor>
								<label>$INFO[listitem.label]</label>
								<shadowcolor></shadowcolor>
							</control>
                    				</itemlayout>
                    				<focusedlayout height="72">
						<control type="group">
							<include condition="!Skin.HasSetting(NoAnimationInSkin)">FocusedItemFade</include>
							<include content="ModelListHorizontalRounded">
								<param name="modelkey_size" value="72"/>
								<param name="modelkey_color" value="sorotan"/>
								<param name="dimensionkey_size" value="dim72"/>
							</include>
						</control>
                        				<control type="label">
								<posx>2%</posx>
								<posy>0</posy>
								<width>96%</width>
								<height>72</height>
                            					<aligny>center</aligny>
                            					<font>Font24Bold</font>
                            					<label>$INFO[listitem.label]</label>
                            					<shadowcolor></shadowcolor>
                        				</control>
                    				</focusedlayout>
                			</control>
				<control type="group">
				<include condition="!Skin.HasSetting(NoAnimationInSkin)">fadeInOutDelay</include>
						<right>0</right>
						<bottom>0</bottom>
						<width>252</width>
						<height>792</height>
			<include content="ModelDialogTopRightRounded">
				<param name="modelkey_size" value="216" />
				<param name="modelkey_color" value="80000000" />
				<param name="dimensionkey_size" value="dim216" />
			</include>
			</control>
            				<control type="grouplist" id="9000">
						<animation type="windowopen">
            						<effect type="fade" start="0" end="100" delay="400" time="300"/>
        					</animation>
						<animation type="windowclose">
            						<effect type="fade" start="100" end="0" delay="0" time="100"/>
        					</animation>
                				<description>control area</description>
						<right>36</right>
						<bottom>54</bottom>
						<width>216</width>
						<height>612</height>
						<align>right</align>
						<onleft>10</onleft>
                				<onup>9000</onup>
                				<ondown>9000</ondown>
						<control type="button" id="11">
							<description>Browse</description>
							<width>216</width>
	                				<height>54</height>
							<align>left</align>
							<texturefocus colordiffuse="sorotdark" border="8">shape/dim72/roundedright.png</texturefocus>
							<font>Font22Bold</font>
							<label>$LOCALIZE[1024]</label>
						</control>
						<control type="button" id="13">
							<description>Add</description>
							<width>216</width>
	                				<height>54</height>
							<align>left</align>
							<texturefocus colordiffuse="sorotdark" border="8">shape/dim72/roundedright.png</texturefocus>
							<font>Font22Bold</font>
							<label>$LOCALIZE[15019]</label>
						</control>
						<control type="button" id="14">
							<description>Remove</description>
							<width>216</width>
	                				<height>54</height>
							<align>left</align>
							<texturefocus colordiffuse="sorotdark" border="8">shape/dim72/roundedright.png</texturefocus>
							<font>Font22Bold</font>
							<label>$LOCALIZE[1210]</label>
						</control>
                				<control type="image" id="140999">
							<height>2</height>
                    					<texture>colors/white.png</texture>
                    					<colordiffuse>highlight</colordiffuse>
               					</control>
						<control type="button" id="18">
							<description>OK</description>
							<width>216</width>
	                				<height>54</height>
							<align>left</align>
							<texturefocus colordiffuse="sorotdark" border="8">shape/dim72/roundedright.png</texturefocus>
							<font>Font22Bold</font>
							<label>$LOCALIZE[186]</label>
						</control>
						<control type="button" id="19">
							<description>Cancel</description>
							<width>216</width>
	                				<height>54</height>
							<align>left</align>
							<texturefocus colordiffuse="sorotdark" border="8">shape/dim72/roundedright.png</texturefocus>
							<font>Font22Bold</font>
							<label>$LOCALIZE[222]</label>
						</control>
            				</control>
               			</control>
			</control>
            	</control>
	</include>
	<include name="DialogSubtitles">
        	<control type="group" id="9999">
			<control type="image">
				<include condition="!Skin.HasSetting(NoAnimationInSkin)">fadeInOut</include>
				<left>0</left>
				<bottom>0</bottom>
				<width>100%</width>
				<height>100%</height>
				<texture colordiffuse="CCFFFFFF">colors/black.png</texture>
			</control>
			<control type="group">
				<include condition="!Skin.HasSetting(NoAnimationInSkin)">SlideFadeDownTwoWay</include>
			<animation effect="Slide" start="0,0" end="-504,0" tween="cubic" easing="out" time="180" delay="0" condition="Window.IsActive(selectdialog)">Conditional</animation>
			<animation effect="Slide" start="0,900" end="0,0" tween="cubic" easing="out" time="180" delay="600" condition="![Window.IsActive(filebrowser) | Window.IsActive(sliderdialog) | Window.IsActive(filebrowser)]">Conditional</animation>
			<animation effect="Slide" start="0,0" end="-396,0" tween="cubic" easing="out" time="180" delay="0" condition="Window.IsActive(selectdialog)">Conditional</animation>
           		<left>64</left>
			<right>64</right>
			<bottom>0</bottom>
			<height>792</height>
        				<control type="label" id="2">
                         			<description>TitleWindow</description>
						<posx>0</posx>
                         			<posy>-90</posy>
                         			<font>Font54Bold</font>
                         			<width>auto</width>
                         			<height>90</height>
						<aligny>center</aligny>
                     				<textcolor>FFFFFFFF</textcolor>
						<label>$LOCALIZE[10153]</label>
             				</control>
				<control type="group">
					<animation effect="fade" start="100" end="0" time="300" delay="0" condition="Player.hasMedia + !Player.Paused + [Window.isActive(VideoFullScreen.xml)]">Conditional</animation>
					<include content="ModelDialogTopRounded">
						<param name="modelkey_size" value="216" />
						<param name="modelkey_color" value="sorotbright" />
						<param name="dimensionkey_size" value="dim216" />
					</include>
				</control>
				<include content="ModelDialogTopRounded">
					<param name="modelkey_size" value="216" />
					<param name="modelkey_color" value="CC000000" />
					<param name="dimensionkey_size" value="dim216" />
				</include>
				<control type="group" id="9001">
                    			<left>36</left>
                    			<left>36</left>
			<control type="group">
						<right>324</right>
						<bottom>36</bottom>
						<height>702</height>
					<control type="list" id="150">
				<left>0</left>
				<top>0</top>
				<width>324</width>
	                       	<height>702</height>
						<onleft>noop</onleft>
						<ondown>noop</ondown>
						<onup>noop</onup>
						<onright>120</onright>
						<orientation>vertical</orientation>
						<scrolltime tween="cubic" easing="out">500</scrolltime>
	                			<itemlayout width="324" height="72">
	                        			<control type="label">
		                        			<posx>0</posx>
		                        			<posy>0</posy>
		                        			<width>324</width>
		                        			<height>72</height>
		                        			<aligny>center</aligny>
		                        			<font>Font28Bold</font>
                                     <textoffsetx>24</textoffsetx>
		                        			<textcolor>textActive</textcolor>
		                        			<label>$INFO[ListItem.Label]</label>
		           				</control>
	                			</itemlayout>
	                			<focusedlayout width="324" height="72">
				<control type="group">
					<include condition="!Skin.HasSetting(NoAnimationInSkin)">FocusedItemFadeReversed</include>
					<include content="ModelListHorizontalRounded">
						<param name="modelkey_size" value="72" />
						<param name="modelkey_color" value="40eaeaea" />
						<param name="dimensionkey_size" value="dim72" />
					</include>
				</control>
				<control type="group">
					<include condition="!Skin.HasSetting(NoAnimationInSkin)">FocusedItemFade</include>
					<include content="ModelListHorizontalRounded">
						<param name="modelkey_size" value="72" />
						<param name="modelkey_color" value="sorotan" />
						<param name="dimensionkey_size" value="dim72" />
					</include>
				</control>
	                        			<control type="label">
		                        			<posx>0</posx>
		                        			<posy>0</posy>
		                        			<width>324</width>
		                        			<height>72</height>
		                        			<aligny>center</aligny>
		                        			<font>Font28Bold</font>
                                     <textoffsetx>24</textoffsetx>
		                        			<textcolor>textActive</textcolor>
		                        			<label>$INFO[ListItem.Label]</label>
		           				</control>
						</focusedlayout>
					</control>
				<control type="list" id="120">
                    				<left>0</left>
						<right>324</right>
						<bottom>1</bottom>
						<height>756</height>
						<onright>60</onright>
						<onleft>noop</onleft>
					<onup>120</onup>
					<ondown>120</ondown>
						<pagecontrol>60</pagecontrol>
						<scrolltime tween="cubic" easing="out">500</scrolltime>
	                		<itemlayout height="96">
	                        		<control type="label">
		                        		<posy>0</posy>
		                        		<posx>0</posx>
		                        		<width>auto</width>
		                        		<height>54</height>
		                        		<align>left</align>
		                        		<aligny>center</aligny>
		                        		<font>Font24Bold</font>
		                        		<textoffsetx>18</textoffsetx>
		                        		<textcolor>textActive</textcolor>
		                        		<label>$INFO[ListItem.Label2]</label>
		           			</control>
	                <control type="group">
		                        		<right>360</right>
	                        		<control type="label">
		                        		<posx>0</posx>
		                        		<posy>45</posy>
		                        		<width>auto</width>
		                        		<height>36</height>
		                        		<align>left</align>
		                        		<aligny>center</aligny>
		                        		<font>Font22Regular</font>
		                        		<textoffsetx>18</textoffsetx>
		                        		<textcolor>textActive</textcolor>
		                        		<label>$INFO[ListItem.Label]</label>
		           			</control>
		           			</control>
	                        		<control type="label">
							<visible>ListItem.property(hearing_imp)</visible>
		                        		<right>122</right>
		                        		<posy>45</posy>
		                        		<width>36</width>
		                        		<height>36</height>
		                        		<align>left</align>
		                        		<aligny>center</aligny>
		                        		<font>Font22Regular</font>
		                        		<textoffsetx>0</textoffsetx>
		                        		<textcolor>textActive</textcolor>
		                        		<label>CC</label>
		           			</control>
	                        		<control type="label">
							<visible>ListItem.property(sync)</visible>
		                        		<right>150</right>
		                        		<posy>45</posy>
		                        		<width>72</width>
		                        		<height>36</height>
		                        		<align>left</align>
		                        		<aligny>center</aligny>
		                        		<font>Font22Regular</font>
		                        		<textoffsetx>0</textoffsetx>
		                        		<textcolor>textActive</textcolor>
		                        		<label>SYNC</label>
		           			</control>
						<control type="image">
							<right>18</right>
							<top>42</top>
							<width>100</width>
							<height>45</height>
							<texture fallback="flags/starrating/rating0.png">$INFO[ListItem.ActualIcon,flags/starrating/rating,.png]</texture>
							<aspectratio>keep</aspectratio>
						</control>
	                		</itemlayout>
	                		<focusedlayout height="96">
				<control type="group">
					<include condition="!Skin.HasSetting(NoAnimationInSkin)">FocusedItemFade</include>
					<include content="ModelListHorizontalRounded">
						<param name="modelkey_size" value="90" />
						<param name="modelkey_color" value="sorotan" />
						<param name="dimensionkey_size" value="dim90" />
					</include>
				</control>
	                        		<control type="label">
		                        		<posy>0</posy>
		                        		<posx>0</posx>
		                        		<width>auto</width>
		                        		<height>54</height>
		                        		<align>left</align>
		                        		<aligny>center</aligny>
		                        		<font>Font24Bold</font>
		                        		<textoffsetx>18</textoffsetx>
		                        		<textcolor>textActive</textcolor>
		                        		<label>$INFO[ListItem.Label2]</label>
		           			</control>
	                <control type="group">
		                        		<right>360</right>
	                        		<control type="label">
		                        		<posx>0</posx>
		                        		<posy>45</posy>
		                        		<width>auto</width>
		                        		<height>36</height>
		                        		<align>left</align>
		                        		<aligny>center</aligny>
		                        		<font>Font22Regular</font>
		                        		<textoffsetx>18</textoffsetx>
		                        		<textcolor>textActive</textcolor>
		                        		<label>$INFO[ListItem.Label]</label>
		           			</control>
		           			</control>
	                        		<control type="label">
							<visible>ListItem.property(hearing_imp)</visible>
		                        		<right>122</right>
		                        		<posy>45</posy>
		                        		<width>36</width>
		                        		<height>36</height>
		                        		<align>left</align>
		                        		<aligny>center</aligny>
		                        		<font>Font22Regular</font>
		                        		<textoffsetx>0</textoffsetx>
		                        		<textcolor>textActive</textcolor>
		                        		<label>CC</label>
		           			</control>
	                        		<control type="label">
							<visible>ListItem.property(sync)</visible>
		                        		<right>150</right>
		                        		<posy>45</posy>
		                        		<width>72</width>
		                        		<height>36</height>
		                        		<align>left</align>
		                        		<aligny>center</aligny>
		                        		<font>Font22Regular</font>
		                        		<textoffsetx>0</textoffsetx>
		                        		<textcolor>textActive</textcolor>
		                        		<label>SYNC</label>
		           			</control>
						<control type="image">
							<right>18</right>
							<top>42</top>
							<width>100</width>
							<height>45</height>
							<texture fallback="flags/starrating/rating0.png">$INFO[ListItem.ActualIcon,flags/starrating/rating,.png]</texture>
							<aspectratio>keep</aspectratio>
						</control>
	                		</focusedlayout>
				</control>
			</control>
		<control type="group">
			<visible>!Skin.HasSetting(HideScrollBaronSkin)</visible>
						<right>252</right>
						<bottom>0</bottom>
						<width>18</width>
						<height>756</height>
			<include condition="!Skin.HasSetting(NoAnimationInSkin)">fadeInOutVisible</include>
			<include content="DefaultScrollbars">
		<param name="control_idVer">60</param>
				<param name="visible_verticalbar">true</param>
				<param name="control_HeightVer">720</param>
		<param name="controlVer_onleft">120</param>
		<param name="controlVer_onright">9000</param>
		<param name="ItsScrollbarForaDialog">true</param>
			</include>
		</control>
				<control type="group">
				<include condition="!Skin.HasSetting(NoAnimationInSkin)">fadeInOutDelay</include>
						<right>0</right>
						<bottom>0</bottom>
						<width>252</width>
						<height>792</height>
			<include content="ModelDialogTopRightRounded">
				<param name="modelkey_size" value="216" />
				<param name="modelkey_color" value="80000000" />
				<param name="dimensionkey_size" value="dim216" />
			</include>
			</control>
            				<control type="grouplist" id="9000">
						<animation type="windowopen">
            						<effect type="fade" start="0" end="100" delay="400" time="300"/>
        					</animation>
						<animation type="windowclose">
            						<effect type="fade" start="100" end="0" delay="0" time="100"/>
        					</animation>
                				<description>control area</description>
						<right>36</right>
						<bottom>54</bottom>
						<width>216</width>
						<height>612</height>
						<align>right</align>
						<onleft>120</onleft>
                				<onup>9000</onup>
                				<ondown>9000</ondown>
                <control type="textbox" id="140">
						<width>216</width>
						<height>auto</height>
                    <font>Font24Bold</font>
                    <textcolor>textActive</textcolor>
                </control>
						<control type="button" id="160">
							<font>Font22Bold</font>
							<width>216</width>
							<height>54</height>
							<align>left</align>
							<texturefocus colordiffuse="sorotdark" border="8">shape/dim72/roundedright.png</texturefocus>
						<label>$LOCALIZE[24120]</label>
						</control>
						<control type="button" id="198">
							<font>Font22Bold</font>
							<width>216</width>
							<height>54</height>
							<align>left</align>
							<texturefocus colordiffuse="sorotdark" border="8">shape/dim72/roundedright.png</texturefocus>
							<onclick>Close</onclick>
							<label>$LOCALIZE[31610]</label>
						</control>
            				</control>
               			</control>
			</control>
            	</control>
	</include>
	<include name="SmartPlaylistEditor">
        	<control type="group" id="9999">
			<animation effect="Slide" start="0,0" end="-504,0" tween="cubic" easing="out" time="180" delay="0" condition="Window.IsActive(selectdialog)">Conditional</animation>
			<animation effect="Slide" start="0,900" end="0,0" tween="cubic" easing="out" time="180" delay="600" condition="![Window.IsActive(filebrowser) | Window.IsActive(smartplaylistrule) | Window.IsActive(sliderdialog) | Window.IsActive(subtitlesearch) | Window.IsActive(filebrowser)]">Conditional</animation>
           		<left>64</left>
			<right>64</right>
			<bottom>0</bottom>
			<height>936</height>
			<control type="group">
				<animation type="windowopen">
            				<effect type="slide" start="0,936" end="0,0" tween="cubic" easing="out" time="360"/>
				</animation>
				<animation type="windowclose">
            				<effect type="slide" start="0,0" end="0,936" tween="cubic" easing="out" time="360"/>
				</animation>
				<control type="group">
					<animation effect="fade" start="100" end="0" time="300" delay="0" condition="Player.hasMedia + !Player.Paused + [Window.isActive(VideoFullScreen.xml)]">Conditional</animation>
					<include content="ModelDialogTopRounded">
						<param name="modelkey_size" value="216" />
						<param name="modelkey_color" value="sorotbright" />
						<param name="dimensionkey_size" value="dim216" />
					</include>
				</control>
				<include content="ModelDialogTopRounded">
					<param name="modelkey_size" value="216" />
					<param name="modelkey_color" value="CC000000" />
					<param name="dimensionkey_size" value="dim216" />
				</include>
				<control type="group" id="9001">
                    			<left>36</left>
                    			<left>36</left>
        				<control type="label" id="2">
						<animation type="windowopen">
            						<effect type="fade" start="0" end="100" delay="200" time="200"/>
        					</animation>
						<animation type="windowclose">
            						<effect type="fade" start="100" end="0" delay="0" time="100"/>
        					</animation>
                         			<description>TitleWindow</description>
						<posx>0</posx>
                         			<posy>36</posy>
                         			<font>Font42Bold</font>
                         			<width>auto</width>
                         			<height>72</height>
						<aligny>center</aligny>
                     				<textcolor>FFFFFFFF</textcolor>
						<label></label>
             				</control>
            				<control type="group">
						<right>288</right>
						<bottom>0</bottom>
						<height>792</height>
            				<control type="grouplist" id="500">
						<animation type="windowopen">
            						<effect type="fade" start="0" end="100" delay="300" time="300"/>
        					</animation>
						<animation type="windowclose">
            						<effect type="fade" start="100" end="0" delay="0" time="100"/>
        					</animation>
                				<description>control area</description>
						<left>0</left>
						<bottom>0</bottom>
					<width>540</width>
						<height>792</height>
						<onright>10</onright>
						<onleft>noop</onleft>
						<scrolltime tween="cubic" easing="out">500</scrolltime>
				<control type="button" id="22">
					<description>Set Playlist type</description>
					<width>540</width>
				<texturefocus colordiffuse="40eaeaea">colors/white.png</texturefocus>
				<focusedcolor>textActive</focusedcolor>
              <font>Font24Bold</font>
					<label>$LOCALIZE[467]</label>
				</control>
				<control type="button" id="12">
					<description>Name Button</description>
					<label>$LOCALIZE[21433]</label>
					<width>540</width>
				<texturefocus colordiffuse="40eaeaea">colors/white.png</texturefocus>
				<focusedcolor>textActive</focusedcolor>
              <font>Font24Bold</font>
				</control>
				<control type="label" id="1101">
					<description>Name Label</description>
					<width>540</width>
              <textoffsetx>24</textoffsetx>
              <font>Font28Regular</font>
					<label>$LOCALIZE[31521]</label>
				</control>
				<control type="button" id="16">
					<label>$LOCALIZE[21424]</label>
					<width>540</width>
				<texturefocus colordiffuse="40eaeaea">colors/white.png</texturefocus>
				<focusedcolor>textActive</focusedcolor>
              <font>Font24Bold</font>
				</control>
				<control type="button" id="17">
					<label>$LOCALIZE[21427]</label>
					<width>540</width>
				<texturefocus colordiffuse="40eaeaea">colors/white.png</texturefocus>
				<focusedcolor>textActive</focusedcolor>
              <font>Font24Bold</font>
				</control>
				<control type="button" id="18">
					<label>$LOCALIZE[21429]</label>
					<width>540</width>
				<texturefocus colordiffuse="40eaeaea">colors/white.png</texturefocus>
				<focusedcolor>textActive</focusedcolor>
              <font>Font24Bold</font>
				</control>
				<control type="button" id="19">
					<width>540</width>
				<texturefocus colordiffuse="40eaeaea">colors/white.png</texturefocus>
				<focusedcolor>textActive</focusedcolor>
              <font>Font24Bold</font>
					<label>$LOCALIZE[31108]</label>
				</control>
				<control type="button" id="23">
					<width>540</width>
				<texturefocus colordiffuse="40eaeaea">colors/white.png</texturefocus>
				<focusedcolor>textActive</focusedcolor>
              <font>Font24Bold</font>
					<label>$LOCALIZE[21458]</label>
				</control>
				<control type="radiobutton" id="24">
				<texturefocus colordiffuse="40eaeaea">colors/white.png</texturefocus>
				<focusedcolor>textActive</focusedcolor>
                     		<font>Font24Bold</font>
					<label>$LOCALIZE[467]: $LOCALIZE[21459]</label>
				</control>
            				</control>
			<control type="textbox">
				<left>576</left>
				<bottom>0</bottom>
				<height>162</height>
				<aligny>top</aligny>
				<label>$LOCALIZE[31522]</label>
				<textcolor>grey</textcolor>
				<font>Font20Regular</font>
			</control>
				<control type="panel" id="10">
					<bottom>180</bottom>
					<left>576</left>
					<height>612</height>
					<onleft>500</onleft>
					<onright>9000</onright>
					<onup>noop</onup>
					<ondown>noop</ondown>
					<orientation>vertical</orientation>
					<scrolltime tween="cubic" easing="out">500</scrolltime>
	                		<itemlayout height="72">
						<control type="image">
							<posx>0</posx>
							<posy>0</posy>
							<width>72</width>
							<height>72</height>
							<texture>$INFO[ListItem.icon]</texture>
							<colordiffuse>FFFFFFFF</colordiffuse>
							<bordersize>6</bordersize>
							<aspectratio>scale</aspectratio>
						</control>
	                        		<control type="label">
		                        		<posx>72</posx>
		                        		<posy>0</posy>
		                        		<width>auto</width>
		                        		<height>72</height>
		                        		<align>left</align>
		                        		<aligny>center</aligny>
		                        		<font>Font24Bold</font>
		                        		<textoffsetx>18</textoffsetx>
		                        		<textcolor>textActive</textcolor>
		                        		<label>$INFO[ListItem.Label]</label>
		           			</control>
	                		</itemlayout>
	                		<focusedlayout height="72">
	                        		<control type="group">
							<include condition="!Skin.HasSetting(NoAnimationInSkin)">FocusedItemFade</include>
		<control type="group">
			<control type="image">
				<left>0</left>
				<posy>0</posy>
				<width>72</width>
				<height>72</height>
				<aspectratio>stretch</aspectratio>
				<texture>shape/dim72/roundedleft.png</texture>
				<bordersize>0</bordersize>
				<colordiffuse>40eaeaea</colordiffuse>
			</control>
			<control type="group">
				<right>72</right>
				<control type="image">
	                        	<left>72</left>
	                        	<posy>0</posy>
	                        	<aspectratio>stretch</aspectratio>
	                        	<texture>colors/white.png</texture>
	                        	<bordersize>0</bordersize>
	                       		<colordiffuse>40eaeaea</colordiffuse>
	                    	</control>
			</control>
			<control type="image">
				<right>0</right>
				<posy>0</posy>
				<width>72</width>
				<height>72</height>
				<aspectratio>stretch</aspectratio>
				<texture>shape/dim72/roundedright.png</texture>
				<bordersize>0</bordersize>
				<colordiffuse>40eaeaea</colordiffuse>
			</control>
		</control>
		           			</control>
						<control type="image">
							<posx>0</posx>
							<posy>0</posy>
							<width>72</width>
							<height>72</height>
							<texture>$INFO[ListItem.icon]</texture>
							<colordiffuse>FFFFFFFF</colordiffuse>
							<bordersize>6</bordersize>
							<aspectratio>scale</aspectratio>
						</control>
	                        		<control type="label">
		                        		<posx>72</posx>
		                        		<posy>0</posy>
		                        		<width>auto</width>
		                        		<height>72</height>
		                        		<align>left</align>
		                        		<aligny>center</aligny>
		                        		<font>Font24Bold</font>
		                        		<textoffsetx>18</textoffsetx>
		                        		<textcolor>textActive</textcolor>
		                        		<label>$INFO[ListItem.Label]</label>
		           			</control>
	                		</focusedlayout>
	            		</control>
            				</control>
				<control type="group">
						<animation type="windowopen">
            						<effect type="fade" start="0" end="100" delay="400" time="300"/>
        					</animation>
						<animation type="windowclose">
            						<effect type="fade" start="100" end="0" delay="0" time="100"/>
        					</animation>
						<right>0</right>
						<bottom>0</bottom>
						<width>252</width>
						<height>936</height>
			<include content="ModelDialogTopRightRounded">
				<param name="modelkey_size" value="216" />
				<param name="modelkey_color" value="80000000" />
				<param name="dimensionkey_size" value="dim216" />
			</include>
			</control>
            				<control type="grouplist" id="9000">
						<animation type="windowopen">
            						<effect type="fade" start="0" end="100" delay="400" time="300"/>
        					</animation>
						<animation type="windowclose">
            						<effect type="fade" start="100" end="0" delay="0" time="100"/>
        					</animation>
                				<description>control area</description>
						<right>36</right>
						<bottom>54</bottom>
						<width>216</width>
						<height>612</height>
						<align>right</align>
						<onleft>10</onleft>
                				<onup>9000</onup>
                				<ondown>9000</ondown>
						<control type="button" id="20">
							<description>OK</description>
							<width>216</width>
							<font>Font22Bold</font>
	                				<height>54</height>
							<align>left</align>
							<label>$LOCALIZE[186]</label>
						</control>
						<control type="button" id="21">
							<description>Cancel</description>
							<width>216</width>
							<font>Font22Bold</font>
	                				<height>54</height>
							<align>left</align>
							<label>$LOCALIZE[222]</label>
						</control>
            				</control>
               			</control>
			</control>
		</control>
	</include>
	<include name="SmartPlaylistRule">
        	<control type="group" id="9999">
			<animation effect="Slide" start="0,0" end="-504,0" tween="cubic" easing="out" time="180" delay="0" condition="Window.IsActive(selectdialog)">Conditional</animation>
			<animation effect="Slide" start="0,900" end="0,0" tween="cubic" easing="out" time="180" delay="600" condition="![Window.IsActive(filebrowser) | Window.IsActive(sliderdialog) | Window.IsActive(subtitlesearch) | Window.IsActive(filebrowser)]">Conditional</animation>
           		<left>64</left>
			<right>64</right>
			<bottom>0</bottom>
			<height>936</height>
			<control type="group">
				<animation type="windowopen">
            				<effect type="slide" start="0,936" end="0,0" tween="cubic" easing="out" time="360"/>
				</animation>
				<animation type="windowclose">
            				<effect type="slide" start="0,0" end="0,936" tween="cubic" easing="out" time="360"/>
				</animation>
				<control type="group">
					<animation effect="fade" start="100" end="0" time="300" delay="0" condition="Player.hasMedia + !Player.Paused + [Window.isActive(VideoFullScreen.xml)]">Conditional</animation>
					<include content="ModelDialogTopRounded">
						<param name="modelkey_size" value="216" />
						<param name="modelkey_color" value="sorotbright" />
						<param name="dimensionkey_size" value="dim216" />
					</include>
				</control>
				<include content="ModelDialogTopRounded">
					<param name="modelkey_size" value="216" />
					<param name="modelkey_color" value="CC000000" />
					<param name="dimensionkey_size" value="dim216" />
				</include>
				<control type="group" id="9001">
                    			<left>36</left>
                    			<left>36</left>
        				<control type="label" id="2">
						<animation type="windowopen">
            						<effect type="fade" start="0" end="100" delay="200" time="200"/>
        					</animation>
						<animation type="windowclose">
            						<effect type="fade" start="100" end="0" delay="0" time="100"/>
        					</animation>
                         			<description>TitleWindow</description>
						<posx>0</posx>
                         			<posy>36</posy>
                         			<font>Font42Bold</font>
                         			<width>auto</width>
                         			<height>72</height>
						<aligny>center</aligny>
                     				<textcolor>FFFFFFFF</textcolor>
						<label>$LOCALIZE[21421] - $LOCALIZE[21422]</label>
             				</control>

			<control type="grouplist" id="9001">
						<animation type="windowopen">
            						<effect type="fade" start="0" end="100" delay="400" time="300"/>
        					</animation>
						<animation type="windowclose">
            						<effect type="fade" start="100" end="0" delay="0" time="100"/>
        					</animation>
						<right>288</right>
						<bottom>0</bottom>
						<height>792</height>
				<onup>noop</onup>
				<ondown>noop</ondown>
						<onright>9000</onright>
				<orientation>vertical</orientation>
				<control type="button" id="15">
						<width>100%</width>
					<description>Rule Field</description>
							<height>72</height>
							<font>Font28Bold</font>
				</control>
				<control type="button" id="16">
					<description>Rule operator</description>
						<width>100%</width>
							<height>72</height>
							<font>Font28Bold</font>
				</control>
				<control type="grouplist" id="9002">
					<left>30</left>
					<top>200</top>
					<orientation>horizontal</orientation>
            				<control type="edit" id="17">
						<animation type="windowopen">
            						<effect type="fade" start="0" end="100" delay="300" time="300"/>
        					</animation>
						<animation type="windowclose">
            						<effect type="fade" start="100" end="0" delay="0" time="100"/>
        					</animation>
                				<description>Default Edit</description>
						<onup>16</onup>
						<left>0</left>
						<width>540</width>
						<right>216</right>
						<bottom>36</bottom>
						<height>72</height>
                     				<font>Font24Bold</font>
						<textoffsetx>24</textoffsetx>
						<hinttext>$LOCALIZE[31145]</hinttext>
            				</control>
					<control type="button" id="20">
						<description>Browse Button</description>
						<width>300</width>
						<onright>9000</onright>
							<font>Font24Bold</font>
						<align>center</align>
						<label>$LOCALIZE[1024]</label>
					</control>
				</control>
               			</control>
				<control type="group">
						<animation type="windowopen">
            						<effect type="fade" start="0" end="100" delay="400" time="300"/>
        					</animation>
						<animation type="windowclose">
            						<effect type="fade" start="100" end="0" delay="0" time="100"/>
        					</animation>
						<right>0</right>
						<bottom>0</bottom>
						<width>252</width>
						<height>936</height>
			<include content="ModelDialogTopRightRounded">
				<param name="modelkey_size" value="216" />
				<param name="modelkey_color" value="80000000" />
				<param name="dimensionkey_size" value="dim216" />
			</include>
			</control>
            				<control type="grouplist" id="9000">
						<animation type="windowopen">
            						<effect type="fade" start="0" end="100" delay="400" time="300"/>
        					</animation>
						<animation type="windowclose">
            						<effect type="fade" start="100" end="0" delay="0" time="100"/>
        					</animation>
                				<description>control area</description>
						<right>36</right>
						<bottom>54</bottom>
						<width>216</width>
						<height>612</height>
						<align>right</align>
						<onleft>9001</onleft>
                				<onup>9000</onup>
                				<ondown>9000</ondown>
						<control type="button" id="18">
							<description>OK</description>
							<width>216</width>
							<font>Font22Bold</font>
	                				<height>54</height>
							<align>left</align>
							<label>$LOCALIZE[186]</label>
						</control>
						<control type="button" id="19">
							<description>Cancel</description>
							<width>216</width>
							<font>Font22Bold</font>
	                				<height>54</height>
							<align>left</align>
							<label>$LOCALIZE[222]</label>
						</control>
            				</control>
               			</control>
			</control>
		</control>
	</include>
	<include name="FileBrowser">
        	<control type="group" id="9999">
			<control type="image">
				<include condition="!Skin.HasSetting(NoAnimationInSkin)">fadeInOut</include>
				<left>0</left>
				<bottom>0</bottom>
				<width>100%</width>
				<height>100%</height>
				<texture colordiffuse="CCFFFFFF">colors/black.png</texture>
			</control>
			<control type="group">
				<include condition="!Skin.HasSetting(NoAnimationInSkin)">SlideFadeDownTwoWay</include>
			<animation effect="Slide" start="0,0" end="-504,0" tween="cubic" easing="out" time="180" delay="0" condition="Window.IsActive(selectdialog)">Conditional</animation>
			<animation effect="Slide" start="0,900" end="0,0" tween="cubic" easing="out" time="180" delay="600" condition="![Window.IsActive(sliderdialog) | Window.IsActive(subtitlesearch)]">Conditional</animation>
			<animation effect="Slide" start="0,0" end="-396,0" tween="cubic" easing="out" time="180" delay="0" condition="Window.IsActive(selectdialog)">Conditional</animation>
           		<left>64</left>
			<right>64</right>
			<bottom>0</bottom>
			<height>792</height>
        				<control type="label" id="411">
                         			<description>TitleWindow</description>
						<posx>0</posx>
                         			<posy>-90</posy>
                         			<font>Font54Bold</font>
                         			<width>auto</width>
                         			<height>90</height>
						<aligny>center</aligny>
                     				<textcolor>FFFFFFFF</textcolor>
						<label></label>
             				</control>
				<control type="group">
					<include content="ModelDialogTopRounded">
						<param name="modelkey_size" value="216" />
						<param name="modelkey_color" value="sorotbright" />
						<param name="dimensionkey_size" value="dim216" />
					</include>
				</control>
				<include content="ModelDialogTopRounded">
					<param name="modelkey_size" value="216" />
					<param name="modelkey_color" value="CC000000" />
					<param name="dimensionkey_size" value="dim216" />
				</include>
				<control type="group" id="9001">
                    			<left>36</left>
                    			<left>36</left>
					<control type="panel" id="450">
						<animation type="windowopen">
            						<effect type="fade" start="0" end="100" delay="300" time="300"/>
        					</animation>
						<animation type="windowclose">
            						<effect type="fade" start="100" end="0" delay="0" time="100"/>
        					</animation>
						<right>324</right>
						<bottom>1</bottom>
						<height>756</height>
						<onright>60</onright>
						<pagecontrol>60</pagecontrol>
						<itemlayout height="96">
	                        			<control type="group">
                        					<height>90</height>
                    						<control type="image">
                        						<posx>0</posx>
                        						<posy>0</posy>
                        						<width>90</width>
                        						<height>90</height>
                        						<aspectratio scalediffuse="false">scale</aspectratio>
                        						<texture diffuse="shape/dim90/roundedsquare.png" background="true">$INFO[Listitem.icon]</texture>
                    						</control>
                    						<control type="label">
                        						<left>96</left>
                        						<right>18</right>
                        						<posy>0</posy>
                        						<height>90</height>
                        						<aligny>center</aligny>
                        						<font>Font28Bold</font>
                        						<textcolor>textActive</textcolor>
                        						<shadowcolor></shadowcolor>
                        						<label>$INFO[ListItem.Label]$INFO[ListItem.Label2, - ,]</label>
                    						</control>
		           				</control>
                				</itemlayout>
                				<focusedlayout height="96">
	                        			<control type="group">
                        					<height>90</height>
	                        				<control type="group">
									<include condition="!Skin.HasSetting(NoAnimationInSkin)">FocusedItemFade</include>
									<include content="ModelListHorizontalRounded">
										<param name="modelkey_size" value="90" />
										<param name="modelkey_color" value="sorotan" />
										<param name="dimensionkey_size" value="dim90" />
									</include>
		           					</control>
                    						<control type="image">
                        						<posx>0</posx>
                        						<posy>0</posy>
                        						<width>90</width>
                        						<height>90</height>
                        						<aspectratio scalediffuse="false">scale</aspectratio>
                        						<texture diffuse="shape/dim90/roundedsquare.png" background="true">$INFO[Listitem.icon]</texture>
                    						</control>
                    						<control type="label">
                        						<left>96</left>
                        						<right>18</right>
                        						<posy>0</posy>
                        						<height>90</height>
                        						<aligny>center</aligny>
                        						<font>Font28Bold</font>
                        						<textcolor>textActive</textcolor>
                        						<shadowcolor></shadowcolor>
                        						<label>$INFO[ListItem.Label]$INFO[ListItem.Label2, - ,]</label>
                    						</control>
		           				</control>
                				</focusedlayout>
            				</control>
					<control type="panel" id="451">
						<right>324</right>
						<bottom>1</bottom>
						<height>756</height>
						<onright>60</onright>
						<pagecontrol>60</pagecontrol>
						<itemlayout height="78">
	                        			<control type="group">
                        					<height>72</height>
                    						<control type="image">
                        						<posx>0</posx>
                        						<posy>0</posy>
                        						<width>72</width>
                        						<height>72</height>
                        						<aspectratio scalediffuse="false">scale</aspectratio>
                        						<texture diffuse="shape/dim72/roundedsquare.png">$INFO[Listitem.icon]</texture>
                    						</control>
                    						<control type="label">
                        						<posx>78</posx>
                        						<posy>0</posy>
                        						<width>1360</width>
                        						<height>72</height>
                        						<aligny>center</aligny>
                        						<font>Font28Bold</font>
                        						<textcolor>textActive</textcolor>
                        						<shadowcolor></shadowcolor>
                        						<label>$INFO[ListItem.Label]</label>
                    						</control>
		           				</control>
                				</itemlayout>
                				<focusedlayout height="78">
	                        			<control type="group">
                        					<height>72</height>
	                        				<control type="group">
									<include condition="!Skin.HasSetting(NoAnimationInSkin)">FocusedItemFade</include>
									<include content="ModelListHorizontalRounded">
										<param name="modelkey_size" value="72" />
										<param name="modelkey_color" value="sorotan" />
										<param name="dimensionkey_size" value="dim72" />
									</include>
		           					</control>
                    						<control type="image">
                        						<posx>0</posx>
                        						<posy>0</posy>
                        						<width>72</width>
                        						<height>72</height>
                        						<aspectratio scalediffuse="false">scale</aspectratio>
                        						<texture diffuse="shape/dim72/roundedsquare.png">$INFO[Listitem.icon]</texture>
                    						</control>
                    						<control type="label">
                        						<posx>78</posx>
                        						<posy>0</posy>
                        						<width>1360</width>
                        						<height>72</height>
                        						<aligny>center</aligny>
                        						<font>Font28Bold</font>
                        						<textcolor>textActive</textcolor>
                        						<shadowcolor></shadowcolor>
                        						<label>$INFO[ListItem.Label]</label>
                    						</control>
		           				</control>
                				</focusedlayout>
            				</control>
		<control type="group">
			<visible>!Skin.HasSetting(HideScrollBaronSkin)</visible>
						<right>252</right>
						<bottom>0</bottom>
						<width>18</width>
						<height>756</height>
			<include condition="!Skin.HasSetting(NoAnimationInSkin)">fadeInOutVisible</include>
			<include content="DefaultScrollbars">
		<param name="control_idVer">60</param>
				<param name="visible_verticalbar">true</param>
				<param name="control_HeightVer">720</param>
		<param name="controlVer_onleft">450</param>
		<param name="controlVer_onright">9000</param>
		<param name="ItsScrollbarForaDialog">true</param>
			</include>
		</control>
				<control type="group">
				<include condition="!Skin.HasSetting(NoAnimationInSkin)">fadeInOutDelay</include>
						<right>0</right>
						<bottom>0</bottom>
						<width>252</width>
						<height>792</height>
			<include content="ModelDialogTopRightRounded">
				<param name="modelkey_size" value="216" />
				<param name="modelkey_color" value="80000000" />
				<param name="dimensionkey_size" value="dim216" />
			</include>
			</control>
            				<control type="grouplist" id="9000">
						<animation type="windowopen">
            						<effect type="fade" start="0" end="100" delay="400" time="300"/>
        					</animation>
						<animation type="windowclose">
            						<effect type="fade" start="100" end="0" delay="0" time="100"/>
        					</animation>
                				<description>control area</description>
						<right>36</right>
						<bottom>54</bottom>
						<width>216</width>
						<height>612</height>
						<align>right</align>
						<onleft>450</onleft>
                				<onup>9000</onup>
                				<ondown>9000</ondown>
						<control type="button" id="413">
							<description>OK</description>
							<width>216</width>
							<font>Font22Bold</font>
	                				<height>54</height>
							<align>left</align>
							<texturefocus colordiffuse="sorotdark" border="8">shape/dim72/roundedright.png</texturefocus>
                        				<label>$LOCALIZE[186]</label>
						</control>
						<control type="button" id="414">
							<description>Cancel</description>
							<width>216</width>
							<font>Font22Bold</font>
	                				<height>54</height>
							<align>left</align>
							<texturefocus colordiffuse="sorotdark" border="8">shape/dim72/roundedright.png</texturefocus>
                        				<label>$LOCALIZE[222]</label>
						</control>
						<control type="button" id="415">
							<description>Clear / Settings</description>
							<width>216</width>
							<font>Font22Bold</font>
	                				<height>54</height>
							<align>left</align>
							<texturefocus colordiffuse="sorotdark" border="8">shape/dim72/roundedright.png</texturefocus>
                        				<label>$LOCALIZE[119]</label>
						</control>
						<control type="button" id="416">
							<description>Clear / Settings</description>
							<width>216</width>
							<font>Font22Bold</font>
	                				<height>54</height>
							<align>left</align>
							<texturefocus colordiffuse="sorotdark" border="8">shape/dim72/roundedright.png</texturefocus>
                        				<label>$LOCALIZE[749]</label>
						</control>
            				</control>
               			</control>
			</control>
            	</control>
	</include>
</includes>