<?xml version="1.0" encoding="UTF-8"?>
<includes>
<!--Visualisation-->
    	<include name="MusicVisualisation">
        	<control type="group" id="9999">
			<!--Layout 0 - Background-->
			<control type="group">
				<include>fadeInOut</include>
				<control type="visualisation" id="2">
					<include>fadeInOutVisible</include>
					<visible>Visualisation.Enabled</visible>
					<description>visualisation</description>
					<width>100%</width>
					<height>100%</height>
				</control>
				<control type="image">
					<visible>!Visualisation.Enabled</visible>
					<include>fadeInOutVisible</include>
					<left>0</left>
					<top>0</top>
					<texture background="true">$INFO[Player.Art(fanart)]</texture>
					<aspectratio>scale</aspectratio>
					<colordiffuse>FFFFFFFF</colordiffuse>
				</control>
				<control type="group">
					<animation type="Conditional" condition="!String.isEmpty(Player.Art(fanart))">
            					<effect type="fade" start="100" end="25" time="180" delay="0"/>
					</animation>
					<visible>!Visualisation.Enabled</visible>
					<visible>!Skin.HasSetting(DisableHomemadeViz)</visible>
					<width>100%</width>
					<height>100%</height>
					<include>MuVizHomemadeVisualizer</include>
				</control>
				<control type="image">
					<include>fadeInOutVisible</include>
					<include>dimensionsFullscreen</include>
					<texture>colors/black.png</texture>
					<aspectratio>stretch</aspectratio>
					<colordiffuse>80FFFFFF</colordiffuse>
				</control>
			</control>
			<!--Layout 1 - Content-->
			<control type="group">
				<visible>!Skin.HasSetting(MuVizSettoSimpleOSD)</visible>
				<include condition="!Skin.HasSetting(NoAnimationInSkin)">SlideFadeDownTwoWayFastVisible</include>
				<bottom>72</bottom>
           		<left>64</left>
				<right>64</right>
				<height>792</height>
				<include>DefaultMusicPlayerLayout</include>
			</control>
          </control>
		<!--Universal Status Bar-->
				<control type="group">
			<visible>![Skin.HasSetting(MuVizSettoSimpleOSD)+ !Window.isActive(musicosd)]</visible>
            	</control>
    	</include>
    	<include name="DefaultMusicPlayerLayout">
				<control type="group" id="1">
					<animation effect="Slide" start="0,0" end="0,-72" tween="cubic" easing="inout" time="180" delay="0" condition="Window.IsActive(videoosd)">Conditional</animation>
					<animation type="windowopen">
						<effect type="fade" start="0" end="100" time="180" delay="0"/>
            					<effect type="Slide" start="0,-72" end="0,0" tween="cubic" easing="inout" time="180" delay="0"/>
					</animation>
					<animation type="windowclose">
						<effect type="fade" start="100" end="0" time="180" delay="330"/>
            					<effect type="Slide" start="0,0" end="0,72" tween="cubic" easing="inout" time="180" delay="330"/>
        				</animation>
					<left>0</left>
					<bottom>0</bottom>
					<width>288</width>
					<height>288</height>
					<control type="image" id="1">
						<bottom>0</bottom>
						<width>288</width>
						<height>288</height>
						<aspectratio>stretch</aspectratio>
						<texture colordiffuse="black">shape/dim360/roundedsquarehalf.png</texture>
					</control>
					<control type="image" id="1">
						<bottom>0</bottom>
						<width>288</width>
						<height>288</height>
						<aspectratio scalediffuse="false">keep</aspectratio>
						<texture fallback="DefaultAlbumCover.png" diffuse="shape/dim360/roundedsquarehalf.png" background="true">$VAR[MediaThumbFullscreenVAR]</texture>
					</control>
				</control>
				<control type="grouplist" id="1">
					<animation effect="Slide" start="0,0" end="0,-144" tween="cubic" easing="inout" time="300" delay="0" condition="Window.IsActive(musicosd)">Conditional</animation>
					<animation effect="Slide" start="0,0" end="0,-134" tween="cubic" easing="inout" time="300" delay="0" condition="Window.IsActive(videoosd)">Conditional</animation>
					<left>306</left>
					<bottom>0</bottom>
					<height>360</height>
                    			<align>right</align>
                        		<itemgap>8</itemgap>
                   	 		<control type="button" id="1">
								<animation type="windowopen">
									<effect type="fade" start="0" end="100" time="0" delay="0"/>
									<effect type="zoom" start="0,100" end="100,100" tween="cubic" easing="out" center="0,0" time="180" delay="360"/>
								</animation>
								<animation effect="zoom" start="100,100" end="0,100" tween="cubic" easing="out" center="0,0" time="180" delay="0">windowclose</animation>
                				<font>Font28Medium</font>
                    				<width>auto</width>
                   				<height>36</height>
		    				<label>$VAR[MediaSecTitleFullscreenVAR]</label>
							<texturefocus colordiffuse="sorotdark" border="8">shape/dim72/roundedsquare.png</texturefocus>
							<texturenofocus colordiffuse="sorotdark" border="8">shape/dim72/roundedsquare.png</texturenofocus>
                    			</control>
                   	 		<control type="button" id="1">
								<animation type="windowopen">
									<effect type="fade" start="0" end="100" time="0" delay="0"/>
									<effect type="zoom" start="0,100" end="100,100" tween="cubic" easing="out" center="0,0" time="180" delay="180"/>
								</animation>
								<animation effect="zoom" start="100,100" end="0,100" tween="cubic" easing="out" center="0,0" time="180" delay="180">windowclose</animation>
                				<font>Font72Bold</font>
                    				<width>auto</width>
                   				<height>90</height>
		    				<label>$VAR[MediaTitleFullscreenVAR]</label>
							<texturefocus colordiffuse="sorotdark" border="8">shape/dim72/roundedsquare.png</texturefocus>
							<texturenofocus colordiffuse="sorotdark" border="8">shape/dim72/roundedsquare.png</texturenofocus>
                    			</control>
                   	 		<control type="button" id="1">
								<animation type="windowopen">
									<effect type="fade" start="0" end="100" time="0" delay="0"/>
									<effect type="zoom" start="0,100" end="100,100" tween="cubic" easing="out" center="0,0" time="180" delay="0"/>
								</animation>
								<animation effect="zoom" start="100,100" end="0,100" tween="cubic" easing="out" center="0,0" time="180" delay="360">windowclose</animation>
                				<font>Font36Medium</font>
                    				<width>auto</width>
                   				<height>48</height>
		    				<label>$VAR[MediaSubTitleFullscreenVAR]</label>
							<texturefocus colordiffuse="sorotdark" border="8">shape/dim72/roundedsquare.png</texturefocus>
							<texturenofocus colordiffuse="sorotdark" border="8">shape/dim72/roundedsquare.png</texturenofocus>
                    			</control>
				</control>
    	</include>
<!--Visualisation-->
    	<include name="MuVizHomemadeVisualizer">
		<!--Preset Pil and Bean-->
		<control type="group">
			<visible>Integer.IsOdd(MusicPlayer.PlaylistPosition)</visible>
			<include>fadeInOutVisible</include>
			<control type="group">
                    		<control type="wraplist" id="1901">
                			<autoscroll>true</autoscroll>
					<scrolltime tween="Linear">7500</scrolltime>
                    			<posy>0</posy>
	    				<posx>0</posx>
					<width>100%</width>
                   			<height>126</height>
					<enable>false</enable>
					<orientation>horizontal</orientation>
	    				<itemlayout width="1638" height="126">
						<control type="image">
	    						<posx>0</posx>
	                        			<bordersize>18</bordersize>
							<width>396</width>
							<height>126</height>
							<aspectratio>keep</aspectratio>
							<texture colordiffuse="highlight">shape/dim180/longbean.png</texture>
						</control>
						<control type="image">
	    						<posx>396</posx>
	                        			<bordersize>18</bordersize>
							<width>126</width>
							<height>126</height>
							<aspectratio>keep</aspectratio>
							<texture colordiffuse="highlight">shape/dim180/circle.png</texture>
						</control>
						<control type="image">
	    						<posx>522</posx>
	                        			<bordersize>18</bordersize>
							<width>216</width>
							<height>126</height>
							<aspectratio>keep</aspectratio>
							<texture colordiffuse="highlight">shape/dim180/pil.png</texture>
						</control>
						<control type="image">
	    						<posx>738</posx>
	                        			<bordersize>18</bordersize>
							<width>126</width>
							<height>126</height>
							<aspectratio>keep</aspectratio>
							<texture colordiffuse="highlight">shape/dim180/circle.png</texture>
						</control>
						<control type="image">
	    						<posx>864</posx>
	                        			<bordersize>18</bordersize>
							<width>306</width>
							<height>126</height>
							<aspectratio>keep</aspectratio>
							<texture colordiffuse="highlight">shape/dim180/bean.png</texture>
						</control>
						<control type="image">
	    						<posx>1170</posx>
	                        			<bordersize>18</bordersize>
							<width>126</width>
							<height>126</height>
							<aspectratio>keep</aspectratio>
							<texture colordiffuse="highlight">shape/dim180/circle.png</texture>
						</control>
						<control type="image">
	    						<posx>1296</posx>
	                        			<bordersize>18</bordersize>
							<width>216</width>
							<height>126</height>
							<aspectratio>keep</aspectratio>
							<texture colordiffuse="highlight">shape/dim180/pil.png</texture>
						</control>
						<control type="image">
	    						<posx>1512</posx>
	                        			<bordersize>18</bordersize>
							<width>126</width>
							<height>126</height>
							<aspectratio>keep</aspectratio>
							<texture colordiffuse="highlight">shape/dim180/circle.png</texture>
						</control>
                			</itemlayout>
	    				<focusedlayout width="1638" height="126">
						<control type="image">
	    						<posx>0</posx>
	                        			<bordersize>18</bordersize>
							<width>396</width>
							<height>126</height>
							<aspectratio>keep</aspectratio>
							<texture colordiffuse="highlight">shape/dim180/longbean.png</texture>
						</control>
						<control type="image">
	    						<posx>396</posx>
	                        			<bordersize>18</bordersize>
							<width>126</width>
							<height>126</height>
							<aspectratio>keep</aspectratio>
							<texture colordiffuse="highlight">shape/dim180/circle.png</texture>
						</control>
						<control type="image">
	    						<posx>522</posx>
	                        			<bordersize>18</bordersize>
							<width>216</width>
							<height>126</height>
							<aspectratio>keep</aspectratio>
							<texture colordiffuse="highlight">shape/dim180/pil.png</texture>
						</control>
						<control type="image">
	    						<posx>738</posx>
	                        			<bordersize>18</bordersize>
							<width>126</width>
							<height>126</height>
							<aspectratio>keep</aspectratio>
							<texture colordiffuse="highlight">shape/dim180/circle.png</texture>
						</control>
						<control type="image">
	    						<posx>864</posx>
	                        			<bordersize>18</bordersize>
							<width>306</width>
							<height>126</height>
							<aspectratio>keep</aspectratio>
							<texture colordiffuse="highlight">shape/dim180/bean.png</texture>
						</control>
						<control type="image">
	    						<posx>1170</posx>
	                        			<bordersize>18</bordersize>
							<width>126</width>
							<height>126</height>
							<aspectratio>keep</aspectratio>
							<texture colordiffuse="highlight">shape/dim180/circle.png</texture>
						</control>
						<control type="image">
	    						<posx>1296</posx>
	                        			<bordersize>18</bordersize>
							<width>216</width>
							<height>126</height>
							<aspectratio>keep</aspectratio>
							<texture colordiffuse="highlight">shape/dim180/pil.png</texture>
						</control>
						<control type="image">
	    						<posx>1512</posx>
	                        			<bordersize>18</bordersize>
							<width>126</width>
							<height>126</height>
							<aspectratio>keep</aspectratio>
							<texture colordiffuse="highlight">shape/dim180/circle.png</texture>
						</control>
                			</focusedlayout>
					<content>
						<item id="0">
							<thumb />
						</item>
						<item id="1">
							<thumb />
						</item>
						<item id="2">
							<thumb />
						</item>
					</content>
                    		</control>
                    		<control type="wraplist" id="1902">
					<animation type="Conditional" condition="true">
            					<effect type="rotate" start="0" end="180" center="auto" time="0"/>
					</animation>
                			<autoscroll>true</autoscroll>
					<scrolltime tween="Linear">8000</scrolltime>
                    			<posy>126</posy>
	    				<posx>0</posx>
					<width>100%</width>
                   			<height>126</height>
					<enable>false</enable>
					<orientation>horizontal</orientation>
	    				<itemlayout width="1638" height="126">
						<control type="image">
	    						<posx>0</posx>
	                        			<bordersize>18</bordersize>
							<width>396</width>
							<height>126</height>
							<aspectratio>keep</aspectratio>
							<texture colordiffuse="highlight">shape/dim180/longbean.png</texture>
						</control>
						<control type="image">
	    						<posx>396</posx>
	                        			<bordersize>18</bordersize>
							<width>126</width>
							<height>126</height>
							<aspectratio>keep</aspectratio>
							<texture colordiffuse="highlight">shape/dim180/circle.png</texture>
						</control>
						<control type="image">
	    						<posx>522</posx>
	                        			<bordersize>18</bordersize>
							<width>216</width>
							<height>126</height>
							<aspectratio>keep</aspectratio>
							<texture colordiffuse="highlight">shape/dim180/pil.png</texture>
						</control>
						<control type="image">
	    						<posx>738</posx>
	                        			<bordersize>18</bordersize>
							<width>126</width>
							<height>126</height>
							<aspectratio>keep</aspectratio>
							<texture colordiffuse="highlight">shape/dim180/circle.png</texture>
						</control>
						<control type="image">
	    						<posx>864</posx>
	                        			<bordersize>18</bordersize>
							<width>306</width>
							<height>126</height>
							<aspectratio>keep</aspectratio>
							<texture colordiffuse="highlight">shape/dim180/bean.png</texture>
						</control>
						<control type="image">
	    						<posx>1170</posx>
	                        			<bordersize>18</bordersize>
							<width>126</width>
							<height>126</height>
							<aspectratio>keep</aspectratio>
							<texture colordiffuse="highlight">shape/dim180/circle.png</texture>
						</control>
						<control type="image">
	    						<posx>1296</posx>
	                        			<bordersize>18</bordersize>
							<width>216</width>
							<height>126</height>
							<aspectratio>keep</aspectratio>
							<texture colordiffuse="highlight">shape/dim180/pil.png</texture>
						</control>
						<control type="image">
	    						<posx>1512</posx>
	                        			<bordersize>18</bordersize>
							<width>126</width>
							<height>126</height>
							<aspectratio>keep</aspectratio>
							<texture colordiffuse="highlight">shape/dim180/circle.png</texture>
						</control>
                			</itemlayout>
	    				<focusedlayout width="1638" height="126">
						<control type="image">
	    						<posx>0</posx>
	                        			<bordersize>18</bordersize>
							<width>396</width>
							<height>126</height>
							<aspectratio>keep</aspectratio>
							<texture colordiffuse="highlight">shape/dim180/longbean.png</texture>
						</control>
						<control type="image">
	    						<posx>396</posx>
	                        			<bordersize>18</bordersize>
							<width>126</width>
							<height>126</height>
							<aspectratio>keep</aspectratio>
							<texture colordiffuse="highlight">shape/dim180/circle.png</texture>
						</control>
						<control type="image">
	    						<posx>522</posx>
	                        			<bordersize>18</bordersize>
							<width>216</width>
							<height>126</height>
							<aspectratio>keep</aspectratio>
							<texture colordiffuse="highlight">shape/dim180/pil.png</texture>
						</control>
						<control type="image">
	    						<posx>738</posx>
	                        			<bordersize>18</bordersize>
							<width>126</width>
							<height>126</height>
							<aspectratio>keep</aspectratio>
							<texture colordiffuse="highlight">shape/dim180/circle.png</texture>
						</control>
						<control type="image">
	    						<posx>864</posx>
	                        			<bordersize>18</bordersize>
							<width>306</width>
							<height>126</height>
							<aspectratio>keep</aspectratio>
							<texture colordiffuse="highlight">shape/dim180/bean.png</texture>
						</control>
						<control type="image">
	    						<posx>1170</posx>
	                        			<bordersize>18</bordersize>
							<width>126</width>
							<height>126</height>
							<aspectratio>keep</aspectratio>
							<texture colordiffuse="highlight">shape/dim180/circle.png</texture>
						</control>
						<control type="image">
	    						<posx>1296</posx>
	                        			<bordersize>18</bordersize>
							<width>216</width>
							<height>126</height>
							<aspectratio>keep</aspectratio>
							<texture colordiffuse="highlight">shape/dim180/pil.png</texture>
						</control>
						<control type="image">
	    						<posx>1512</posx>
	                        			<bordersize>18</bordersize>
							<width>126</width>
							<height>126</height>
							<aspectratio>keep</aspectratio>
							<texture colordiffuse="highlight">shape/dim180/circle.png</texture>
						</control>
                			</focusedlayout>
					<content>
						<item id="0">
							<thumb />
						</item>
						<item id="1">
							<thumb />
						</item>
						<item id="2">
							<thumb />
						</item>
					</content>
                    		</control>
                    		<control type="wraplist" id="1903">
                			<autoscroll>true</autoscroll>
					<scrolltime tween="Linear">7000</scrolltime>
                    			<posy>252</posy>
	    				<posx>0</posx>
					<width>100%</width>
                   			<height>126</height>
					<enable>false</enable>
					<orientation>horizontal</orientation>
	    				<itemlayout width="1818" height="126">
						<control type="image">
	    						<posx>0</posx>
	                        			<bordersize>18</bordersize>
							<width>306</width>
							<height>126</height>
							<aspectratio>keep</aspectratio>
							<texture colordiffuse="highlight">shape/dim180/bean.png</texture>
						</control>
						<control type="image">
	    						<posx>306</posx>
	                        			<bordersize>18</bordersize>
							<width>126</width>
							<height>126</height>
							<aspectratio>keep</aspectratio>
							<texture colordiffuse="highlight">shape/dim180/circle.png</texture>
						</control>
						<control type="image">
	    						<posx>432</posx>
	                        			<bordersize>18</bordersize>
							<width>396</width>
							<height>126</height>
							<aspectratio>keep</aspectratio>
							<texture colordiffuse="highlight">shape/dim180/longbean.png</texture>
						</control>
						<control type="image">
	    						<posx>828</posx>
	                        			<bordersize>18</bordersize>
							<width>126</width>
							<height>126</height>
							<aspectratio>keep</aspectratio>
							<texture colordiffuse="highlight">shape/dim180/circle.png</texture>
						</control>
						<control type="image">
	    						<posx>954</posx>
	                        			<bordersize>18</bordersize>
							<width>216</width>
							<height>126</height>
							<aspectratio>keep</aspectratio>
							<texture colordiffuse="highlight">shape/dim180/pil.png</texture>
						</control>
						<control type="image">
	    						<posx>1170</posx>
	                        			<bordersize>18</bordersize>
							<width>126</width>
							<height>126</height>
							<aspectratio>keep</aspectratio>
							<texture colordiffuse="highlight">shape/dim180/circle.png</texture>
						</control>
						<control type="image">
	    						<posx>1296</posx>
	                        			<bordersize>18</bordersize>
							<width>396</width>
							<height>126</height>
							<aspectratio>keep</aspectratio>
							<texture colordiffuse="highlight">shape/dim180/longbean.png</texture>
						</control>
						<control type="image">
	    						<posx>1692</posx>
	                        			<bordersize>18</bordersize>
							<width>126</width>
							<height>126</height>
							<aspectratio>keep</aspectratio>
							<texture colordiffuse="highlight">shape/dim180/circle.png</texture>
						</control>
                			</itemlayout>
	    				<focusedlayout width="1818" height="126">
						<control type="image">
	    						<posx>0</posx>
	                        			<bordersize>18</bordersize>
							<width>306</width>
							<height>126</height>
							<aspectratio>keep</aspectratio>
							<texture colordiffuse="highlight">shape/dim180/bean.png</texture>
						</control>
						<control type="image">
	    						<posx>306</posx>
	                        			<bordersize>18</bordersize>
							<width>126</width>
							<height>126</height>
							<aspectratio>keep</aspectratio>
							<texture colordiffuse="highlight">shape/dim180/circle.png</texture>
						</control>
						<control type="image">
	    						<posx>432</posx>
	                        			<bordersize>18</bordersize>
							<width>396</width>
							<height>126</height>
							<aspectratio>keep</aspectratio>
							<texture colordiffuse="highlight">shape/dim180/longbean.png</texture>
						</control>
						<control type="image">
	    						<posx>828</posx>
	                        			<bordersize>18</bordersize>
							<width>126</width>
							<height>126</height>
							<aspectratio>keep</aspectratio>
							<texture colordiffuse="highlight">shape/dim180/circle.png</texture>
						</control>
						<control type="image">
	    						<posx>954</posx>
	                        			<bordersize>18</bordersize>
							<width>216</width>
							<height>126</height>
							<aspectratio>keep</aspectratio>
							<texture colordiffuse="highlight">shape/dim180/pil.png</texture>
						</control>
						<control type="image">
	    						<posx>1170</posx>
	                        			<bordersize>18</bordersize>
							<width>126</width>
							<height>126</height>
							<aspectratio>keep</aspectratio>
							<texture colordiffuse="highlight">shape/dim180/circle.png</texture>
						</control>
						<control type="image">
	    						<posx>1296</posx>
	                        			<bordersize>18</bordersize>
							<width>396</width>
							<height>126</height>
							<aspectratio>keep</aspectratio>
							<texture colordiffuse="highlight">shape/dim180/longbean.png</texture>
						</control>
						<control type="image">
	    						<posx>1692</posx>
	                        			<bordersize>18</bordersize>
							<width>126</width>
							<height>126</height>
							<aspectratio>keep</aspectratio>
							<texture colordiffuse="highlight">shape/dim180/circle.png</texture>
						</control>
                			</focusedlayout>
					<content>
						<item id="0">
							<thumb />
						</item>
						<item id="1">
							<thumb />
						</item>
						<item id="2">
							<thumb />
						</item>
					</content>
                    		</control>
                    		<control type="wraplist" id="1904">
					<animation type="Conditional" condition="true">
            					<effect type="rotate" start="0" end="180" center="auto" time="0"/>
					</animation>
                			<autoscroll>true</autoscroll>
					<scrolltime tween="Linear">9000</scrolltime>
                    			<posy>378</posy>
	    				<posx>0</posx>
					<width>100%</width>
                   			<height>126</height>
					<enable>false</enable>
					<orientation>horizontal</orientation>
	    				<itemlayout width="1818" height="126">
						<control type="image">
	    						<posx>0</posx>
	                        			<bordersize>18</bordersize>
							<width>306</width>
							<height>126</height>
							<aspectratio>keep</aspectratio>
							<texture colordiffuse="highlight">shape/dim180/bean.png</texture>
						</control>
						<control type="image">
	    						<posx>306</posx>
	                        			<bordersize>18</bordersize>
							<width>126</width>
							<height>126</height>
							<aspectratio>keep</aspectratio>
							<texture colordiffuse="highlight">shape/dim180/circle.png</texture>
						</control>
						<control type="image">
	    						<posx>432</posx>
	                        			<bordersize>18</bordersize>
							<width>396</width>
							<height>126</height>
							<aspectratio>keep</aspectratio>
							<texture colordiffuse="highlight">shape/dim180/longbean.png</texture>
						</control>
						<control type="image">
	    						<posx>828</posx>
	                        			<bordersize>18</bordersize>
							<width>126</width>
							<height>126</height>
							<aspectratio>keep</aspectratio>
							<texture colordiffuse="highlight">shape/dim180/circle.png</texture>
						</control>
						<control type="image">
	    						<posx>954</posx>
	                        			<bordersize>18</bordersize>
							<width>216</width>
							<height>126</height>
							<aspectratio>keep</aspectratio>
							<texture colordiffuse="highlight">shape/dim180/pil.png</texture>
						</control>
						<control type="image">
	    						<posx>1170</posx>
	                        			<bordersize>18</bordersize>
							<width>126</width>
							<height>126</height>
							<aspectratio>keep</aspectratio>
							<texture colordiffuse="highlight">shape/dim180/circle.png</texture>
						</control>
						<control type="image">
	    						<posx>1296</posx>
	                        			<bordersize>18</bordersize>
							<width>396</width>
							<height>126</height>
							<aspectratio>keep</aspectratio>
							<texture colordiffuse="highlight">shape/dim180/longbean.png</texture>
						</control>
						<control type="image">
	    						<posx>1692</posx>
	                        			<bordersize>18</bordersize>
							<width>126</width>
							<height>126</height>
							<aspectratio>keep</aspectratio>
							<texture colordiffuse="highlight">shape/dim180/circle.png</texture>
						</control>
                			</itemlayout>
	    				<focusedlayout width="1818" height="126">
						<control type="image">
	    						<posx>0</posx>
	                        			<bordersize>18</bordersize>
							<width>306</width>
							<height>126</height>
							<aspectratio>keep</aspectratio>
							<texture colordiffuse="highlight">shape/dim180/bean.png</texture>
						</control>
						<control type="image">
	    						<posx>306</posx>
	                        			<bordersize>18</bordersize>
							<width>126</width>
							<height>126</height>
							<aspectratio>keep</aspectratio>
							<texture colordiffuse="highlight">shape/dim180/circle.png</texture>
						</control>
						<control type="image">
	    						<posx>432</posx>
	                        			<bordersize>18</bordersize>
							<width>396</width>
							<height>126</height>
							<aspectratio>keep</aspectratio>
							<texture colordiffuse="highlight">shape/dim180/longbean.png</texture>
						</control>
						<control type="image">
	    						<posx>828</posx>
	                        			<bordersize>18</bordersize>
							<width>126</width>
							<height>126</height>
							<aspectratio>keep</aspectratio>
							<texture colordiffuse="highlight">shape/dim180/circle.png</texture>
						</control>
						<control type="image">
	    						<posx>954</posx>
	                        			<bordersize>18</bordersize>
							<width>216</width>
							<height>126</height>
							<aspectratio>keep</aspectratio>
							<texture colordiffuse="highlight">shape/dim180/pil.png</texture>
						</control>
						<control type="image">
	    						<posx>1170</posx>
	                        			<bordersize>18</bordersize>
							<width>126</width>
							<height>126</height>
							<aspectratio>keep</aspectratio>
							<texture colordiffuse="highlight">shape/dim180/circle.png</texture>
						</control>
						<control type="image">
	    						<posx>1296</posx>
	                        			<bordersize>18</bordersize>
							<width>396</width>
							<height>126</height>
							<aspectratio>keep</aspectratio>
							<texture colordiffuse="highlight">shape/dim180/longbean.png</texture>
						</control>
						<control type="image">
	    						<posx>1692</posx>
	                        			<bordersize>18</bordersize>
							<width>126</width>
							<height>126</height>
							<aspectratio>keep</aspectratio>
							<texture colordiffuse="highlight">shape/dim180/circle.png</texture>
						</control>
                			</focusedlayout>
					<content>
						<item id="0">
							<thumb />
						</item>
						<item id="1">
							<thumb />
						</item>
						<item id="2">
							<thumb />
						</item>
					</content>
                    		</control>
                    		<control type="wraplist" id="1905">
                			<autoscroll>true</autoscroll>
					<scrolltime tween="Linear">8400</scrolltime>
                    			<posy>504</posy>
	    				<posx>0</posx>
					<width>100%</width>
                   			<height>126</height>
					<enable>false</enable>
					<orientation>horizontal</orientation>
	    				<itemlayout width="1944" height="126">
						<control type="image">
	    						<posx>0</posx>
	                        			<bordersize>18</bordersize>
							<width>126</width>
							<height>126</height>
							<aspectratio>keep</aspectratio>
							<texture colordiffuse="highlight">shape/dim180/circle.png</texture>
						</control>
						<control type="image">
	    						<posx>126</posx>
	                        			<bordersize>18</bordersize>
							<width>396</width>
							<height>126</height>
							<aspectratio>keep</aspectratio>
							<texture colordiffuse="highlight">shape/dim180/longbean.png</texture>
						</control>
						<control type="image">
	    						<posx>522</posx>
	                        			<bordersize>18</bordersize>
							<width>126</width>
							<height>126</height>
							<aspectratio>keep</aspectratio>
							<texture colordiffuse="highlight">shape/dim180/circle.png</texture>
						</control>
						<control type="image">
	    						<posx>648</posx>
	                        			<bordersize>18</bordersize>
							<width>306</width>
							<height>126</height>
							<aspectratio>keep</aspectratio>
							<texture colordiffuse="highlight">shape/dim180/bean.png</texture>
						</control>
						<control type="image">
	    						<posx>954</posx>
	                        			<bordersize>18</bordersize>
							<width>126</width>
							<height>126</height>
							<aspectratio>keep</aspectratio>
							<texture colordiffuse="highlight">shape/dim180/circle.png</texture>
						</control>
						<control type="image">
	    						<posx>1080</posx>
	                        			<bordersize>18</bordersize>
							<width>216</width>
							<height>126</height>
							<aspectratio>keep</aspectratio>
							<texture colordiffuse="highlight">shape/dim180/pil.png</texture>
						</control>
						<control type="image">
	    						<posx>1296</posx>
	                        			<bordersize>18</bordersize>
							<width>126</width>
							<height>126</height>
							<aspectratio>keep</aspectratio>
							<texture colordiffuse="highlight">shape/dim180/circle.png</texture>
						</control>
						<control type="image">
	    						<posx>1422</posx>
	                        			<bordersize>18</bordersize>
							<width>396</width>
							<height>126</height>
							<aspectratio>keep</aspectratio>
							<texture colordiffuse="highlight">shape/dim180/longbean.png</texture>
						</control>
						<control type="image">
	    						<posx>1818</posx>
	                        			<bordersize>18</bordersize>
							<width>126</width>
							<height>126</height>
							<aspectratio>keep</aspectratio>
							<texture colordiffuse="highlight">shape/dim180/circle.png</texture>
						</control>
                			</itemlayout>
	    				<focusedlayout width="1944" height="126">
						<control type="image">
	    						<posx>0</posx>
	                        			<bordersize>18</bordersize>
							<width>126</width>
							<height>126</height>
							<aspectratio>keep</aspectratio>
							<texture colordiffuse="highlight">shape/dim180/circle.png</texture>
						</control>
						<control type="image">
	    						<posx>126</posx>
	                        			<bordersize>18</bordersize>
							<width>396</width>
							<height>126</height>
							<aspectratio>keep</aspectratio>
							<texture colordiffuse="highlight">shape/dim180/longbean.png</texture>
						</control>
						<control type="image">
	    						<posx>522</posx>
	                        			<bordersize>18</bordersize>
							<width>126</width>
							<height>126</height>
							<aspectratio>keep</aspectratio>
							<texture colordiffuse="highlight">shape/dim180/circle.png</texture>
						</control>
						<control type="image">
	    						<posx>648</posx>
	                        			<bordersize>18</bordersize>
							<width>306</width>
							<height>126</height>
							<aspectratio>keep</aspectratio>
							<texture colordiffuse="highlight">shape/dim180/bean.png</texture>
						</control>
						<control type="image">
	    						<posx>954</posx>
	                        			<bordersize>18</bordersize>
							<width>126</width>
							<height>126</height>
							<aspectratio>keep</aspectratio>
							<texture colordiffuse="highlight">shape/dim180/circle.png</texture>
						</control>
						<control type="image">
	    						<posx>1080</posx>
	                        			<bordersize>18</bordersize>
							<width>216</width>
							<height>126</height>
							<aspectratio>keep</aspectratio>
							<texture colordiffuse="highlight">shape/dim180/pil.png</texture>
						</control>
						<control type="image">
	    						<posx>1296</posx>
	                        			<bordersize>18</bordersize>
							<width>126</width>
							<height>126</height>
							<aspectratio>keep</aspectratio>
							<texture colordiffuse="highlight">shape/dim180/circle.png</texture>
						</control>
						<control type="image">
	    						<posx>1422</posx>
	                        			<bordersize>18</bordersize>
							<width>396</width>
							<height>126</height>
							<aspectratio>keep</aspectratio>
							<texture colordiffuse="highlight">shape/dim180/longbean.png</texture>
						</control>
						<control type="image">
	    						<posx>1818</posx>
	                        			<bordersize>18</bordersize>
							<width>126</width>
							<height>126</height>
							<aspectratio>keep</aspectratio>
							<texture colordiffuse="highlight">shape/dim180/circle.png</texture>
						</control>
                			</focusedlayout>
					<content>
						<item id="0">
							<thumb />
						</item>
						<item id="1">
							<thumb />
						</item>
						<item id="2">
							<thumb />
						</item>
					</content>
                    		</control>
                    		<control type="wraplist" id="1906">
					<animation type="Conditional" condition="true">
            					<effect type="rotate" start="0" end="180" center="auto" time="0"/>
					</animation>
                			<autoscroll>true</autoscroll>
					<scrolltime tween="Linear">6500</scrolltime>
                    			<posy>630</posy>
	    				<posx>0</posx>
					<width>100%</width>
                   			<height>126</height>
					<enable>false</enable>
					<orientation>horizontal</orientation>
	    				<itemlayout width="1944" height="126">
						<control type="image">
	    						<posx>0</posx>
	                        			<bordersize>18</bordersize>
							<width>126</width>
							<height>126</height>
							<aspectratio>keep</aspectratio>
							<texture colordiffuse="highlight">shape/dim180/circle.png</texture>
						</control>
						<control type="image">
	    						<posx>126</posx>
	                        			<bordersize>18</bordersize>
							<width>396</width>
							<height>126</height>
							<aspectratio>keep</aspectratio>
							<texture colordiffuse="highlight">shape/dim180/longbean.png</texture>
						</control>
						<control type="image">
	    						<posx>522</posx>
	                        			<bordersize>18</bordersize>
							<width>126</width>
							<height>126</height>
							<aspectratio>keep</aspectratio>
							<texture colordiffuse="highlight">shape/dim180/circle.png</texture>
						</control>
						<control type="image">
	    						<posx>648</posx>
	                        			<bordersize>18</bordersize>
							<width>306</width>
							<height>126</height>
							<aspectratio>keep</aspectratio>
							<texture colordiffuse="highlight">shape/dim180/bean.png</texture>
						</control>
						<control type="image">
	    						<posx>954</posx>
	                        			<bordersize>18</bordersize>
							<width>126</width>
							<height>126</height>
							<aspectratio>keep</aspectratio>
							<texture colordiffuse="highlight">shape/dim180/circle.png</texture>
						</control>
						<control type="image">
	    						<posx>1080</posx>
	                        			<bordersize>18</bordersize>
							<width>216</width>
							<height>126</height>
							<aspectratio>keep</aspectratio>
							<texture colordiffuse="highlight">shape/dim180/pil.png</texture>
						</control>
						<control type="image">
	    						<posx>1296</posx>
	                        			<bordersize>18</bordersize>
							<width>126</width>
							<height>126</height>
							<aspectratio>keep</aspectratio>
							<texture colordiffuse="highlight">shape/dim180/circle.png</texture>
						</control>
						<control type="image">
	    						<posx>1422</posx>
	                        			<bordersize>18</bordersize>
							<width>396</width>
							<height>126</height>
							<aspectratio>keep</aspectratio>
							<texture colordiffuse="highlight">shape/dim180/longbean.png</texture>
						</control>
						<control type="image">
	    						<posx>1818</posx>
	                        			<bordersize>18</bordersize>
							<width>126</width>
							<height>126</height>
							<aspectratio>keep</aspectratio>
							<texture colordiffuse="highlight">shape/dim180/circle.png</texture>
						</control>
                			</itemlayout>
	    				<focusedlayout width="1944" height="126">
						<control type="image">
	    						<posx>0</posx>
	                        			<bordersize>18</bordersize>
							<width>126</width>
							<height>126</height>
							<aspectratio>keep</aspectratio>
							<texture colordiffuse="highlight">shape/dim180/circle.png</texture>
						</control>
						<control type="image">
	    						<posx>126</posx>
	                        			<bordersize>18</bordersize>
							<width>396</width>
							<height>126</height>
							<aspectratio>keep</aspectratio>
							<texture colordiffuse="highlight">shape/dim180/longbean.png</texture>
						</control>
						<control type="image">
	    						<posx>522</posx>
	                        			<bordersize>18</bordersize>
							<width>126</width>
							<height>126</height>
							<aspectratio>keep</aspectratio>
							<texture colordiffuse="highlight">shape/dim180/circle.png</texture>
						</control>
						<control type="image">
	    						<posx>648</posx>
	                        			<bordersize>18</bordersize>
							<width>306</width>
							<height>126</height>
							<aspectratio>keep</aspectratio>
							<texture colordiffuse="highlight">shape/dim180/bean.png</texture>
						</control>
						<control type="image">
	    						<posx>954</posx>
	                        			<bordersize>18</bordersize>
							<width>126</width>
							<height>126</height>
							<aspectratio>keep</aspectratio>
							<texture colordiffuse="highlight">shape/dim180/circle.png</texture>
						</control>
						<control type="image">
	    						<posx>1080</posx>
	                        			<bordersize>18</bordersize>
							<width>216</width>
							<height>126</height>
							<aspectratio>keep</aspectratio>
							<texture colordiffuse="highlight">shape/dim180/pil.png</texture>
						</control>
						<control type="image">
	    						<posx>1296</posx>
	                        			<bordersize>18</bordersize>
							<width>126</width>
							<height>126</height>
							<aspectratio>keep</aspectratio>
							<texture colordiffuse="highlight">shape/dim180/circle.png</texture>
						</control>
						<control type="image">
	    						<posx>1422</posx>
	                        			<bordersize>18</bordersize>
							<width>396</width>
							<height>126</height>
							<aspectratio>keep</aspectratio>
							<texture colordiffuse="highlight">shape/dim180/longbean.png</texture>
						</control>
						<control type="image">
	    						<posx>1818</posx>
	                        			<bordersize>18</bordersize>
							<width>126</width>
							<height>126</height>
							<aspectratio>keep</aspectratio>
							<texture colordiffuse="highlight">shape/dim180/circle.png</texture>
						</control>
                			</focusedlayout>
					<content>
						<item id="0">
							<thumb />
						</item>
						<item id="1">
							<thumb />
						</item>
						<item id="2">
							<thumb />
						</item>
					</content>
                    		</control>
              	 	</control>
			                <control type="fadelabel">
                    			<posy>756</posy>
				                  <width>auto</width>
                       	    <height>180</height>
                        	    <font>Font144Regular</font>
                        	    <textcolor>highlight</textcolor>
                          	 <shadowcolor></shadowcolor>
				                  <label>$INFO[Player.Title] • $INFO[Player.Title] • $INFO[Player.Title] • $INFO[Player.Title] • $INFO[Player.Title] • $INFO[Player.Title] • $INFO[Player.Title] • $INFO[Player.Title] • $INFO[Player.Title] • $INFO[Player.Title]</label>
		                   </control>
			                <control type="fadelabel">
                    			<posy>900</posy>
				                  <width>auto</width>
                       	    <height>180</height>
                        	    <font>Font144Regular</font>
                        	    <textcolor>highlight</textcolor>
                          	 <shadowcolor></shadowcolor>
				                  <label>$INFO[MusicPlayer.Artist]$INFO[MusicPlayer.Album, • ,]$INFO[MusicPlayer.Genre, • ,]$INFO[MusicPlayer.Year, • ,]$INFO[MusicPlayer.Artist, • ,]$INFO[MusicPlayer.Album, • ,]$INFO[MusicPlayer.Genre, • ,]$INFO[MusicPlayer.Year]</label>
		                   </control>
					<control type="label">
						<right>324</right>
						<bottom>0</bottom>
						<width>480</width>
						<align>right</align>
                       	 			<height>144</height>
                        			<font>Font96Bold</font>
                        			<textcolor>FFFFFFFF</textcolor>
						<aligny>center</aligny>
                        			<shadowcolor></shadowcolor>
						<label>$INFO[Player.Time]</label>
					</control>
					<control type="label">
						<right>0</right>
                				<bottom>72</bottom>
						<width>324</width>
                       	 			<height>20</height>
                        			<font>Font72Bold</font>
                        			<textcolor>FFFFFFFF</textcolor>
						<aligny>center</aligny>
                        			<shadowcolor></shadowcolor>
						<label>$INFO[Player.Duration]</label>
					</control>
               	</control>




		<!--Preset Circular Blur-->
		<control type="group">
			<visible>Integer.IsEven(MusicPlayer.PlaylistPosition)</visible>
			<include>fadeInOutVisible</include>
			<control type="group">
				<control type="image">
   	 				<posx>-512</posx>
    					<posy>-512</posy>
    					<width>512</width>
    					<height>512</height>
    					<texture colordiffuse="sorotbright">masks/circularblur.png</texture>
					<animation type="Conditional" condition="true" loop="true">
            					<effect type="slide" start="0,0" end="512,512" tween="linear" time="2000"/>
            					<effect type="slide" end="2160,512" tween="linear" time="10000" delay="2000"/>
            					<effect type="slide" end="-2160,216" tween="linear" time="10000" delay="12000"/>
            					<effect type="slide" end="-512,720" tween="linear" time="2000" delay="22000"/>
					</animation>
				</control>
				<control type="image">
   	 				<posx>2880</posx>
    					<posy>-512</posy>
    					<width>512</width>
    					<height>512</height>
    					<texture colordiffuse="sorotdark">masks/circularblur.png</texture>
					<animation type="Conditional" condition="true" loop="true">
            					<effect type="slide" start="0,0" end="0,512" tween="linear" time="2000"/>
            					<effect type="slide" end="-512,1440" tween="linear" time="10000" delay="2000"/>
            					<effect type="slide" end="-720,-1440" tween="linear" time="10000" delay="12000"/>
            					<effect type="slide" end="-512,720" tween="linear" time="5000" delay="22000"/>
            					<effect type="slide" end="-512,720" tween="linear" time="5000" delay="27000"/>
            					<effect type="slide" end="-720,-1440" tween="linear" time="10000" delay="32000"/>
					</animation>
				</control>
				<control type="image">
   	 				<posx>-720</posx>
    					<posy>-720</posy>
    					<width>720</width>
    					<height>720</height>
    					<texture colordiffuse="sorotan">masks/circularblur.png</texture>
					<animation type="Conditional" condition="true" loop="true">
            					<effect type="slide" start="0,0" end="3360,2520" tween="linear" time="28000"/>
					</animation>
				</control>
				<control type="image">
   	 				<posx>1080</posx>
    					<posy>-512</posy>
    					<width>512</width>
    					<height>512</height>
    					<texture>masks/circularblur.png</texture>
					<animation type="Conditional" condition="true" loop="true">
            					<effect type="slide" start="0,0" end="-1220,2160" tween="linear" time="10000" delay="5000"/>
					</animation>
				</control>
				<control type="image">
   	 				<posx>540</posx>
    					<posy>-512</posy>
    					<width>512</width>
    					<height>512</height>
    					<texture colordiffuse="FFFF0000">masks/circularblur.png</texture>
					<animation type="Conditional" condition="true" loop="true">
            					<effect type="slide" start="0,0" end="720,2160" tween="linear" time="10000" delay="8000"/>
					</animation>
				</control>
				<control type="image">
   	 				<posx>360</posx>
    					<posy>1600</posy>
    					<width>512</width>
    					<height>512</height>
    					<texture colordiffuse="FF0000FF">masks/circularblur.png</texture>
					<animation type="Conditional" condition="true" loop="true">
            					<effect type="slide" start="0,0" end="540,-2160" tween="linear" time="10000" delay="0"/>
            					<effect type="slide" end="792,2160" tween="linear" time="10000" delay="10000"/>
					</animation>
				</control>
				<control type="image">
   	 				<posx>3360</posx>
    					<posy>1600</posy>
    					<width>512</width>
    					<height>512</height>
    					<texture colordiffuse="FF00FF00">masks/circularblur.png</texture>
					<animation type="Conditional" condition="true" loop="true">
            					<effect type="slide" start="0,0" end="-720,-512" tween="linear" time="7000"/>
            					<effect type="slide" end="-3880,-720" tween="linear" time="24000" delay="6800"/>
					</animation>
				</control>
				<control type="image">
   	 				<posx>-540</posx>
    					<posy>1080</posy>
    					<width>540</width>
    					<height>540</height>
    					<texture colordiffuse="FFFFFF00">masks/circularblur.png</texture>
					<animation type="Conditional" condition="true" loop="true">
            					<effect type="slide" start="0,0" end="720,-1540" tween="linear" time="3000"/>
            					<effect type="slide" end="2880,-2080" tween="linear" time="12000" delay="2800"/>
					</animation>
				</control>
				<control type="image">
   	 				<posx>2532</posx>
    					<posy>-612</posy>
    					<width>612</width>
    					<height>612</height>
    					<texture colordiffuse="FF00FFFF">masks/circularblur.png</texture>
					<animation type="Conditional" condition="true" loop="true">
            					<effect type="slide" start="0,0" end="-2280,1800" tween="linear" time="9800"/>
            					<effect type="slide" end="-2080,-2100" tween="linear" time="11000" delay="9600"/>
					</animation>
				</control>
				<control type="image">
   	 				<posx>100%</posx>
    					<posy>-612</posy>
    					<width>612</width>
    					<height>612</height>
    					<texture colordiffuse="FFFF00FF">masks/circularblur.png</texture>
					<animation type="Conditional" condition="true" loop="true">
            					<effect type="slide" start="0,0" end="-2440,1800" tween="linear" time="12000"/>
            					<effect type="slide" end="-1080,-3880" tween="linear" time="15000" delay="11900"/>
					</animation>
				</control>
				<control type="image">
   	 				<posx>0</posx>
    					<posy>-720</posy>
    					<width>720</width>
    					<height>720</height>
    					<texture>masks/circularblur.png</texture>
					<animation type="Conditional" condition="true" loop="true">
            					<effect type="slide" start="0,0" end="1440,1800" tween="linear" time="14000"/>
            					<effect type="slide" end="1080,-3880" tween="linear" time="16000" delay="13900"/>
					</animation>
				</control>
				<control type="image">
   	 				<posx>-540</posx>
    					<posy>0</posy>
    					<width>540</width>
    					<height>540</height>
    					<texture colordiffuse="FFFFA500">masks/circularblur.png</texture>
					<animation type="Conditional" condition="true" loop="true">
            					<effect type="slide" start="0,0" end="5400,1800" tween="linear" time="25000"/>
					</animation>
				</control>
				<control type="image">
   	 				<posx>-540</posx>
    					<posy>1600</posy>
    					<width>540</width>
    					<height>540</height>
    					<texture colordiffuse="FFFFC0CB">masks/circularblur.png</texture>
					<animation type="Conditional" condition="true" loop="true">
            					<effect type="slide" start="0,0" end="3200,-2520" tween="linear" time="17000"/>
					</animation>
				</control>
				<control type="image">
   	 				<posx>-540</posx>
    					<posy>540</posy>
    					<width>540</width>
    					<height>540</height>
    					<texture colordiffuse="FF800080">masks/circularblur.png</texture>
					<animation type="Conditional" condition="true" loop="true">
            					<effect type="slide" start="0,0" end="4800,1620" tween="linear" time="14000"/>
					</animation>
				</control>
				<control type="image">
   	 				<posx>1600</posx>
    					<posy>1600</posy>
    					<width>480</width>
    					<height>480</height>
    					<texture colordiffuse="FFA52A2A">masks/circularblur.png</texture>
					<animation type="Conditional" condition="true" loop="true">
            					<effect type="slide" start="0,0" end="-1080,-2520" tween="linear" time="15000"/>
					</animation>
				</control>
				<control type="image">
   	 				<right>0</right>
    					<posy>-612</posy>
    					<width>612</width>
    					<height>612</height>
    					<texture colordiffuse="overlay">masks/circularblur.png</texture>
					<animation type="Conditional" condition="true" loop="true">
            					<effect type="slide" start="0,0" end="-2280,1800" tween="linear" time="9800"/>
            					<effect type="slide" end="-2080,-2100" tween="linear" time="11000" delay="9600"/>
					</animation>
				</control>
              	 	</control>
               	</control>
	</include>

</includes>
