<?xml version="1.0" encoding="UTF-8" standalone="yes"?>
  <addon id="repo.limasky" name="LimaSky Repository" version="2.0.9" provider-name="Nao3Line">
    <extension point="xbmc.addon.repository" name="LimaSky Repository">
      <info>https://raw.githubusercontent.com/Nao3Line/repo.limasky/main/addons.xml</info>
      <checksum>https://raw.githubusercontent.com/Nao3Line/repo.limasky/main/addons.xml.md5</checksum>
      <datadir zip="true">https://raw.githubusercontent.com/Nao3Line/repo.limasky/main/</datadir>
    </extension>
    <extension point="xbmc.addon.metadata">
      <summary>Unofficial LimaSky TempEvo Skin Repository</summary>
      <description>Unofficial LimaSky TempEvo skin repo for Omega (Kodi 21)</description>
      <platform>all</platform>
      <assets>
        <icon>icon.png</icon>
        <fanart>fanart.jpg</fanart>
      </assets>
    </extension>
  </addon>
