<?xml version="1.0" encoding="UTF-8"?>
<includes>
	<!-- ContentList: DialogPVRChannelGuide, DialogPVRChannelManager, DialogPVRChannelsOSD, DialogPVRGroupManager, DialogPVRGuideSearch -->
	<include name="DialogPVRChannelGuide">
		<control type="group">
	    		<visible>Window.IsVisible(VideoFullScreen.xml) + !Window.IsVisible(fullscreeninfo)</visible>
			<!--page header-->
        		<include>StatusBarandTimeDisplay</include>
		</control>
        	<control type="group" id="9999">
			<depth>DepthOSD</depth>
			<left>64</left>
			<top>0</top>
			<width>720</width>
			<height>972</height>
			<animation type="windowopen">
            			<effect type="slide" start="0,-900" end="0,0" tween="cubic" easing="out" time="180"/>
			</animation>
			<animation type="windowclose">
            			<effect type="slide" start="0,0" end="0,-900" tween="cubic" easing="in" time="180"/>
			</animation>
			<include content="ModelDialogBottomRounded" condition="!window.isactive(fullscreenvideo)">
				<param name="modelkey_size" value="180" />
				<param name="modelkey_color" value="sorotdark" />
				<param name="dimensionkey_size" value="dim180" />
			</include>
			<control type="image">
				<left>0</left>
				<bottom>0</bottom>
				<width>648</width>
				<height>900</height>
				<texture>Pattern/FullPatternVer.png</texture>
				<aspectratio scalediffuse="false">scale</aspectratio>
				<colordiffuse>FFFFFFFF</colordiffuse>
			</control>
			<include content="ModelDialogBottomRounded">
				<param name="modelkey_size" value="180" />
				<param name="modelkey_color" value="CC000000" />
				<param name="dimensionkey_size" value="dim180" />
			</include>
			<control type="group">
				<left>0</left>
        			<control type="label" id="2">
					<animation type="windowopen">
            					<effect type="fade" start="0" end="100" delay="200" time="200"/>
        				</animation>
					<animation type="windowclose">
            					<effect type="fade" start="100" end="0" delay="0" time="100"/>
        				</animation>
                         		<description>TitleWindow</description>
					<posx>36</posx>
                         		<posy>72</posy>
                         		<font>Font42Bold</font>
                         		<width>auto</width>
                         		<height>72</height>
					<aligny>center</aligny>
                     			<textcolor>FFFFFFFF</textcolor>
					<label>$LOCALIZE[19069]</label>
             			</control>
        			<control type="label">
					<animation type="windowopen">
            					<effect type="fade" start="0" end="100" delay="200" time="200"/>
        				</animation>
					<animation type="windowclose">
            					<effect type="fade" start="100" end="0" delay="0" time="100"/>
        				</animation>
					<posx>36</posx>
                         		<posy>126</posy>
                         		<font>Font24Medium</font>
                         		<width>auto</width>
                         		<height>36</height>
					<aligny>center</aligny>
                     			<textcolor>FFFFFFFF</textcolor>
					<label>$INFO[Container(11).ListItem.StartDate]</label>
             			</control>
        			<control type="group">
					<animation type="windowopen">
            					<effect type="fade" start="0" end="100" delay="200" time="200"/>
        				</animation>
					<animation type="windowclose">
            					<effect type="fade" start="100" end="0" delay="0" time="100"/>
        				</animation>
					<bottom>1</bottom>
					<posx>18</posx>
                    			<width>504</width>
					<height>792</height>
					<control type="group" id="9001">
						<control type="panel" id="11">
                    					<posx>0</posx>
                    					<bottom>0</bottom>
                    					<width>648</width>
							<height>792</height>
							<onup>11</onup>
							<ondown>11</ondown>
							<onright>Control.SetFocus(9000)</onright>
							<scrolltime tween="cubic" easing="out">500</scrolltime>
							<itemlayout width="504" height="81">
								<control type="group">
									<height>72</height>
									<control type="group">
										<visible>ListItem.IsSelected</visible>
										<include content="ModelListHorizontalRounded">
											<param name="modelkey_size" value="72" />
											<param name="modelkey_color" value="overlay" />
											<param name="dimensionkey_size" value="dim72" />
										</include>
									</control>
        			                     			<control type="group">
										<right>18</right>
                            							<control type="label">
                                							<posx>18</posx>
                                							<posy>2</posy>
                                							<width>auto</width>
                                							<height>36</height>
                                							<aligny>center</aligny>
                                							<font>Font36Bold</font>
                                							<textcolor>80FFFFFF</textcolor>
											<selectedcolor>80000000</selectedcolor>
                                							<label>$INFO[ListItem.StartTime]</label>
                            							</control>
                            							<control type="label">
                                							<posx>18</posx>
                                							<posy>36</posy>
                                							<width>auto</width>
                                							<height>36</height>
                                							<aligny>center</aligny>
                                							<font>Font24Medium</font>
                                							<textcolor>textActive</textcolor>
											<selectedcolor>textActive</selectedcolor>
                                							<label>$VAR[ListItemLabelforPVR]</label>
                            							</control>
                            						</control>
                            					</control>
							</itemlayout>
							<focusedlayout width="504" height="81">
								<control type="group">
									<height>72</height>
									<control type="group">
										<visible>ListItem.IsSelected</visible>
										<include content="ModelListHorizontalRounded">
											<param name="modelkey_size" value="72" />
											<param name="modelkey_color" value="overlay" />
											<param name="dimensionkey_size" value="dim72" />
										</include>
									</control>
									<include content="ModelListHorizontalRounded">
										<param name="modelkey_size" value="72" />
										<param name="modelkey_color" value="sorotan" />
										<param name="dimensionkey_size" value="dim72" />
									</include>
        			                     			<control type="group">
										<right>18</right>
                            							<control type="label">
                                							<posx>18</posx>
                                							<posy>2</posy>
                                							<width>auto</width>
                                							<height>36</height>
                                							<aligny>center</aligny>
                                							<font>Font36Bold</font>
                                							<textcolor>80FFFFFF</textcolor>
											<selectedcolor>80000000</selectedcolor>
                                							<label>$INFO[ListItem.StartTime]</label>
                            							</control>
                            							<control type="label">
                                							<posx>18</posx>
                                							<posy>36</posy>
                                							<width>auto</width>
                                							<height>36</height>
                                							<aligny>center</aligny>
                                							<font>Font24Medium</font>
                                							<textcolor>textActive</textcolor>
											<selectedcolor>textActive</selectedcolor>
                                							<label>$VAR[ListItemLabelforPVR2]</label>
                            							</control>
                            						</control>
                            					</control>
							</focusedlayout>
						</control>
                    			</control>
            			</control>
				<control type="group">
					<animation type="windowopen">
            					<effect type="fade" start="0" end="100" delay="400" time="300"/>
        				</animation>
					<animation type="windowclose">
            					<effect type="fade" start="100" end="0" delay="0" time="100"/>
        				</animation>
					<right>0</right>
					<bottom>0</bottom>
					<width>180</width>
					<height>900</height>
					<include content="ModelListVerticalRounded">
						<param name="modelkey_size" value="180" />
						<param name="modelkey_color" value="40000000" />
						<param name="dimensionkey_size" value="dim180" />
					</include>
				</control>
            			<control type="grouplist" id="9000">
                			<description>control area</description>
					<right>18</right>
					<bottom>0</bottom>
					<width>162</width>
					<height>792</height>
					<onleft>Control.SetFocus(9001)</onleft>
							<control type="button" id="199">
								<description>cancel</description>
								<width>162</width>
								<font>Font20Bold</font>
	                					<height>54</height>
								<align>left</align>
                        					<label>$LOCALIZE[31610]</label>
							<texturefocus colordiffuse="sorotdark" border="8">shape/dim72/roundedright.png</texturefocus>
                                    <onclick>Close</onclick>
							</control>
            			</control>
			</control>
            	</control>
	</include>
	<include name="DialogPVRChannelManager">
        	<control type="group" id="9999">
           		<left>64</left>
			<right>64</right>
			<bottom>0</bottom>
			<height>936</height>
			<control type="group">
				<animation type="windowopen">
            				<effect type="slide" start="0,936" end="0,0" tween="cubic" easing="out" time="360"/>
				</animation>
				<animation type="windowclose">
            				<effect type="slide" start="0,0" end="0,936" tween="cubic" easing="out" time="360"/>
				</animation>
				<control type="group">
					<animation effect="fade" start="100" end="0" time="300" delay="0" condition="Player.hasMedia + !Player.Paused + [Window.isActive(VideoFullScreen.xml)]">Conditional</animation>
					<include content="ModelDialogTopRounded">
						<param name="modelkey_size" value="216" />
						<param name="modelkey_color" value="sorotbright" />
						<param name="dimensionkey_size" value="dim216" />
					</include>
				</control>
				<include content="ModelDialogTopRounded">
					<param name="modelkey_size" value="216" />
					<param name="modelkey_color" value="CC000000" />
					<param name="dimensionkey_size" value="dim216" />
				</include>
				<control type="group" id="9001">
                    			<left>36</left>
                    			<left>36</left>
        				<control type="label" id="2">
						<animation type="windowopen">
            						<effect type="fade" start="0" end="100" delay="200" time="200"/>
        					</animation>
						<animation type="windowclose">
            						<effect type="fade" start="100" end="0" delay="0" time="100"/>
        					</animation>
                         			<description>TitleWindow</description>
						<posx>0</posx>
                         			<posy>36</posy>
                         			<font>Font42Bold</font>
                         			<width>auto</width>
                         			<height>72</height>
						<aligny>center</aligny>
                     				<textcolor>FFFFFFFF</textcolor>
						<label>$LOCALIZE[19199]</label>
             				</control>
					<control type="group">
						<posx>0</posx>
						<bottom>0</bottom>
						<width>252</width>
						<height>828</height>
						<control type="label">
							<description>name label</description>
							<posx>0</posx>
							<posy>0</posy>
							<width>252</width>
							<height>36</height>
							<aligny>center</aligny>
							<font>Font24Medium</font>
							<textcolor>textActive</textcolor>
							<label>$LOCALIZE[19029]</label>
						</control>
						<control type="list" id="20">
							<posx>0</posx>
							<posy>48</posy>
							<width>468</width>
							<height>792</height>
							<onright>12</onright>
							<itemlayout height="72">
								<include content="ListLayoutSmallSize">
									<param name="size_height" value="72"/>
									<param name="dimensionkey_size" value="dim72"/>
									<param name="font_forlabel" value="Font22Medium"/>
									<param name="visible_details" value="true"/>
									<param name="control_label1" value="$INFO[ListItem.Property(Number),(,) - ]$INFO[ListItem.Property(Name)]"/>
									<param name="control_label2" value=""/>
								</include>
							</itemlayout>
							<focusedlayout height="72">
								<control type="group">
									<include condition="!Skin.HasSetting(NoAnimationInSkin)">FocusedItemFade</include>
									<include content="ModelListHorizontalRounded">
										<param name="modelkey_size" value="72" />
										<param name="modelkey_color" value="sorotan" />
										<param name="dimensionkey_size" value="dim72" />
									</include>
								</control>
								<include content="ListLayoutSmallSize">
									<param name="size_height" value="72"/>
									<param name="dimensionkey_size" value="dim72"/>
									<param name="font_forlabel" value="Font22Medium"/>
									<param name="visible_details" value="true"/>
									<param name="control_label1" value="$INFO[ListItem.Property(Number),(,) - ]$INFO[ListItem.Property(Name)]"/>
									<param name="control_label2" value=""/>
								</include>
							</focusedlayout>
						</control>
					</control>
					<control type="group">
						<left>486</left>
						<right>216</right>
						<bottom>0</bottom>
						<height>828</height>
						<control type="label" id="22">
							<description>name label</description>
							<posx>0</posx>
							<posy>0</posy>
							<height>36</height>
							<aligny>center</aligny>
							<font>Font24Medium</font>
							<textcolor>textActive</textcolor>
							<label></label>
						</control>
                				<control type="grouplist">
							<posx>0</posx>
							<posy>48</posy>
							<height>792</height>
							<itemgap>0</itemgap>
							<control type="radiobutton" id="7">
								<description>Channel activated</description>
								<width>100%</width>
								<height>72</height>
								<font>Font24Bold</font>
								<label>19074</label>
								<onleft>20</onleft>
								<onright>9000</onright>
								<ondown>8</ondown>
							</control>
							<control type="edit" id="8">
								<description>Channel name</description>
								<width>100%</width>
								<height>72</height>
								<font>Font24Bold</font>
								<align>left</align>
								<label>19201</label>
								<onleft>20</onleft>
								<onright>9000</onright>
								<onup>7</onup>
								<ondown>9</ondown>
							</control>
							<control type="button" id="9">
								<description>Channel logo Button</description>
								<width>100%</width>
								<height>72</height>
								<font>Font24Bold</font>
								<label>19202</label>
								<onleft>20</onleft>
								<onright>9000</onright>
								<onup>8</onup>
								<ondown>12</ondown>
							</control>
							<control type="radiobutton" id="12">
								<description>EPG activated</description>
								<width>100%</width>
								<height>72</height>
								<font>Font24Bold</font>
								<label>19206</label>
								<onleft>20</onleft>
								<onright>9000</onright>
								<onup>9</onup>
								<ondown>13</ondown>
							</control>
							<control type="spincontrolex" id="13">
								<description>EPG source</description>
								<width>100%</width>
								<height>72</height>
								<font>Font24Bold</font>
								<label>19200</label>
								<onleft>20</onleft>
								<onright>9000</onright>
								<onup>12</onup>
								<ondown>14</ondown>
							</control>
							<control type="radiobutton" id="14">
								<description>Parental locked</description>
								<width>100%</width>
								<height>72</height>
								<font>Font24Bold</font>
								<label>19267</label>
								<onleft>20</onleft>
								<onright>9000</onright>
								<onup>13</onup>
								<ondown>30</ondown>
							</control>
							<control type="button" id="30">
								<description>Group Manager Button</description>
								<width>100%</width>
								<height>72</height>
								<font>Font24Bold</font>
								<label>19205</label>
								<onleft>20</onleft>
								<onright>9000</onright>
								<onup>14</onup>
								<ondown>34</ondown>
							</control>
							<control type="button" id="31">
								<description>Edit channel Button</description>
								<width>100%</width>
								<height>72</height>
								<font>Font24Bold</font>
								<label>19203</label>
								<onleft>20</onleft>
								<onright>9000</onright>
								<onup>34</onup>
								<ondown>32</ondown>
							</control>
						</control>
					</control>
					<control type="group">
						<animation type="windowopen">
            						<effect type="fade" start="0" end="100" delay="0" time="300"/>
        					</animation>
						<animation type="windowclose">
            						<effect type="fade" start="100" end="0" delay="0" time="100"/>
        					</animation>
						<right>0</right>
						<bottom>0</bottom>
						<width>180</width>
						<height>936</height>
						<include content="ModelListVerticalRounded">
							<param name="modelkey_size" value="180" />
							<param name="modelkey_color" value="40000000" />
							<param name="dimensionkey_size" value="dim180" />
						</include>
					</control>
            				<control type="grouplist" id="9000">
                				<description>control area</description>
						<right>18</right>
						<bottom>0</bottom>
						<width>162</width>
						<height>828</height>
						<onleft>13</onleft>
                				<onup>9000</onup>
                				<ondown>9000</ondown>
						<control type="button" id="4">
							<description>OK</description>
							<width>162</width>
							<height>54</height>
							<font>Font20Bold</font>
							<textcolor>textActive</textcolor>
							<focusedcolor>textActive</focusedcolor>
							<textoffsetx>9</textoffsetx>
							<texturefocus colordiffuse="sorotdark" border="8">shape/dim72/roundedright.png</texturefocus>
							<label>$LOCALIZE[186]</label>
						</control>
						<control type="button" id="5">
							<description>Add Group</description>
							<width>162</width>
							<height>54</height>
							<font>Font20Bold</font>
							<textcolor>textActive</textcolor>
							<focusedcolor>textActive</focusedcolor>
							<textoffsetx>9</textoffsetx>							
							<texturefocus colordiffuse="sorotdark" border="8">shape/dim72/roundedright.png</texturefocus>
							<label>$LOCALIZE[14070]</label>
						</control>
						<control type="button" id="6">
							<description>Cancel</description>
							<width>162</width>
							<height>54</height>
							<font>Font20Bold</font>
							<textcolor>textActive</textcolor>
							<focusedcolor>textActive</focusedcolor>
							<textoffsetx>9</textoffsetx>
							<texturefocus colordiffuse="sorotdark" border="8">shape/dim72/roundedright.png</texturefocus>
							<label>$LOCALIZE[222]</label>
						</control>
            					<control type="image" id="11">
                					<description>Default Separator</description>
							<width>180</width>
	                     			  	<height>2</height>
                					<texture>colors/white.png</texture>
                					<colordiffuse>highlight</colordiffuse>
                					<aspectratio>stretch</aspectratio>
            					</control>
						<control type="togglebutton" id="34">
							<description>TV/Radio toggle</description>
							<width>162</width>
							<height>54</height>
							<font>Font20Bold</font>
							<textcolor>textActive</textcolor>
							<focusedcolor>textActive</focusedcolor>
							<textoffsetx>9</textoffsetx>
							<texturefocus colordiffuse="sorotdark" border="8">shape/dim72/roundedright.png</texturefocus>
							<label>$LOCALIZE[19174]</label>
							<altlabel>$LOCALIZE[19173]</altlabel>
							<usealttexture>!String.IsEmpty(Window.Property(IsRadio))</usealttexture>
						</control>
						<control type="label" id="20">
							<visible>false</visible>
							<description>Fake Label used to pass on name label</description>
						</control>
            				</control>
               			</control>
			</control>
		</control>
	</include>
	<include name="DialogPVRChannelsOSD">
        	<control type="group" id="9999">
			<depth>DepthOSD</depth>
			<left>0</left>
			<bottom>0</bottom>
			<width>612</width>
			<height>100%</height>
			<animation type="windowopen">
            			<effect type="slide" start="-900,0" end="0,0" tween="cubic" easing="out" time="180"/>
			</animation>
			<animation type="windowclose">
            			<effect type="slide" start="0,0" end="-900,0" tween="cubic" easing="in" time="180"/>
			</animation>
			<include content="ModelDialogRightRounded" condition="!window.isactive(fullscreenvideo)">
				<param name="modelkey_size" value="180" />
				<param name="modelkey_color" value="sorotdark" />
				<param name="dimensionkey_size" value="dim180" />
			</include>
			<include content="ModelDialogRightRounded">
				<param name="modelkey_size" value="180" />
				<param name="modelkey_color" value="CC000000" />
				<param name="dimensionkey_size" value="dim180" />
			</include>
			<control type="group">
				<left>0</left>
							<control type="button" id="199">
								<description>cancel</description>
					<posx>64</posx>
                         		<posy>0</posy>
								<width>auto</width>
								<font>Font20Bold</font>
	                					<height>36</height>
								<align>left</align>
                        					<label>$LOCALIZE[31610]</label>
							<texturenofocus colordiffuse="80000000" border="8">shape/dim72/roundedbottom.png</texturenofocus>
							<texturefocus colordiffuse="sorotdark" border="8">shape/dim72/roundedbottom.png</texturefocus>
                                    <onclick>Close</onclick>
							</control>
        			<control type="label" id="2">
					<animation type="windowopen">
            					<effect type="fade" start="0" end="100" delay="200" time="200"/>
        				</animation>
					<animation type="windowclose">
            					<effect type="fade" start="100" end="0" delay="0" time="100"/>
        				</animation>
                         		<description>TitleWindow</description>
					<posx>64</posx>
                         		<posy>54</posy>
                         		<font>Font54Bold</font>
                         		<width>auto</width>
                         		<height>72</height>
					<aligny>center</aligny>
                     			<textcolor>FFFFFFFF</textcolor>
					<label>$LOCALIZE[19019]</label>
             			</control>
        			<control type="label">
					<animation type="windowopen">
            					<effect type="fade" start="0" end="100" delay="200" time="200"/>
        				</animation>
					<animation type="windowclose">
            					<effect type="fade" start="100" end="0" delay="0" time="100"/>
        				</animation>
					<posx>64</posx>
                         		<posy>126</posy>
                         		<font>Font32Medium</font>
                         		<width>auto</width>
                         		<height>36</height>
					<aligny>center</aligny>
                     			<textcolor>FFFFFFFF</textcolor>
					<label>$INFO[VideoPlayer.ChannelGroup]</label>
             			</control>
        			<control type="group">
					<animation type="windowopen">
            					<effect type="fade" start="0" end="100" delay="200" time="200"/>
        				</animation>
					<animation type="windowclose">
            					<effect type="fade" start="100" end="0" delay="0" time="100"/>
        				</animation>
					<bottom>1</bottom>
					<posx>0</posx>
                    			<width>504</width>
					<height>864</height>
					<control type="group" id="9001">
						<control type="panel" id="11">
                    					<posx>64</posx>
                    					<bottom>0</bottom>
                    					<width>504</width>
							<height>864</height>
							<onup>11</onup>
							<ondown>11</ondown>
							<onright>Control.SetFocus(9000)</onright>
							<scrolltime tween="cubic" easing="out">500</scrolltime>
							<itemlayout width="504" height="99">
								<control type="group">
									<height>90</height>
									<control type="group">
										<visible>ListItem.IsSelected</visible>
										<include content="ModelListHorizontalRounded">
											<param name="modelkey_size" value="90" />
											<param name="modelkey_color" value="overlay" />
											<param name="dimensionkey_size" value="dim90" />
										</include>
									</control>
        			                      			 <control type="group">
			                               				<right>18</right>
                            							<control type="label">
                                							<posx>18</posx>
                                							<posy>9</posy>
                                							<width>auto</width>
                                							<height>36</height>
                                							<aligny>center</aligny>
                                							<font>Font28Bold</font>
                                							<textcolor>textActive</textcolor>
									                <selectedcolor>textActive</selectedcolor>
                                							<label>$INFO[ListItem.ChannelNumberLabel,,. ]$INFO[ListItem.Label]</label>
                            							</control>
                            							<control type="label">
                                							<posx>18</posx>
                                							<posy>42</posy>
                                							<width>auto</width>
                                							<height>32</height>
                                							<aligny>center</aligny>
                                							<font>Font24Medium</font>
                                							<textcolor>80FFFFFF</textcolor>
									                <selectedcolor>80000000</selectedcolor>
                                							<label>$INFO[ListItem.StartTime,, ]$INFO[ListItem.EndTime,- , | ]$INFO[ListItem.Title]</label>
                            							</control>
                            						</control>
                            					</control>
							</itemlayout>
							<focusedlayout width="504" height="99">
								<control type="group">
									<height>90</height>
									<control type="group">
										<visible>ListItem.IsSelected</visible>
										<include content="ModelListHorizontalRounded">
											<param name="modelkey_size" value="90" />
											<param name="modelkey_color" value="overlay" />
											<param name="dimensionkey_size" value="dim90" />
										</include>
									</control>
									<include content="ModelListHorizontalRounded">
										<param name="modelkey_size" value="90" />
										<param name="modelkey_color" value="sorotan" />
										<param name="dimensionkey_size" value="dim90" />
									</include>
        			                      			 <control type="group">
			                               				<right>18</right>
                            							<control type="label">
                                							<posx>18</posx>
                                							<posy>9</posy>
                                							<width>auto</width>
                                							<height>36</height>
                                							<aligny>center</aligny>
                                							<font>Font28Bold</font>
                                							<textcolor>textActive</textcolor>
									                <selectedcolor>textActive</selectedcolor>
                                							<label>$INFO[ListItem.ChannelNumberLabel,,. ]$INFO[ListItem.Label]</label>
                            							</control>
                            							<control type="label">
                                							<posx>18</posx>
                                							<posy>42</posy>
                                							<width>auto</width>
                                							<height>32</height>
                                							<aligny>center</aligny>
                                							<font>Font24Medium</font>
                                							<textcolor>80FFFFFF</textcolor>
									                <selectedcolor>80000000</selectedcolor>
                                							<label>$INFO[ListItem.StartTime,, ]$INFO[ListItem.EndTime,- , | ]$INFO[ListItem.Title]</label>
                            							</control>
                            						</control>
                            					</control>
							</focusedlayout>
						</control>
                    			</control>
            			</control>
			</control>
            	</control>
	</include>
	<include name="DialogPVRGroupManager">
        	<control type="group" id="9999">
           		<left>64</left>
			<right>64</right>
			<bottom>0</bottom>
			<height>936</height>
			<control type="group">
				<animation type="windowopen">
            				<effect type="slide" start="0,936" end="0,0" tween="cubic" easing="out" time="360"/>
				</animation>
				<animation type="windowclose">
            				<effect type="slide" start="0,0" end="0,936" tween="cubic" easing="out" time="360"/>
				</animation>
				<control type="group">
					<animation effect="fade" start="100" end="0" time="300" delay="0" condition="Player.hasMedia + !Player.Paused + [Window.isActive(VideoFullScreen.xml)]">Conditional</animation>
					<include content="ModelDialogTopRounded">
						<param name="modelkey_size" value="216" />
						<param name="modelkey_color" value="sorotbright" />
						<param name="dimensionkey_size" value="dim216" />
					</include>
				</control>
				<include content="ModelDialogTopRounded">
					<param name="modelkey_size" value="216" />
					<param name="modelkey_color" value="CC000000" />
					<param name="dimensionkey_size" value="dim216" />
				</include>
				<control type="group" id="9001">
                    			<left>36</left>
                    			<left>36</left>
        				<control type="label" id="2">
						<animation type="windowopen">
            						<effect type="fade" start="0" end="100" delay="200" time="200"/>
        					</animation>
						<animation type="windowclose">
            						<effect type="fade" start="100" end="0" delay="0" time="100"/>
        					</animation>
                         			<description>TitleWindow</description>
						<posx>0</posx>
                         			<posy>36</posy>
                         			<font>Font42Bold</font>
                         			<width>auto</width>
                         			<height>72</height>
						<aligny>center</aligny>
                     				<textcolor>FFFFFFFF</textcolor>
						<label>$LOCALIZE[19048]</label>
             				</control>
					<control type="group">
						<posx>0</posx>
						<bottom>0</bottom>
						<width>252</width>
						<height>828</height>
						<control type="label">
							<description>name label</description>
							<posx>0</posx>
							<posy>0</posy>
							<width>252</width>
							<height>36</height>
							<aligny>center</aligny>
							<font>Font24Medium</font>
							<textcolor>textActive</textcolor>
							<label>$LOCALIZE[19141]</label>
						</control>
						<control type="list" id="13">
							<posx>0</posx>
							<posy>48</posy>
							<width>252</width>
							<height>792</height>
							<onright>12</onright>
							<itemlayout height="72" width="252">
								<control type="label">
									<posx>18</posx>
									<posy>2</posy>
									<width>288</width>
									<height>72</height>
									<aligny>center</aligny>
									<font>Font24Medium</font>
									<textcolor>textActive</textcolor>
									<label>$INFO[ListItem.label]</label>
									<shadowcolor></shadowcolor>
								</control>
							</itemlayout>
							<focusedlayout height="72" width="252">
								<control type="group">
									<include condition="!Skin.HasSetting(NoAnimationInSkin)">FocusedItemFade</include>
									<include content="ModelListHorizontalRounded">
										<param name="modelkey_size" value="72" />
										<param name="modelkey_color" value="sorotan" />
										<param name="dimensionkey_size" value="dim72" />
									</include>
								</control>
								<control type="label">
									<posx>18</posx>
									<posy>2</posy>
									<width>288</width>
									<height>72</height>
									<aligny>center</aligny>
									<font>Font24Medium</font>
									<textcolor>textActive</textcolor>
									<label>$INFO[ListItem.label]</label>
									<shadowcolor></shadowcolor>
								</control>
							</focusedlayout>
						</control>
					</control>
					<control type="group">
						<left>288</left>
						<right>702</right>
						<bottom>0</bottom>
						<height>828</height>
						<control type="label" id="22">
							<description>name label</description>
							<posx>0</posx>
							<posy>0</posy>
							<height>36</height>
							<aligny>center</aligny>
							<font>Font24Medium</font>
							<textcolor>textActive</textcolor>
							<label></label>
						</control>
						<control type="list" id="12">
							<posx>0</posx>
							<posy>48</posy>
							<height>792</height>
							<onleft>13</onleft>
							<onright>11</onright>
							<itemlayout height="72">
								<include content="ListLayoutSmallSize">
									<param name="size_height" value="72"/>
									<param name="dimensionkey_size" value="dim72"/>
									<param name="font_forlabel" value="Font22Medium"/>
									<param name="visible_details" value="true"/>
									<param name="control_label1" value="$INFO[ListItem.ChannelNumberLabel,(,) - ]$INFO[ListItem.ChannelName]"/>
									<param name="control_label2" value=""/>
								</include>
							</itemlayout>
							<focusedlayout height="72">
								<control type="group">
									<include condition="!Skin.HasSetting(NoAnimationInSkin)">FocusedItemFade</include>
									<include content="ModelListHorizontalRounded">
										<param name="modelkey_size" value="72" />
										<param name="modelkey_color" value="sorotan" />
										<param name="dimensionkey_size" value="dim72" />
									</include>
								</control>
								<include content="ListLayoutSmallSize">
									<param name="size_height" value="72"/>
									<param name="dimensionkey_size" value="dim72"/>
									<param name="font_forlabel" value="Font22Medium"/>
									<param name="visible_details" value="true"/>
									<param name="control_label1" value="$INFO[ListItem.ChannelNumberLabel,(,) - ]$INFO[ListItem.ChannelName]"/>
									<param name="control_label2" value=""/>
								</include>
							</focusedlayout>
						</control>
					</control>
					<control type="group">
						<right>216</right>
						<bottom>0</bottom>
						<width>468</width>
						<height>828</height>
						<control type="label" id="21">
							<description>name label</description>
							<posx>0</posx>
							<posy>0</posy>
							<height>36</height>
							<aligny>center</aligny>
							<font>Font24Medium</font>
							<textcolor>textActive</textcolor>
							<label></label>
						</control>
						<control type="list" id="11">
							<posx>0</posx>
							<posy>48</posy>
							<height>792</height>
							<onleft>12</onleft>
							<onright>9000</onright>
							<itemlayout height="72">
								<include content="ListLayoutSmallSize">
									<param name="size_height" value="72"/>
									<param name="dimensionkey_size" value="dim72"/>
									<param name="font_forlabel" value="Font22Medium"/>
									<param name="visible_details" value="true"/>
									<param name="control_label1" value="$INFO[ListItem.ChannelNumberLabel,(,) - ]$INFO[ListItem.ChannelName]"/>
									<param name="control_label2" value=""/>
								</include>
							</itemlayout>
							<focusedlayout height="72">
								<control type="group">
									<include condition="!Skin.HasSetting(NoAnimationInSkin)">FocusedItemFade</include>
									<include content="ModelListHorizontalRounded">
										<param name="modelkey_size" value="72" />
										<param name="modelkey_color" value="sorotan" />
										<param name="dimensionkey_size" value="dim72" />
									</include>
								</control>
								<include content="ListLayoutSmallSize">
									<param name="size_height" value="72"/>
									<param name="dimensionkey_size" value="dim72"/>
									<param name="font_forlabel" value="Font22Medium"/>
									<param name="visible_details" value="true"/>
									<param name="control_label1" value="$INFO[ListItem.ChannelNumberLabel,(,) - ]$INFO[ListItem.ChannelName]"/>
									<param name="control_label2" value=""/>
								</include>
							</focusedlayout>
						</control>
					</control>
					<control type="group">
						<animation type="windowopen">
            						<effect type="fade" start="0" end="100" delay="0" time="300"/>
        					</animation>
						<animation type="windowclose">
            						<effect type="fade" start="100" end="0" delay="0" time="100"/>
        					</animation>
						<right>0</right>
						<bottom>0</bottom>
						<width>180</width>
						<height>936</height>
						<include content="ModelListVerticalRounded">
							<param name="modelkey_size" value="180" />
							<param name="modelkey_color" value="40000000" />
							<param name="dimensionkey_size" value="dim180" />
						</include>
					</control>
            				<control type="grouplist" id="9000">
                				<description>control area</description>
						<right>18</right>
						<bottom>0</bottom>
						<width>162</width>
						<height>828</height>
						<onleft>13</onleft>
                				<onup>9000</onup>
                				<ondown>9000</ondown>
						<control type="button" id="29">
							<description>OK</description>
							<width>162</width>
							<height>54</height>
							<font>Font20Bold</font>
							<textcolor>textActive</textcolor>
							<focusedcolor>textActive</focusedcolor>
							<textoffsetx>9</textoffsetx>
							<texturefocus colordiffuse="sorotdark" border="8">shape/dim72/roundedright.png</texturefocus>
							<label>$LOCALIZE[186]</label>
						</control>
						<control type="button" id="26">
							<description>Add Group</description>
							<width>162</width>
							<height>54</height>
							<font>Font20Bold</font>
							<textcolor>textActive</textcolor>
							<focusedcolor>textActive</focusedcolor>
							<textoffsetx>9</textoffsetx>
							<texturefocus colordiffuse="sorotdark" border="8">shape/dim72/roundedright.png</texturefocus>
							<label>$LOCALIZE[31617]</label>
						</control>
						<control type="button" id="27">
							<description>Rename Group</description>
							<width>162</width>
							<height>54</height>
							<font>Font20Bold</font>
							<textcolor>textActive</textcolor>
							<focusedcolor>textActive</focusedcolor>
							<textoffsetx>9</textoffsetx>
							<texturefocus colordiffuse="sorotdark" border="8">shape/dim72/roundedright.png</texturefocus>
							<label>$LOCALIZE[31618]</label>
						</control>
						<control type="radiobutton" id="25">
							<description>Hide Group</description>
							<width>162</width>
							<height>54</height>
							<font>Font20Bold</font>
							<textcolor>textActive</textcolor>
							<focusedcolor>textActive</focusedcolor>
							<textoffsetx>9</textoffsetx>
							<texturefocus colordiffuse="sorotdark" border="8">shape/dim72/roundedright.png</texturefocus>
							<label>$LOCALIZE[19289]</label>
						</control>
						<control type="button" id="28">
							<description>Delete Group</description>
							<width>162</width>
							<height>54</height>
							<font>Font20Bold</font>
							<textcolor>textActive</textcolor>
							<focusedcolor>textActive</focusedcolor>
							<textoffsetx>9</textoffsetx>
							<texturefocus colordiffuse="sorotdark" border="8">shape/dim72/roundedright.png</texturefocus>
							<label>$LOCALIZE[31619]</label>
						</control>
						<control type="button" id="35">
							<description>Regenerate Group Thumbnail</description>
							<width>162</width>
							<height>54</height>
							<font>Font20Bold</font>
							<textcolor>textActive</textcolor>
							<focusedcolor>textActive</focusedcolor>
							<textoffsetx>9</textoffsetx>
							<texturefocus colordiffuse="sorotdark" border="8">shape/dim72/roundedright.png</texturefocus>
							<label>$LOCALIZE[13315]</label>
						</control>
            					<control type="image" id="11">
                					<description>Default Separator</description>
							<width>180</width>
	                     			  	<height>2</height>
                					<texture>colors/white.png</texture>
                					<colordiffuse>highlight</colordiffuse>
                					<aspectratio>stretch</aspectratio>
            					</control>
						<control type="togglebutton" id="34">
							<description>TV/Radio toggle</description>
							<width>162</width>
							<height>54</height>
							<font>Font20Bold</font>
							<textcolor>textActive</textcolor>
							<focusedcolor>textActive</focusedcolor>
							<textoffsetx>9</textoffsetx>
							<texturefocus colordiffuse="sorotdark" border="8">shape/dim72/roundedright.png</texturefocus>
							<label>$LOCALIZE[19174]</label>
							<altlabel>$LOCALIZE[19173]</altlabel>
							<usealttexture>!String.IsEmpty(Window.Property(IsRadio))</usealttexture>
						</control>
						<control type="label" id="20">
							<visible>false</visible>
							<description>Fake Label used to pass on name label</description>
						</control>
            				</control>
               			</control>
			</control>
		</control>
	</include>
	<include name="DialogPVRGuideSearch">
        	<control type="group" id="9999">
			<animation effect="Slide" start="0,0" end="-504,0" tween="cubic" easing="out" time="180" delay="0" condition="Window.IsActive(selectdialog)">Conditional</animation>
			<animation effect="Slide" start="0,900" end="0,0" tween="cubic" easing="out" time="180" delay="600" condition="![Window.IsActive(filebrowser) | Window.IsActive(sliderdialog) | Window.IsActive(subtitlesearch) | Window.IsActive(filebrowser)]">Conditional</animation>
			<animation effect="Slide" start="0,0" end="-396,0" tween="cubic" easing="out" time="180" delay="0" condition="Window.IsActive(selectdialog)">Conditional</animation>
           		<left>64</left>
			<right>64</right>
			<bottom>0</bottom>
			<height>936</height>
			<control type="group">
				<animation type="windowopen">
            				<effect type="slide" start="0,936" end="0,0" tween="cubic" easing="out" time="360"/>
				</animation>
				<animation type="windowclose">
            				<effect type="slide" start="0,0" end="0,936" tween="cubic" easing="out" time="360"/>
				</animation>
				<control type="group">
					<animation effect="fade" start="100" end="0" time="300" delay="0" condition="Player.hasMedia + !Player.Paused + [Window.isActive(VideoFullScreen.xml)]">Conditional</animation>
					<include content="ModelDialogTopRounded">
						<param name="modelkey_size" value="216" />
						<param name="modelkey_color" value="sorotbright" />
						<param name="dimensionkey_size" value="dim216" />
					</include>
				</control>
				<include content="ModelDialogTopRounded">
					<param name="modelkey_size" value="216" />
					<param name="modelkey_color" value="CC000000" />
					<param name="dimensionkey_size" value="dim216" />
				</include>
				<control type="group" id="9001">
                    			<left>36</left>
                    			<left>36</left>
        				<control type="label" id="2">
						<animation type="windowopen">
            						<effect type="fade" start="0" end="100" delay="200" time="200"/>
        					</animation>
						<animation type="windowclose">
            						<effect type="fade" start="100" end="0" delay="0" time="100"/>
        					</animation>
                         			<description>TitleWindow</description>
						<posx>0</posx>
                         			<posy>36</posy>
                         			<font>Font42Bold</font>
                         			<width>auto</width>
                         			<height>72</height>
						<aligny>center</aligny>
                     				<textcolor>FFFFFFFF</textcolor>
						<label>$LOCALIZE[19142]</label>
             				</control>
							<control type="edit" id="9">
								<left>0</left>
								<top>108</top>
								<width>720</width>
								<height>72</height>
								<textoffsetx>24</textoffsetx>
								<hinttext>$LOCALIZE[137]...</hinttext>
								<onleft>noop</onleft>
								<onright>9000</onright>
								<onup>noop</onup>
								<ondown>10</ondown>
						</control>
					<control type="group">
						<right>288</right>
						<bottom>1</bottom>
						<height>720</height>
					<control type="grouplist" id="5000">
						<animation type="windowopen">
            						<effect type="fade" start="0" end="100" delay="300" time="300"/>
        					</animation>
						<animation type="windowclose">
            						<effect type="fade" start="100" end="0" delay="0" time="100"/>
        					</animation>
						<left>0</left>
						<width>702</width>
	                       	<height>720</height>
						<onleft>noop</onleft>
						<onright>noop</onright>
						<onup>noop</onup>
						<ondown>noop</ondown>
						<scrolltime tween="cubic" easing="out">500</scrolltime>
				<control type="radiobutton" id="10">
					<description>Include Description</description>
					<width>702</width>
					<onright>12</onright>
					<label>$LOCALIZE[19134]</label>
				</control>
				<control type="radiobutton" id="11">
					<description>Case Sensitive</description>
					<width>702</width>
					<onright>13</onright>
					<label>$LOCALIZE[19135]</label>
				</control>
				<control type="edit" id="14">
					<description>Start Date</description>
					<width>702</width>
					<font>Font24Bold</font>
					<align>left</align>
					<onright>15</onright>
					<label>$LOCALIZE[19128]</label>
				</control>
				<control type="radiobutton" id="32">
					<description>Start any time</description>
					<width>702</width>
					<onright>33</onright>
					<label>$LOCALIZE[810]</label>
				</control>
				<control type="edit" id="16">
					<description>Start time</description>
					<width>702</width>
					<font>Font24Bold</font>
					<align>left</align>
					<onright>17</onright>
					<label>$LOCALIZE[19126]</label>
				</control>
				<control type="radiobutton" id="30">
					<description>Ignore finished broadcasts</description>
					<width>702</width>
					<onright>31</onright>
					<label>$LOCALIZE[19339]</label>
				</control>
				<control type="spincontrolex" id="18">
					<description>Genre</description>
					<width>702</width>
					<onright>19</onright>
					<label>$LOCALIZE[515]</label>
				</control>
				<control type="radiobutton" id="20">
					<description>Include unknown Genres</description>
					<width>702</width>
					<onright>21</onright>
					<label>$LOCALIZE[19132]</label>
				</control>
				<control type="radiobutton" id="22">
					<description>FTA only</description>
					<width>702</width>
					<onright>23</onright>
					<label>$LOCALIZE[19123]</label>
				</control>
				<control type="radiobutton" id="24">
					<description>Ignore Timers</description>
					<width>702</width>
					<onright>27</onright>
					<label>$LOCALIZE[19124]</label>
				</control>
					</control>
            				<control type="grouplist" id="6000">
						<animation type="windowopen">
            						<effect type="fade" start="0" end="100" delay="300" time="300"/>
        					</animation>
						<animation type="windowclose">
            						<effect type="fade" start="100" end="0" delay="0" time="100"/>
        					</animation>
                				<description>control area</description>
						<left>720</left>
						<height>720</height>
						<onright>9000</onright>
						<onleft>noop</onleft>
						<scrolltime tween="cubic" easing="out">500</scrolltime>
				<control type="spincontrolex" id="12">
					<description>Min Duration</description>
					<width>710</width>
					<onleft>10</onleft>
					<label>$LOCALIZE[19130]</label>
				</control>
				<control type="spincontrolex" id="13">
					<description>Max Duration</description>
					<width>710</width>
					<onleft>11</onleft>
					<label>$LOCALIZE[19131]</label>
				</control>
				<control type="edit" id="15">
					<description>Stop Date</description>
					<width>710</width>
					<font>Font24Bold</font>
					<align>left</align>
					<onleft>14</onleft>
					<label>$LOCALIZE[19129]</label>
				</control>
				<control type="radiobutton" id="33">
					<description>End any time</description>
					<width>710</width>
					<onleft>32</onleft>
					<label>$LOCALIZE[817]</label>
				</control>
				<control type="edit" id="17">
					<description>Stop time</description>
					<width>710</width>
					<font>Font24Bold</font>
					<align>left</align>
					<onleft>16</onleft>
					<label>$LOCALIZE[19127]</label>
				</control>
				<control type="radiobutton" id="31">
					<description>Ignore future broadcasts</description>
					<width>710</width>
					<onleft>30</onleft>
					<label>$LOCALIZE[19340]</label>
				</control>
				<control type="radiobutton" id="19">
					<description>avoid repeats</description>
					<width>710</width>
					<onleft>18</onleft>
					<label>$LOCALIZE[19121]</label>
				</control>
				<control type="spincontrolex" id="21">
					<description>Groups</description>
					<width>710</width>
					<onleft>20</onleft>
					<label>$LOCALIZE[19141]</label>
				</control>
				<control type="spincontrolex" id="23">
					<description>Channels</description>
					<width>710</width>
					<onleft>22</onleft>
					<label>$LOCALIZE[19148]</label>
				</control>
				<control type="radiobutton" id="27">
					<description>Ignore Recordings</description>
					<width>710</width>
					<onleft>24</onleft>
					<label>$LOCALIZE[19125]</label>
				</control>
            				</control>
            				</control>
				<control type="group">
						<animation type="windowopen">
            						<effect type="fade" start="0" end="100" delay="400" time="300"/>
        					</animation>
						<animation type="windowclose">
            						<effect type="fade" start="100" end="0" delay="0" time="100"/>
        					</animation>
						<right>0</right>
						<bottom>0</bottom>
						<width>252</width>
						<height>936</height>
			<include content="ModelDialogTopRightRounded">
				<param name="modelkey_size" value="216" />
				<param name="modelkey_color" value="80000000" />
				<param name="dimensionkey_size" value="dim216" />
			</include>
			</control>
            				<control type="grouplist" id="9000">
						<animation type="windowopen">
            						<effect type="fade" start="0" end="100" delay="400" time="300"/>
        					</animation>
						<animation type="windowclose">
            						<effect type="fade" start="100" end="0" delay="0" time="100"/>
        					</animation>
                				<description>control area</description>
						<right>36</right>
						<bottom>54</bottom>
						<width>216</width>
						<height>612</height>
						<align>right</align>
						<onleft>6000</onleft>
                				<onup>9000</onup>
                				<ondown>9000</ondown>
							<control type="textbox">
								<description>Search help</description>
								<left>0</left>
								<width>216</width>
								<height>auto</height>
								<font>Font24Medium</font>
								<label>$LOCALIZE[19001] $LOCALIZE[19002]</label>
							</control>
						<control type="button" id="26">
							<width>216</width>
							<font>Font22Bold</font>
	                				<height>54</height>
							<align>left</align>
                        	<label>$LOCALIZE[137]</label>
							<texturefocus colordiffuse="sorotdark" border="8">shape/dim72/roundedright.png</texturefocus>
						</control>
						<control type="button" id="28">
							<width>216</width>
							<font>Font22Bold</font>
	                				<height>54</height>
							<align>left</align>
                        	<label>$LOCALIZE[13007]</label>
							<texturefocus colordiffuse="sorotdark" border="8">shape/dim72/roundedright.png</texturefocus>
						</control>
						<control type="button" id="29">
							<width>216</width>
							<font>Font22Bold</font>
	                				<height>54</height>
							<align>left</align>
                        	<label>$LOCALIZE[190]</label>
							<texturefocus colordiffuse="sorotdark" border="8">shape/dim72/roundedright.png</texturefocus>
						</control>
						<control type="button" id="25">
							<width>216</width>
							<font>Font22Bold</font>
	                				<height>54</height>
							<align>left</align>
                        		<label>$LOCALIZE[222]</label>
							<texturefocus colordiffuse="sorotdark" border="8">shape/dim72/roundedright.png</texturefocus>
						</control>
            				</control>
               			</control>
			</control>
		</control>
	</include>
</includes>