<?xml version="1.0" encoding="UTF-8"?>
<includes>
    <include name="SkinSettingAdvance">
        <definition>
            <control type="group">
                <visible>Skin.HasSetting(aspectratiowallpaperkeep)</visible>
                <include>fadeInOutVisible</include>
                <width>$PARAM[modelkey_width]</width>
                <height>$PARAM[modelkey_height]</height>
                <control type="image">
                    <posx>0</posx>
                    <posy>0</posy>
                    <width>$PARAM[modelkey_width]</width>
                    <height>$PARAM[modelkey_height]</height>
                    <aspectratio>stretch</aspectratio>
                    <texture>$PARAM[modelpreview_scrapres]</texture>
                    <bordersize>0</bordersize>
                    <colordiffuse>FF000000</colordiffuse>
                </control>
                <control type="image">
                    <visible>Skin.HasSetting(SolidColorSetting)</visible>
                    <include>fadeInOutVisible</include>
                    <posx>0</posx>
                    <posy>0</posy>
                    <width>$PARAM[modelkey_width]</width>
                    <height>$PARAM[modelkey_height]</height>
                    <aspectratio>stretch</aspectratio>
                    <texture>$PARAM[modelpreview_scrapres]</texture>
                    <bordersize>9</bordersize>
                    <colordiffuse>$INFO[Skin.String(SolidColorPicked)]</colordiffuse>
                </control>
                <control type="image">
                    <visible>Skin.HasSetting(SolidBlackSetting)</visible>
                    <include>fadeInOutVisible</include>
                    <posx>0</posx>
                    <posy>0</posy>
                    <width>$PARAM[modelkey_width]</width>
                    <height>$PARAM[modelkey_height]</height>
                    <aspectratio>stretch</aspectratio>
                    <texture>$PARAM[modelpreview_scrapres]</texture>
                    <bordersize>9</bordersize>
                    <colordiffuse>FF000000</colordiffuse>
                </control>
                <control type="image">
                    <visible>Skin.HasSetting(ColoredDiamondPatternSetting)</visible>
                    <include>fadeInOutVisible</include>
                    <posx>0</posx>
                    <posy>0</posy>
                    <width>$PARAM[modelkey_width]</width>
                    <height>$PARAM[modelkey_height]</height>
                    <aspectratio>stretch</aspectratio>
                    <texture diffuse="$PARAM[modelpreview_scrapres]">$VAR[SolidColorPathBackground]</texture>
                    <bordersize>9</bordersize>
                    <aspectratio scalediffuse="false">scale</aspectratio>
                </control>
                <control type="image">
                    <left>9</left>
                    <right>9</right>
                    <top>9</top>
                    <bottom>9</bottom>
                    <visible>Skin.HasSetting(UserImageSetting)</visible>
                    <texture diffuse="$PARAM[modelpreview_scrapres]">$VAR[UserImagePathBackground]</texture>
                    <aspectratio scalediffuse="false">keep</aspectratio>
                    <colordiffuse>ffffffff</colordiffuse>
                </control>
                <control type="multiimage">
                    <left>9</left>
                    <right>9</right>
                    <top>9</top>
                    <bottom>9</bottom>
                    <visible>Skin.HasSetting(UserMultiImageSetting)</visible>
                    <include>fadeInOutVisible</include>
                    <timeperimage>45000</timeperimage>
                    <fadetime>1000</fadetime>
                    <pauseatend>10000</pauseatend>
                    <randomize>true</randomize>
                    <loop>yes</loop>
                    <imagepath diffuse="$PARAM[modelpreview_scrapres]">$VAR[UserMultiImagePathBackground]</imagepath>
                    <aspectratio scalediffuse="false">keep</aspectratio>
                    <colordiffuse>ffffffff</colordiffuse>
                </control>
            </control>
            <control type="group">
                <visible>Skin.HasSetting(aspectratiowallpaperscale)</visible>
                <include>fadeInOutVisible</include>
                <width>$PARAM[modelkey_width]</width>
                <height>$PARAM[modelkey_height]</height>
                <control type="image">
                    <posx>0</posx>
                    <posy>0</posy>
                    <width>$PARAM[modelkey_width]</width>
                    <height>$PARAM[modelkey_height]</height>
                    <aspectratio>stretch</aspectratio>
                    <texture>$PARAM[modelpreview_scrapres]</texture>
                    <bordersize>0</bordersize>
                    <colordiffuse>FF000000</colordiffuse>
                </control>
                <control type="image">
                    <visible>Skin.HasSetting(SolidColorSetting)</visible>
                    <include>fadeInOutVisible</include>
                    <posx>0</posx>
                    <posy>0</posy>
                    <width>$PARAM[modelkey_width]</width>
                    <height>$PARAM[modelkey_height]</height>
                    <aspectratio>stretch</aspectratio>
                    <texture>$PARAM[modelpreview_scrapres]</texture>
                    <bordersize>9</bordersize>
                    <colordiffuse>$INFO[Skin.String(SolidColorPicked)]</colordiffuse>
                </control>
                <control type="image">
                    <visible>Skin.HasSetting(SolidBlackSetting)</visible>
                    <include>fadeInOutVisible</include>
                    <posx>0</posx>
                    <posy>0</posy>
                    <width>$PARAM[modelkey_width]</width>
                    <height>$PARAM[modelkey_height]</height>
                    <aspectratio>stretch</aspectratio>
                    <texture>$PARAM[modelpreview_scrapres]</texture>
                    <bordersize>9</bordersize>
                    <colordiffuse>FF000000</colordiffuse>
                </control>
                <control type="image">
                    <visible>Skin.HasSetting(DefaultPatternBGSetting)</visible>
                    <include>fadeInOutVisible</include>
                    <posx>0</posx>
                    <posy>0</posy>
                    <width>$PARAM[modelkey_width]</width>
                    <height>$PARAM[modelkey_height]</height>
                    <aspectratio>stretch</aspectratio>
                    <texture diffuse="$PARAM[modelpreview_scrapres]">$VAR[SolidColorPathBackground]</texture>
                    <bordersize>9</bordersize>
                    <aspectratio scalediffuse="false">scale</aspectratio>
                </control>
                <control type="image">
                    <left>9</left>
                    <right>9</right>
                    <top>9</top>
                    <bottom>9</bottom>
                    <visible>Skin.HasSetting(UserImageSetting)</visible>
                    <include>fadeInOutVisible</include>
                    <texture diffuse="$PARAM[modelpreview_scrapres]">$VAR[UserImagePathBackground]</texture>
                    <aspectratio scalediffuse="false">scale</aspectratio>
                    <colordiffuse>ffffffff</colordiffuse>
                </control>
                <control type="multiimage">
                    <left>9</left>
                    <right>9</right>
                    <top>9</top>
                    <bottom>9</bottom>
                    <visible>Skin.HasSetting(UserMultiImageSetting)</visible>
                    <include>fadeInOutVisible</include>
                    <timeperimage>45000</timeperimage>
                    <fadetime>1000</fadetime>
                    <pauseatend>10000</pauseatend>
                    <randomize>true</randomize>
                    <loop>yes</loop>
                    <imagepath diffuse="$PARAM[modelpreview_scrapres]">$VAR[UserMultiImagePathBackground]</imagepath>
                    <aspectratio scalediffuse="false">scale</aspectratio>
                    <colordiffuse>ffffffff</colordiffuse>
                </control>
            </control>
            <control type="group">
                <visible>Skin.HasSetting(aspectratiowallpaperstretch)</visible>
                <include>fadeInOutVisible</include>
                <width>$PARAM[modelkey_width]</width>
                <height>$PARAM[modelkey_height]</height>
                <control type="image">
                    <posx>0</posx>
                    <posy>0</posy>
                    <width>$PARAM[modelkey_width]</width>
                    <height>$PARAM[modelkey_height]</height>
                    <aspectratio>stretch</aspectratio>
                    <texture>$PARAM[modelpreview_scrapres]</texture>
                    <bordersize>0</bordersize>
                    <colordiffuse>FF000000</colordiffuse>
                </control>
                <control type="image">
                    <visible>Skin.HasSetting(SolidColorSetting)</visible>
                    <include>fadeInOutVisible</include>
                    <posx>0</posx>
                    <posy>0</posy>
                    <width>$PARAM[modelkey_width]</width>
                    <height>$PARAM[modelkey_height]</height>
                    <aspectratio>stretch</aspectratio>
                    <texture>$PARAM[modelpreview_scrapres]</texture>
                    <bordersize>9</bordersize>
                    <colordiffuse>$INFO[Skin.String(SolidColorPicked)]</colordiffuse>
                </control>
                <control type="image">
                    <visible>Skin.HasSetting(SolidBlackSetting)</visible>
                    <include>fadeInOutVisible</include>
                    <posx>0</posx>
                    <posy>0</posy>
                    <width>$PARAM[modelkey_width]</width>
                    <height>$PARAM[modelkey_height]</height>
                    <aspectratio>stretch</aspectratio>
                    <texture>$PARAM[modelpreview_scrapres]</texture>
                    <bordersize>9</bordersize>
                    <colordiffuse>FF000000</colordiffuse>
                </control>
                <control type="image">
                    <visible>Skin.HasSetting(ColoredDiamondPatternSetting)</visible>
                    <include>fadeInOutVisible</include>
                    <posx>0</posx>
                    <posy>0</posy>
                    <width>$PARAM[modelkey_width]</width>
                    <height>$PARAM[modelkey_height]</height>
                    <aspectratio>stretch</aspectratio>
                    <texture diffuse="$PARAM[modelpreview_scrapres]">$VAR[SolidColorPathBackground]</texture>
                    <bordersize>9</bordersize>
                    <aspectratio scalediffuse="false">scale</aspectratio>
                </control>
                <control type="image">
                    <left>9</left>
                    <right>9</right>
                    <top>9</top>
                    <bottom>9</bottom>
                    <visible>Skin.HasSetting(UserImageSetting)</visible>
                    <include>fadeInOutVisible</include>
                    <texture diffuse="$PARAM[modelpreview_scrapres]">$VAR[UserImagePathBackground]</texture>
                    <aspectratio scalediffuse="false">stretch</aspectratio>
                    <colordiffuse>ffffffff</colordiffuse>
                </control>
                <control type="multiimage">
                    <left>9</left>
                    <right>9</right>
                    <top>9</top>
                    <bottom>9</bottom>
                    <visible>Skin.HasSetting(UserMultiImageSetting)</visible>
                    <include>fadeInOutVisible</include>
                    <timeperimage>45000</timeperimage>
                    <fadetime>1000</fadetime>
                    <pauseatend>10000</pauseatend>
                    <randomize>true</randomize>
                    <loop>yes</loop>
                    <imagepath diffuse="$PARAM[modelpreview_scrapres]"
                               border="9">$VAR[UserMultiImagePathBackground]</imagepath>
                    <aspectratio scalediffuse="false">stretch</aspectratio>
                    <colordiffuse>ffffffff</colordiffuse>
                </control>
            </control>
            <control type="group">
                <visible>Skin.HasSetting(aspectratiowallpapercenter)</visible>
                <include>fadeInOutVisible</include>
                <width>$PARAM[modelkey_width]</width>
                <height>$PARAM[modelkey_height]</height>
                <control type="image">
                    <posx>0</posx>
                    <posy>0</posy>
                    <width>$PARAM[modelkey_width]</width>
                    <height>$PARAM[modelkey_height]</height>
                    <aspectratio>stretch</aspectratio>
                    <texture>$PARAM[modelpreview_scrapres]</texture>
                    <bordersize>0</bordersize>
                    <colordiffuse>FF000000</colordiffuse>
                </control>
                <control type="image">
                    <visible>Skin.HasSetting(SolidColorSetting)</visible>
                    <include>fadeInOutVisible</include>
                    <posx>0</posx>
                    <posy>0</posy>
                    <width>$PARAM[modelkey_width]</width>
                    <height>$PARAM[modelkey_height]</height>
                    <aspectratio>stretch</aspectratio>
                    <texture>$PARAM[modelpreview_scrapres]</texture>
                    <bordersize>9</bordersize>
                    <colordiffuse>$INFO[Skin.String(SolidColorPicked)]</colordiffuse>
                </control>
                <control type="image">
                    <visible>Skin.HasSetting(SolidBlackSetting)</visible>
                    <include>fadeInOutVisible</include>
                    <posx>0</posx>
                    <posy>0</posy>
                    <width>$PARAM[modelkey_width]</width>
                    <height>$PARAM[modelkey_height]</height>
                    <aspectratio>stretch</aspectratio>
                    <texture>$PARAM[modelpreview_scrapres]</texture>
                    <bordersize>9</bordersize>
                    <colordiffuse>FF000000</colordiffuse>
                </control>
                <control type="image">
                    <visible>Skin.HasSetting(DefaultPatternBGSetting)</visible>
                    <include>fadeInOutVisible</include>
                    <posx>0</posx>
                    <posy>0</posy>
                    <width>$PARAM[modelkey_width]</width>
                    <height>$PARAM[modelkey_height]</height>
                    <aspectratio>stretch</aspectratio>
                    <texture diffuse="$PARAM[modelpreview_scrapres]">$VAR[SolidColorPathBackground]</texture>
                    <bordersize>9</bordersize>
                    <aspectratio scalediffuse="false">scale</aspectratio>
                </control>
                <control type="image">
                    <left>9</left>
                    <right>9</right>
                    <top>9</top>
                    <bottom>9</bottom>
                    <visible>Skin.HasSetting(UserImageSetting)</visible>
                    <include>fadeInOutVisible</include>
                    <texture diffuse="$PARAM[modelpreview_scrapres]">$VAR[UserImagePathBackground]</texture>
                    <aspectratio scalediffuse="false">center</aspectratio>
                    <colordiffuse>ffffffff</colordiffuse>
                </control>
                <control type="multiimage">
                    <left>9</left>
                    <right>9</right>
                    <top>9</top>
                    <bottom>9</bottom>
                    <visible>Skin.HasSetting(UserMultiImageSetting)</visible>
                    <include>fadeInOutVisible</include>
                    <timeperimage>45000</timeperimage>
                    <fadetime>1000</fadetime>
                    <pauseatend>10000</pauseatend>
                    <randomize>true</randomize>
                    <loop>yes</loop>
                    <imagepath diffuse="$PARAM[modelpreview_scrapres]">$VAR[UserMultiImagePathBackground]</imagepath>
                    <aspectratio scalediffuse="false">center</aspectratio>
                    <colordiffuse>ffffffff</colordiffuse>
                </control>
            </control>
            <!-- Personalisation -->
            <control type="group">
                <width>$PARAM[modelkey_width]</width>
                <height>$PARAM[modelkey_height]</height>
                <control type="group"
                         description="userimage">
                    <left>36</left>
                    <right>36</right>
                    <bottom>9</bottom>
                    <control type="group">
                        <control type="group"
                                 id="9134">
                            <height>72</height>
                            <bottom>18</bottom>
                            <include content="ModelListHorizontalRounded">
                                <param name="modelkey_size"
                                       value="72" />
                                <param name="modelkey_color"
                                       value="latarcolor" />
                                <param name="dimensionkey_size"
                                       value="dim72" />
                            </include>
                            <control type="button"
                                     id="91340">
                                <visible>![Skin.HasSetting(UserImageSetting)|Skin.HasSetting(UserMultiImageSetting)|Skin.HasSetting(UserVideoSetting)|Skin.HasSetting(SolidColorSetting)|Skin.HasSetting(DefaultPatternBGSetting)]</visible>
                                <description />
                                
                                <focusedcolor>textActive</focusedcolor>
                                <font>Font22Bold</font>
                                <bottom>0</bottom>
                                <width>100%</width>
                                <height>72</height>
                                <onup>9133</onup>
                                <ondown>9136</ondown>
                                <onright>9135</onright>
                            </control>
                            <control type="button"
                                     id="91341">
                                <visible>Skin.HasSetting(UserImageSetting)</visible>
                                <description>Background Path</description>
                                <focusedcolor>textActive</focusedcolor>
                                <font>Font22Bold</font>
                                <bottom>0</bottom>
                                <width>100%</width>
                                <height>72</height>
                                <label>31261</label>
                                <label2>$INFO[Skin.String(ImageBackgroundPath)]</label2>
                                <onup>9133</onup>
                                <ondown>9136</ondown>
                                <onright>9135</onright>
                                <onclick>Skin.SetImage(ImageBackgroundPath)</onclick>
                            </control>
                            <control type="button"
                                     id="91342">
                                <visible>Skin.HasSetting(UserMultiImageSetting)</visible>
                                <description>Background Path</description>
                                <focusedcolor>textActive</focusedcolor>
                                <font>Font22Bold</font>
                                <width>100%</width>
                                <height>72</height>
                                <bottom>0</bottom>
                                <label>31262</label>
                                <label2>$INFO[Skin.String(MultiImageBackgroundPath)]</label2>
                                <onup>9133</onup>
                                <ondown>9136</ondown>
                                <onright>9135</onright>
                                <onclick>Skin.SetPath(MultiImageBackgroundPath)</onclick>
                            </control>
                            <control type="button"
                                     id="91343">
                                <visible>False</visible>
                                <visible>Skin.HasSetting(UserVideoSetting)</visible>
                                <description>Background Path</description>
                                <focusedcolor>textActive</focusedcolor>
                                <font>Font22Bold</font>
                                <width>100%</width>
                                <height>72</height>
                                <bottom>0</bottom>
                                <label>31263</label>
                                <label2>$INFO[Skin.String(VideoBackgroundPath)]</label2>
                                <onup>9133</onup>
                                <ondown>9136</ondown>
                                <onright>9135</onright>
                                <onclick>Skin.SetPath(VideoBackgroundPath)</onclick>
                            </control>
                            <control type="colorbutton"
                                     id="91344">
                                <visible>Skin.HasSetting(SolidColorSetting)</visible>
                                <description>Background Color</description>
                                <colorbox>$INFO[Skin.String(SolidColorPicked)]</colorbox>
                                <focusedcolor>textActive</focusedcolor>
                                <font>Font22Bold</font>
                                <width>100%</width>
                                <height>72</height>
                                <bottom>0</bottom>
                                <label>31269</label>
                                <onup>9133</onup>
                                <ondown>9136</ondown>
                                <onright>9135</onright>
                                <onclick>Skin.SetColor(SolidColorPicked,31269)</onclick>
                            </control>
                            <control type="button"
                                     id="91345">
                                <visible>Skin.HasSetting(DefaultPatternBGSetting)</visible>
                                <description>Background Path</description>
                                <focusedcolor>textActive</focusedcolor>
                                <font>Font22Bold</font>
                                <width>100%</width>
                                <height>72</height>
                                <bottom>0</bottom>
                                <label>31261</label>
                                <label2>$INFO[Skin.String(DefaultBackgroundPola)]</label2>
                                <onup>9133</onup>
                                <ondown>9136</ondown>
                                <onright>9135</onright>
                                <onclick condition="String.isEmpty(Skin.String(DefaultBackgroundPola))">Skin.SetString(DefaultBackgroundPola,1)</onclick>
                                <onclick condition="String.isEqual(Skin.String(DefaultBackgroundPola),1)">Skin.SetString(DefaultBackgroundPola,2)</onclick>
                                <onclick condition="String.isEqual(Skin.String(DefaultBackgroundPola),2)">Skin.Reset(DefaultBackgroundPola)</onclick>
                            </control>
                        </control>
                        <control type="group"
                                 id="9135">
                            <visible>Skin.HasSetting(UserImageSetting) | Skin.HasSetting(UserMultiImageSetting)</visible>
                            <left>$PARAM[modelkey_width]</left>
                            <height>$PARAM[modelkey_height]</height>
                            <control type="panel"
                                     id="91351">
                                <posy>0</posy>
                                <posx>24</posx>
                                <height>$PARAM[modelkey_height]</height>
                                <width>108</width>
                                <onleft>9134</onleft>
                                <onright>noop</onright>
                                <onup>9133</onup>
                                <ondown>9136</ondown>
                                <orientation>vertical</orientation>
                                <scrolltime tween="cubic"
                                            easing="out">500</scrolltime>
                                <itemlayout width="108"
                                            height="126">
                                    <control type="image">
                                        <posx>0</posx>
                                        <posy>0</posy>
                                        <width>108</width>
                                        <height>108</height>
                                        <aspectratio>stretch</aspectratio>
                                        <texture>shape/dim108/roundedsquare.png</texture>
                                        <bordersize>0</bordersize>
                                        <colordiffuse>FF000000</colordiffuse>
                                    </control>
                                    <control type="multiimage">
                                        <visible>Skin.HasSetting(UserMultiImageSetting) + String.isEqual(ListItem.Property(aspecticon),keep)</visible>
                                        <posx>0</posx>
                                        <posy>0</posy>
                                        <width>108</width>
                                        <height>108</height>
                                        <timeperimage>5000</timeperimage>
                                        <fadetime>1000</fadetime>
                                        <pauseatend>1000</pauseatend>
                                        <randomize>true</randomize>
                                        <loop>yes</loop>
                                        <aspectratio scalediffuse="false">keep</aspectratio>
                                        <imagepath diffuse="shape/dim108/roundedsquare.png">$VAR[WallpaperOnBackgroundImagePath]</imagepath>
                                        <bordersize>0</bordersize>
                                    </control>
                                    <control type="image">
                                        <visible>!Skin.HasSetting(UserMultiImageSetting) + String.isEqual(ListItem.Property(aspecticon),keep)</visible>
                                        <posx>0</posx>
                                        <posy>0</posy>
                                        <width>108</width>
                                        <height>108</height>
                                        <aspectratio scalediffuse="false">keep</aspectratio>
                                        <texture diffuse="shape/dim108/roundedsquare.png">$VAR[WallpaperOnBackgroundImagePath]</texture>
                                        <bordersize>0</bordersize>
                                    </control>
                                    <control type="multiimage">
                                        <visible>Skin.HasSetting(UserMultiImageSetting) + String.isEqual(ListItem.Property(aspecticon),scale)</visible>
                                        <posx>0</posx>
                                        <posy>0</posy>
                                        <width>108</width>
                                        <height>108</height>
                                        <timeperimage>5000</timeperimage>
                                        <fadetime>1000</fadetime>
                                        <pauseatend>1000</pauseatend>
                                        <randomize>true</randomize>
                                        <loop>yes</loop>
                                        <aspectratio scalediffuse="false">scale</aspectratio>
                                        <imagepath diffuse="shape/dim108/roundedsquare.png">$VAR[WallpaperOnBackgroundImagePath]</imagepath>
                                        <bordersize>0</bordersize>
                                    </control>
                                    <control type="image">
                                        <visible>!Skin.HasSetting(UserMultiImageSetting) + String.isEqual(ListItem.Property(aspecticon),scale)</visible>
                                        <posx>0</posx>
                                        <posy>0</posy>
                                        <width>108</width>
                                        <height>108</height>
                                        <aspectratio scalediffuse="false">scale</aspectratio>
                                        <texture diffuse="shape/dim108/roundedsquare.png">$VAR[WallpaperOnBackgroundImagePath]</texture>
                                        <bordersize>0</bordersize>
                                    </control>
                                    <control type="multiimage">
                                        <visible>Skin.HasSetting(UserMultiImageSetting) + String.isEqual(ListItem.Property(aspecticon),stretch)</visible>
                                        <posx>0</posx>
                                        <posy>0</posy>
                                        <width>108</width>
                                        <height>108</height>
                                        <timeperimage>5000</timeperimage>
                                        <fadetime>1000</fadetime>
                                        <pauseatend>1000</pauseatend>
                                        <randomize>true</randomize>
                                        <loop>yes</loop>
                                        <aspectratio scalediffuse="false">stretch</aspectratio>
                                        <imagepath diffuse="shape/dim108/roundedsquare.png">$VAR[WallpaperOnBackgroundImagePath]</imagepath>
                                        <bordersize>0</bordersize>
                                    </control>
                                    <control type="image">
                                        <visible>!Skin.HasSetting(UserMultiImageSetting) + String.isEqual(ListItem.Property(aspecticon),stretch)</visible>
                                        <posx>0</posx>
                                        <posy>0</posy>
                                        <width>108</width>
                                        <height>108</height>
                                        <aspectratio scalediffuse="false">stretch</aspectratio>
                                        <texture diffuse="shape/dim108/roundedsquare.png">$VAR[WallpaperOnBackgroundImagePath]</texture>
                                        <bordersize>0</bordersize>
                                    </control>
                                    <control type="multiimage">
                                        <visible>Skin.HasSetting(UserMultiImageSetting) + String.isEqual(ListItem.Property(aspecticon),center)</visible>
                                        <posx>0</posx>
                                        <posy>0</posy>
                                        <width>108</width>
                                        <height>108</height>
                                        <timeperimage>5000</timeperimage>
                                        <fadetime>1000</fadetime>
                                        <pauseatend>1000</pauseatend>
                                        <randomize>true</randomize>
                                        <loop>yes</loop>
                                        <aspectratio scalediffuse="false">center</aspectratio>
                                        <imagepath diffuse="shape/dim108/roundedsquare.png">$VAR[WallpaperOnBackgroundImagePath]</imagepath>
                                        <bordersize>0</bordersize>
                                    </control>
                                    <control type="image">
                                        <visible>!Skin.HasSetting(UserMultiImageSetting) + String.isEqual(ListItem.Property(aspecticon),center)</visible>
                                        <posx>0</posx>
                                        <posy>0</posy>
                                        <width>108</width>
                                        <height>108</height>
                                        <aspectratio scalediffuse="false">center</aspectratio>
                                        <texture diffuse="shape/dim108/roundedsquare.png">$VAR[WallpaperOnBackgroundImagePath]</texture>
                                        <bordersize>0</bordersize>
                                    </control>
                                    <control type="image">
                                        <posx>0</posx>
                                        <posy>0</posy>
                                        <width>108</width>
                                        <height>108</height>
                                        <aspectratio>stretch</aspectratio>
                                        <texture>shape/dim108/roundedsquare.png</texture>
                                        <bordersize>0</bordersize>
                                        <colordiffuse>40000000</colordiffuse>
                                    </control>
                                    <control type="image">
                                        <visible>!String.isEmpty(ListItem.Property(trueselected))</visible>
                                        <posx>0</posx>
                                        <posy>0</posy>
                                        <width>108</width>
                                        <height>108</height>
                                        <aspectratio>stretch</aspectratio>
                                        <texture>shape/dim108/roundedsquare.png</texture>
                                        <bordersize>0</bordersize>
                                        <colordiffuse>80000000</colordiffuse>
                                    </control>
                                    <control type="label">
                                        <posx>0</posx>
                                        <posy>0</posy>
                                        <width>108</width>
                                        <height>108</height>
                                        <align>center</align>
                                        <aligny>center</aligny>
                                        <font>symbolSize36</font>
                                        <textcolor>textActive</textcolor>
                                        <label>$INFO[ListItem.Property(trueselected)]</label>
                                    </control>
                                    <control type="label">
                                        <posx>0</posx>
                                        <posy>0</posy>
                                        <width>108</width>
                                        <height>108</height>
                                        <align>center</align>
                                        <aligny>center</aligny>
                                        <font>symbolSize72</font>
                                        <textcolor>textActive</textcolor>
                                        <label>$INFO[ListItem.Label2]</label>
                                    </control>
                                    <control type="label">
                                        <posx>126</posx>
                                        <posy>0</posy>
                                        <width>348</width>
                                        <height>108</height>
                                        <aligny>center</aligny>
                                        <font>Font24Medium</font>
                                        <textcolor>textActive</textcolor>
                                        <label>$INFO[ListItem.Label]</label>
                                    </control>
                                </itemlayout>
                                <focusedlayout width="108"
                                               height="126">
                                    <control type="group">
                                        <animation effect="zoom"
                                                   time="300"
                                                   tween="cubic"
                                                   easing="inout"
                                                   start="100"
                                                   end="110"
                                                   center="auto">Focus</animation>
                                        <animation effect="zoom"
                                                   time="300"
                                                   tween="cubic"
                                                   easing="inout"
                                                   start="110"
                                                   end="100"
                                                   center="auto">UnFocus</animation>
                                        <width>108</width>
                                        <height>108</height>
                                        <control type="image">
                                            <posx>0</posx>
                                            <posy>0</posy>
                                            <width>108</width>
                                            <height>108</height>
                                            <aspectratio>stretch</aspectratio>
                                            <texture>shape/dim108/roundedsquare.png</texture>
                                            <bordersize>0</bordersize>
                                            <colordiffuse>FF000000</colordiffuse>
                                        </control>
                                        <control type="multiimage">
                                            <visible>Skin.HasSetting(UserMultiImageSetting) + String.isEqual(ListItem.Property(aspecticon),keep)</visible>
                                            <posx>0</posx>
                                            <posy>0</posy>
                                            <width>108</width>
                                            <height>108</height>
                                            <timeperimage>5000</timeperimage>
                                            <fadetime>1000</fadetime>
                                            <pauseatend>1000</pauseatend>
                                            <randomize>true</randomize>
                                            <loop>yes</loop>
                                            <aspectratio scalediffuse="false">keep</aspectratio>
                                            <imagepath diffuse="shape/dim108/roundedsquare.png">$VAR[WallpaperOnBackgroundImagePath]</imagepath>
                                            <bordersize>0</bordersize>
                                        </control>
                                        <control type="image">
                                            <visible>!Skin.HasSetting(UserMultiImageSetting) + String.isEqual(ListItem.Property(aspecticon),keep)</visible>
                                            <posx>0</posx>
                                            <posy>0</posy>
                                            <width>108</width>
                                            <height>108</height>
                                            <aspectratio scalediffuse="false">keep</aspectratio>
                                            <texture diffuse="shape/dim108/roundedsquare.png">$VAR[WallpaperOnBackgroundImagePath]</texture>
                                            <bordersize>0</bordersize>
                                        </control>
                                        <control type="multiimage">
                                            <visible>Skin.HasSetting(UserMultiImageSetting) + String.isEqual(ListItem.Property(aspecticon),scale)</visible>
                                            <posx>0</posx>
                                            <posy>0</posy>
                                            <width>108</width>
                                            <height>108</height>
                                            <timeperimage>5000</timeperimage>
                                            <fadetime>1000</fadetime>
                                            <pauseatend>1000</pauseatend>
                                            <randomize>true</randomize>
                                            <loop>yes</loop>
                                            <aspectratio scalediffuse="false">scale</aspectratio>
                                            <imagepath diffuse="shape/dim108/roundedsquare.png">$VAR[WallpaperOnBackgroundImagePath]</imagepath>
                                            <bordersize>0</bordersize>
                                        </control>
                                        <control type="image">
                                            <visible>!Skin.HasSetting(UserMultiImageSetting) + String.isEqual(ListItem.Property(aspecticon),scale)</visible>
                                            <posx>0</posx>
                                            <posy>0</posy>
                                            <width>108</width>
                                            <height>108</height>
                                            <aspectratio scalediffuse="false">scale</aspectratio>
                                            <texture diffuse="shape/dim108/roundedsquare.png">$VAR[WallpaperOnBackgroundImagePath]</texture>
                                            <bordersize>0</bordersize>
                                        </control>
                                        <control type="multiimage">
                                            <visible>Skin.HasSetting(UserMultiImageSetting) + String.isEqual(ListItem.Property(aspecticon),stretch)</visible>
                                            <posx>0</posx>
                                            <posy>0</posy>
                                            <width>108</width>
                                            <height>108</height>
                                            <timeperimage>5000</timeperimage>
                                            <fadetime>1000</fadetime>
                                            <pauseatend>1000</pauseatend>
                                            <randomize>true</randomize>
                                            <loop>yes</loop>
                                            <aspectratio scalediffuse="false">stretch</aspectratio>
                                            <imagepath diffuse="shape/dim108/roundedsquare.png">$VAR[WallpaperOnBackgroundImagePath]</imagepath>
                                            <bordersize>0</bordersize>
                                        </control>
                                        <control type="image">
                                            <visible>!Skin.HasSetting(UserMultiImageSetting) + String.isEqual(ListItem.Property(aspecticon),stretch)</visible>
                                            <posx>0</posx>
                                            <posy>0</posy>
                                            <width>108</width>
                                            <height>108</height>
                                            <aspectratio scalediffuse="false">stretch</aspectratio>
                                            <texture diffuse="shape/dim108/roundedsquare.png">$VAR[WallpaperOnBackgroundImagePath]</texture>
                                            <bordersize>0</bordersize>
                                        </control>
                                        <control type="multiimage">
                                            <visible>Skin.HasSetting(UserMultiImageSetting) + String.isEqual(ListItem.Property(aspecticon),center)</visible>
                                            <posx>0</posx>
                                            <posy>0</posy>
                                            <width>108</width>
                                            <height>108</height>
                                            <timeperimage>5000</timeperimage>
                                            <fadetime>1000</fadetime>
                                            <pauseatend>1000</pauseatend>
                                            <randomize>true</randomize>
                                            <loop>yes</loop>
                                            <aspectratio scalediffuse="false">center</aspectratio>
                                            <imagepath diffuse="shape/dim108/roundedsquare.png">$VAR[WallpaperOnBackgroundImagePath]</imagepath>
                                            <bordersize>0</bordersize>
                                        </control>
                                        <control type="image">
                                            <visible>!Skin.HasSetting(UserMultiImageSetting) + String.isEqual(ListItem.Property(aspecticon),center)</visible>
                                            <posx>0</posx>
                                            <posy>0</posy>
                                            <width>108</width>
                                            <height>108</height>
                                            <aspectratio scalediffuse="false">center</aspectratio>
                                            <texture diffuse="shape/dim108/roundedsquare.png">$VAR[WallpaperOnBackgroundImagePath]</texture>
                                            <bordersize>0</bordersize>
                                        </control>
                                        <control type="image">
                                            <posx>0</posx>
                                            <posy>0</posy>
                                            <width>108</width>
                                            <height>108</height>
                                            <aspectratio>stretch</aspectratio>
                                            <texture>shape/dim108/roundedsquare.png</texture>
                                            <bordersize>0</bordersize>
                                            <colordiffuse>40000000</colordiffuse>
                                        </control>
                                        <control type="image">
                                            <include>FocusedItemFade</include>
                                            <posx>0</posx>
                                            <posy>0</posy>
                                            <width>108</width>
                                            <height>108</height>
                                            <aspectratio>stretch</aspectratio>
                                            <texture>shape/dim108/roundedsquare.png</texture>
                                            <bordersize>0</bordersize>
                                            <colordiffuse>80000000</colordiffuse>
                                        </control>
                                        <control type="image">
                                            <visible>!String.isEmpty(ListItem.Property(trueselected))</visible>
                                            <posx>0</posx>
                                            <posy>0</posy>
                                            <width>108</width>
                                            <height>108</height>
                                            <aspectratio>stretch</aspectratio>
                                            <texture>shape/dim108/roundedsquare.png</texture>
                                            <bordersize>0</bordersize>
                                            <colordiffuse>80000000</colordiffuse>
                                        </control>
                                        <control type="label">
                                            <posx>0</posx>
                                            <posy>0</posy>
                                            <width>108</width>
                                            <height>108</height>
                                            <align>center</align>
                                            <aligny>center</aligny>
                                            <font>symbolSize36</font>
                                            <textcolor>textActive</textcolor>
                                            <label>$INFO[ListItem.Property(trueselected)]</label>
                                        </control>
                                        <control type="label">
                                            <posx>0</posx>
                                            <posy>0</posy>
                                            <width>108</width>
                                            <height>108</height>
                                            <align>center</align>
                                            <aligny>center</aligny>
                                            <font>symbolSize72</font>
                                            <textcolor>textActive</textcolor>
                                            <label>$INFO[ListItem.Label2]</label>
                                        </control>
                                        <control type="label">
                                            <posx>126</posx>
                                            <posy>0</posy>
                                            <width>348</width>
                                            <height>108</height>
                                            <aligny>center</aligny>
                                            <font>Font24Medium</font>
                                            <textcolor>textActive</textcolor>
                                            <label>$INFO[ListItem.Label]</label>
                                        </control>
                                    </control>
                                </focusedlayout>
                                <content>
                                    <item id="1">
                                        <label>31264</label>
                                        <label2></label2>
                                        <thumb>$VAR[WallpaperOnBackgroundImagePath]</thumb>
                                        <property name="aspecticon">keep</property>
                                        <property name="trueselected">$VAR[AspectKeepSetOn]</property>
                                        <onclick>Skin.SetBool(aspectratiowallpaperkeep)</onclick>
                                        <onclick>Skin.Reset(aspectratiowallpaperscale)</onclick>
                                        <onclick>Skin.Reset(aspectratiowallpaperstretch)</onclick>
                                        <onclick>Skin.Reset(aspectratiowallpapercenter)</onclick>
                                    </item>
                                    <item id="2">
                                        <label>31265</label>
                                        <label2></label2>
                                        <thumb>$VAR[WallpaperOnBackgroundImagePath]</thumb>
                                        <property name="aspecticon">scale</property>
                                        <property name="trueselected">$VAR[AspectScaleSetOn]</property>
                                        <onclick>Skin.SetBool(aspectratiowallpaperscale)</onclick>
                                        <onclick>Skin.Reset(aspectratiowallpaperkeep)</onclick>
                                        <onclick>Skin.Reset(aspectratiowallpaperstretch)</onclick>
                                        <onclick>Skin.Reset(aspectratiowallpapercenter)</onclick>
                                    </item>
                                    <item id="3">
                                        <label>31266</label>
                                        <label2></label2>
                                        <thumb>$VAR[WallpaperOnBackgroundImagePath]</thumb>
                                        <property name="aspecticon">stretch</property>
                                        <property name="trueselected">$VAR[AspectStretchSetOn]</property>
                                        <onclick>Skin.SetBool(aspectratiowallpaperstretch)</onclick>
                                        <onclick>Skin.Reset(aspectratiowallpaperkeep)</onclick>
                                        <onclick>Skin.Reset(aspectratiowallpaperscale)</onclick>
                                        <onclick>Skin.Reset(aspectratiowallpapercenter)</onclick>
                                    </item>
                                    <item id="4">
                                        <label>31267</label>
                                        <label2></label2>
                                        <thumb>$VAR[WallpaperOnBackgroundImagePath]</thumb>
                                        <property name="aspecticon">center</property>
                                        <property name="trueselected">$VAR[AspectCenterSetOn]</property>
                                        <onclick>Skin.SetBool(aspectratiowallpapercenter)</onclick>
                                        <onclick>Skin.Reset(aspectratiowallpaperkeep)</onclick>
                                        <onclick>Skin.Reset(aspectratiowallpaperscale)</onclick>
                                        <onclick>Skin.Reset(aspectratiowallpaperstretch)</onclick>
                                    </item>
                                </content>
                            </control>
                        </control>
                    </control>
                </control>
            </control>
        </definition>
    </include>
</includes>