<?xml version="1.0" encoding="UTF-8"?>
<includes>
	<include name="DefaultStatusBar">
			<animation type="conditional" condition="[Window.IsActive(1126)+!VideoPlayer.Content(livetv)]+![Window.IsActive(ExtendedProgressDialog) | Window.isActive(videoosd) | Window.isActive(musicosd) | Window.isActive(gameosd)] + ![String.isEqual(Player.TimeRemaining(HH),00) + Integer.isLess(Player.TimeRemaining(mm),01)]">
				<effect type="fade" start="100" end="50" time="180"/>
			</animation>
			<animation type="conditional" condition="[Window.IsActive(1126)+!VideoPlayer.Content(livetv)]+![Window.IsActive(ExtendedProgressDialog) | Window.isActive(videoosd) | Window.isActive(musicosd) | Window.isActive(gameosd)] + [String.isEqual(Player.TimeRemaining(HH),00) + Integer.isLess(Player.TimeRemaining(mm),01)]">
				<effect type="fade" start="100" end="75" time="180"/>
			</animation>
		<control type="group" id="4901">
			<visible>Player.HasMedia</visible>
			<visible>!Window.IsActive(MusicVisualisation.xml)</visible>
			<visible>!Window.IsActive(VideoFullScreen.xml)</visible>
				<animation type="visible">
					<effect type="fade" start="0" end="100" tween="cubic" easing="out" time="1" delay="360"/>
					<effect type="zoom" center="0,90" start="100,0" end="100,100" tween="cubic" easing="out" time="180" delay="361"/>
				</animation>
				<animation type="hidden">
					<effect type="zoom" start="100,100" end="100,0" center="0,90" tween="cubic" easing="out" time="180" delay="180"/>
				</animation>
			<right>64</right>
			<top>36</top>
			<width>468</width>
			<height>180</height>
			<control type="group">
				<visible>!Skin.HasSetting(SetVideotoBackground)</visible>
				<visible>Player.HasVideo + !Window.isActive(videoplaylist)</visible>
				<right>0</right>
				<control type="group">
					<right>0</right>
					<posy>0</posy>
					<width>468</width>
					<height>266</height>
					<include content="ModelDialogRounded">
						<param name="modelkey_size" value="144"/>
						<param name="modelkey_color" value="black"/>
						<param name="dimensionkey_size" value="dim144"/>
					</include>
				</control>
				<control type="group">
					<right>4</right>
					<posy>4</posy>
					<width>460</width>
					<height>258</height>
					<control type="image">
						<right>0</right>
						<posy>0</posy>
						<width>460</width>
						<height>258</height>
						<aspectratio>stretch</aspectratio>
						<texture>colors/black.png</texture>
						<bordersize>0</bordersize>
					</control>
					<control type="videowindow">
						<right>0</right>
						<posy>0</posy>
						<width>460</width>
						<height>258</height>
					</control>
					<control type="group">
						<right>0</right>
						<posy>0</posy>
						<width>460</width>
						<height>258</height>
						<include content="MiniModelBorderAllRounded">
							<param name="modelkey_size" value="10"/>
							<param name="modelkey_color" value="black"/>
						</include>
					</control>
				</control>
			</control>
			<control type="group">
				<animation effect="slide" start="0,0" end="0,86" time="180" condition="Player.HasVideo + !Window.isActive(videoplaylist) + !Skin.HasSetting(SetVideotoBackground)">Conditional</animation>
				<visible>![Player.HasVideo + !Skin.HasSetting(SetVideotoBackground) + !Window.isActive(videoplaylist) + ![String.isEqual(Player.Time(HH),00) + String.isEqual(Player.Time(mm),00) + Integer.IsLessOrEqual(Player.Time(SS),10)]]</visible>
				<animation type="visible">
					<effect type="fade" start="0" end="100" tween="cubic" easing="out" time="1" delay="360"/>
					<effect type="zoom" center="0,54" start="100,0" end="100,100" tween="cubic" easing="out" time="180" delay="361"/>
				</animation>
				<animation type="hidden">
					<effect type="zoom" start="100,100" end="100,0" center="0,54" tween="cubic" easing="out" time="180" delay="180"/>
				</animation>
				<top>54</top>
				<width>468</width>
				<height>126</height>
				<control type="button">
					<width>468</width>
					<height>126</height>
					<texturenofocus colordiffuse="80000000" border="8">shape/dim72/roundedbottom.png</texturenofocus>
					<texturefocus colordiffuse="80000000" border="8">shape/dim72/roundedbottom.png</texturefocus>
				</control>
				<control type="label">
					<left>126</left>
					<right>18</right>
					<posy>18</posy>
					<height>30</height>
					<font>Font24Medium</font>
					<textcolor>textActive</textcolor>
					<aligny>center</aligny>
					<label>$VAR[TitleMediaNotif]</label>
				</control>
				<control type="label">
					<left>126</left>
					<right>18</right>
					<posy>54</posy>
					<height>22</height>
					<font>Font20Medium</font>
					<textcolor>textActive</textcolor>
					<aligny>center</aligny>
					<label>$VAR[SubTitleMediaNotif]</label>
				</control>
				<control type="progress">
					<description>Progress Bar</description>
					<left>126</left>
					<right>18</right>
					<bottom>18</bottom>
					<height>18</height>
					<texturebg colordiffuse="sorotdark" border="9">shape/dim90/roundedsquare.png</texturebg>
					<midtexture colordiffuse="80000000" border="9">shape/dim90/roundedsquare.png</midtexture>
					<info>player.progress</info>
				</control>
				<control type="label">
					<left>126</left>
					<right>18</right>
					<bottom>18</bottom>
					<height>18</height>
					<font>Font16Bold</font>
					<textcolor>80FFFFFF</textcolor>
					<aligny>center</aligny>
					<textoffsetx>8</textoffsetx>
					<label>$INFO[Player.Time]$INFO[Player.Duration, / ,]</label>
				</control>
				<control type="image">
					<left>18</left>
					<bottom>18</bottom>
					<width>90</width>
					<height>90</height>
					<aspectratio scalediffuse="false">scale</aspectratio>
					<texture fallback="DefaultAlbumCover.png" diffuse="shape/dim108/roundedsquare.png">$INFO[Player.Art(thumb)]</texture>
					<colordiffuse>FFFFFFFF</colordiffuse>
				</control>
			</control>
		</control>
		<control type="group" id="4902">
			<visible>Player.HasMedia</visible>
			<visible>Window.IsActive(1126)+![Window.IsActive(ExtendedProgressDialog) | Window.isActive(videoosd) | Window.isActive(musicosd) | Window.isActive(gameosd)]</visible>
				<visible>VideoPlayer.Content(livetv)</visible>
				<animation type="visible">
					<effect type="fade" start="0" end="100" tween="cubic" easing="out" time="1" delay="360"/>
					<effect type="zoom" center="0,90" start="100,0" end="100,100" tween="cubic" easing="out" time="180" delay="361"/>
				</animation>
				<animation type="hidden">
					<effect type="zoom" start="100,100" end="100,0" center="0,90" tween="cubic" easing="out" time="180" delay="180"/>
				</animation>
			<right>64</right>
			<top>36</top>
			<width>468</width>
			<height>180</height>
			<control type="group">
				<animation type="visible">
					<effect type="fade" start="0" end="100" tween="cubic" easing="out" time="1" delay="360"/>
					<effect type="zoom" center="0,54" start="100,0" end="100,100" tween="cubic" easing="out" time="180" delay="361"/>
				</animation>
				<animation type="hidden">
					<effect type="zoom" start="100,100" end="100,0" center="0,54" tween="cubic" easing="out" time="180" delay="180"/>
				</animation>
				<top>54</top>
				<right>0</right>
				<width>540</width>
				<height>64</height>
				<control type="button">
					<width>540</width>
					<height>64</height>
					<texturenofocus colordiffuse="80000000" border="10">masks/statusbargradientforsatuflip.png</texturenofocus>
					<texturefocus colordiffuse="80000000" border="10">masks/statusbargradientforsatuflip.png</texturefocus>
				</control>
				<control type="label">
					<left>0</left>
					<right>18</right>
					<posy>0</posy>
					<height>36</height>
					<font>Font24Bold</font>
					<textcolor>textActive</textcolor>
					<align>right</align>
					<aligny>center</aligny>
					<label>$VAR[TitleMediaNotif]</label>
				</control>
				<control type="label">
					<left>0</left>
					<right>18</right>
					<posy>26</posy>
					<height>36</height>
					<font>Font22Medium</font>
					<textcolor>textActive</textcolor>
					<align>right</align>
					<aligny>center</aligny>
					<label>$VAR[SubTitleMediaNotif]</label>
				</control>
			</control>
		</control>
		<control type="group" id="4903">
			<visible>Player.HasMedia</visible>
			<visible>![Window.IsActive(script-upnext-stillwatching.xml)|Window.IsActive(script-upnext-stillwatching-simple.xml)|Window.IsActive(script-upnext-upnext.xml)|Window.IsActive(script-upnext-upnext-simple.xml)]</visible>
			<visible>Window.IsActive(1126)+![Window.IsActive(ExtendedProgressDialog) | Window.isActive(videoosd) | Window.isActive(musicosd) | Window.isActive(gameosd)]</visible>
				<visible>!VideoPlayer.Content(livetv)</visible>
					<visible>![!String.isEqual(Player.TimeRemaining(ss),00) + [String.isEqual(Player.TimeRemaining(HH),00) + Integer.isLess(Player.TimeRemaining(mm),01)]]</visible>
				<animation type="visible">
					<effect type="fade" start="0" end="100" tween="cubic" easing="out" time="1" delay="360"/>
					<effect type="zoom" center="0,90" start="100,0" end="100,100" tween="cubic" easing="out" time="180" delay="361"/>
				</animation>
				<animation type="hidden">
					<effect type="zoom" start="100,100" end="100,0" center="0,90" tween="cubic" easing="out" time="180" delay="180"/>
				</animation>
			<right>64</right>
			<top>36</top>
			<width>468</width>
			<height>180</height>
			<control type="group">
					<top>54</top>
					<right>0</right>
                   	 		<control type="button" id="1">
						<visible>!String.IsEmpty(VideoPlayer.Episode)</visible>
					<top>6</top>
					<right>0</right>
                				<font>Font20Medium</font>
                    				<width>108</width>
                   				<height>86</height>
		    				<label>$INFO[VideoPlayer.Season,$LOCALIZE[20373] ,[CR]]$INFO[VideoPlayer.Episode,[B]$LOCALIZE[20359][CR],[/B]]</label>
							<textoffsetx>6</textoffsetx>
						<align>center</align>
		    				<wrapmultiline>true</wrapmultiline>
							<texturefocus colordiffuse="80000000" border="8">shape/dim72/roundedsquare.png</texturefocus>
							<texturenofocus colordiffuse="80000000" border="8">shape/dim72/roundedsquare.png</texturenofocus>
                    			</control>
                   	 		<control type="button" id="1">
						<visible>!String.IsEmpty(VideoPlayer.mpaa)</visible>
					<top>98</top>
					<right>0</right>
                				<font>Font22Bold</font>
                    				<width>108</width>
                   				<height>54</height>
		    				<label>$INFO[VideoPlayer.mpaa]</label>
							<textoffsetx>6</textoffsetx>
						<align>center</align>
		    				<wrapmultiline>true</wrapmultiline>
							<texturefocus colordiffuse="80000000" border="8">shape/dim72/roundedsquare.png</texturefocus>
							<texturenofocus colordiffuse="80000000" border="8">shape/dim72/roundedsquare.png</texturenofocus>
                    			</control>
					<control type="image">
					<animation type="Conditional" condition="[Integer.IsGreater(System.Time(SS),49) | Integer.IsLess(System.Time(SS),10)]">
						<effect type="Fade" start="100" end="0" time="180" delay="0"/>
					</animation>
						<visible>!String.IsEmpty(Player.Art(clearlogo))</visible>
					<right>126</right>
						<top>6</top>
						<width>360</width>
						<height>216</height>
						<bordersize>6</bordersize>
						<aspectratio scalediffuse="false" aligny="top" align="right">keep</aspectratio>
						<texture>$INFO[Player.Art(clearlogo)]</texture>
					</control>
					<control type="image">
					<animation type="Conditional" condition="[Integer.IsGreater(System.Time(SS),49) | Integer.IsLess(System.Time(SS),10)]">
						<effect type="Fade" start="100" end="0" time="180" delay="0"/>
					</animation>
						<visible>!String.IsEmpty(Player.Art(tvshow.clearlogo)) + String.IsEmpty(Player.Art(clearlogo))</visible>
					<right>126</right>
						<top>6</top>
						<width>360</width>
						<height>216</height>
						<bordersize>6</bordersize>
						<aspectratio scalediffuse="false" aligny="top" align="right">keep</aspectratio>
						<texture>$INFO[Player.Art(tvshow.clearlogo)]</texture>
					</control>
			</control>
				<control type="grouplist">
					<animation type="Conditional" condition="!String.IsEmpty(VideoPlayer.Episode)">
						<effect type="slide" start="0,0" end="-126,0" time="0" delay="0"/>
					</animation>
					<animation type="Conditional" condition="![Integer.IsGreater(System.Time(SS),49) | Integer.IsLess(System.Time(SS),10)] + [!String.IsEmpty(Player.Art(tvshow.clearlogo)) | !String.IsEmpty(Player.Art(clearlogo))]">
						<effect type="Fade" start="100" end="0" time="180" delay="0"/>
					</animation>
					<top>54</top>
					<right>0</right>
					<width>864</width>
					<height>540</height>
					<itemgap>-8</itemgap>
					<align>left</align>
					<orientation>vertical</orientation>
					<control type="textbox">
						<description>message</description>
						<left>0</left>
						<font>Font36Bold</font>
						<textcolor>FFFFFFFF</textcolor>
						<shadowcolor>80000000</shadowcolor>
						<width>864</width>
						<height>auto</height>
						<aligny>top</aligny>
						<align>right</align>
						<label>$VAR[TitleMediaNotif]</label>
					</control>
					<control type="textbox">
						<visible>![[Integer.IsGreater(PVR.EpgEventProgress,90) + Integer.IsLess(PVR.EpgEventProgress,100)] + Pvr.IsPlayingTV + VideoPlayer.Content(livetv)]</visible>
						<description>message</description>
						<left>0</left>
						<font>Font28Bold</font>
						<textcolor>FFFFFFFF</textcolor>
						<shadowcolor>80000000</shadowcolor>
						<width>864</width>
						<height>auto</height>
						<aligny>center</aligny>
						<align>right</align>
						<label>$VAR[SubTitleMediaNotif]</label>
					</control>
			</control>
		</control>
		<control type="group" id="4904">
			<visible>Player.HasMedia</visible>
			<visible>![Window.IsActive(script-upnext-stillwatching.xml)|Window.IsActive(script-upnext-stillwatching-simple.xml)|Window.IsActive(script-upnext-upnext.xml)|Window.IsActive(script-upnext-upnext-simple.xml)]</visible>
			<visible>[Window.IsActive(1126) | Window.IsActive(fullscreenvideo) | Window.IsActive(visualisation)]+![Window.IsActive(ExtendedProgressDialog) | Window.isActive(gameosd) | Window.IsActive(DialogSelect.xml)]</visible>
				<visible>!VideoPlayer.Content(livetv)</visible>
					<visible>[!String.isEqual(Player.TimeRemaining(ss),00) + [String.isEqual(Player.TimeRemaining(HH),00) + Integer.isLess(Player.TimeRemaining(mm),01)]]</visible>
				<animation type="visible">
					<effect type="fade" start="0" end="100" tween="cubic" easing="out" time="1" delay="360"/>
					<effect type="zoom" center="0,90" start="100,0" end="100,100" tween="cubic" easing="out" time="180" delay="361"/>
				</animation>
				<animation type="hidden">
					<effect type="zoom" start="100,100" end="100,0" center="0,90" tween="cubic" easing="out" time="180" delay="180"/>
				</animation>
			<right>64</right>
			<top>36</top>
			<width>468</width>
			<height>540</height>
			<control type="group">
				<animation type="visible">
					<effect type="fade" start="0" end="100" tween="cubic" easing="out" time="1" delay="360"/>
					<effect type="zoom" center="0,54" start="100,0" end="100,100" tween="cubic" easing="out" time="180" delay="361"/>
				</animation>
				<animation type="hidden">
					<effect type="zoom" start="100,100" end="100,0" center="0,54" tween="cubic" easing="out" time="180" delay="180"/>
				</animation>
				<top>54</top>
				<right>0</right>
				<width>468</width>
				<height>360</height>
							<control type="image">
								<top>0</top>
								<right>0</right>
				<width>468</width>
				<height>264</height>
								<fadetime>300</fadetime>
								<texture background="true">$VAR[NextThumbMediaNotif]</texture>
								<colordiffuse>FFFFFFFF</colordiffuse>
								<bordersize>0</bordersize>
								<aspectratio scalediffuse="false">scale</aspectratio>
							</control>
			<control type="button">
								<top>264</top>
								<right>0</right>
				<width>468</width>
	            <height>72</height>
				<texturenofocus colordiffuse="80000000" border="8">shape/dim72/roundedbottom.png</texturenofocus>
				<texturefocus colordiffuse="80000000" border="8">shape/dim72/roundedbottom.png</texturefocus>
			</control>
				<control type="label">
					<left>18</left>
					<right>18</right>
					<posy>264</posy>
					<height>45</height>
					<font>Font24Bold</font>
					<textcolor>textActive</textcolor>
					<align>left</align>
					<aligny>center</aligny>
					<label>$VAR[NextTitleMediaNotif]</label>
				</control>
				<control type="label">
					<left>18</left>
					<right>18</right>
					<posy>296</posy>
					<height>36</height>
					<font>Font22Medium</font>
					<textcolor>textActive</textcolor>
					<align>left</align>
					<aligny>center</aligny>
					<label>$VAR[NextSubTitleMediaNotif]</label>
				</control>
			</control>
		</control>
		<control type="group">
			<right>64</right>
			<top>36</top>
			<width>468</width>
			<height>36</height>
			<control type="button">
				<visible>[Control.isVisible(4901)|Control.isVisible(4902)|Control.isVisible(4904)|[Window.IsActive(script-upnext-stillwatching.xml)|Window.IsActive(script-upnext-stillwatching-simple.xml)|Window.IsActive(script-upnext-upnext.xml)|Window.IsActive(script-upnext-upnext-simple.xml)]]</visible>
				<width>468</width>
	            <height>54</height>
				<texturenofocus colordiffuse="80000000" border="8">shape/dim72/roundedtop.png</texturenofocus>
				<texturefocus colordiffuse="80000000" border="8">shape/dim72/roundedtop.png</texturefocus>
			</control>
			<control type="button">
				<visible>![Control.isVisible(4901)|Control.isVisible(4902)|Control.isVisible(4904)|[Window.IsActive(script-upnext-stillwatching.xml)|Window.IsActive(script-upnext-stillwatching-simple.xml)|Window.IsActive(script-upnext-upnext.xml)|Window.IsActive(script-upnext-upnext-simple.xml)]]</visible>
				<width>468</width>
	            <height>54</height>
				<texturenofocus colordiffuse="80000000" border="8">shape/dim72/roundedsquare.png</texturenofocus>
				<texturefocus colordiffuse="80000000" border="8">shape/dim72/roundedsquare.png</texturefocus>
			</control>
			<control type="group" id="4910">
				<visible>Player.HasMedia + [![VideoPlayer.Content(livetv)|MusicPlayer.Content(livetv)] + String.isEqual(Player.TimeRemaining(HH),00) + [[Integer.IsEqual(Player.TimeRemaining(MM),01)+Integer.IsLess(Player.TimeRemaining(SS),10)] | [Integer.IsLess(Player.TimeRemaining(MM),01)]]]</visible>
				<visible>!Control.isVisible(4911)</visible>
				<include condition="!Skin.HasSetting(NoAnimationInSkin)">fadeInOutVisibleDelay</include>
				<left>0</left>
				<right>180</right>
				<posy>0</posy>
				<height>54</height>
				<control type="label">
					<left>16</left>
					<posy>0</posy>
					<width>28</width>
					<height>54</height>
					<font>symbolSize24</font>
					<textcolor>textActive</textcolor>
					<aligny>center</aligny>
					<label>$VAR[IconMediaNotif]</label>
				</control>
				<control type="label">
					<visible>![VideoPlayer.Content(livetv)|MusicPlayer.Content(livetv)] + ![String.isEqual(Player.TimeRemaining(HH),00) + Integer.isLess(Player.TimeRemaining(mm),01)]</visible>
					<include condition="!Skin.HasSetting(NoAnimationInSkin)">fadeInOutVisibleDelay</include>
					<left>54</left>
					<posy>18</posy>
					<height>24</height>
					<font>Font22Bold</font>
					<textcolor>textActive</textcolor>
					<aligny>center</aligny>
					<label>$VAR[MediaDumWatermarkContent]</label>
				</control>
				<control type="label">
					<visible>[Window.IsActive(fullscreenvideo)|Window.IsActive(visualisation)]</visible>
					<visible>![VideoPlayer.Content(livetv)|MusicPlayer.Content(livetv)] + [String.isEqual(Player.TimeRemaining(HH),00) + Integer.isLess(Player.TimeRemaining(mm),01)]</visible>
					<include condition="!Skin.HasSetting(NoAnimationInSkin)">fadeInOutVisibleDelay</include>
					<left>54</left>
					<posy>8</posy>
					<height>22</height>
					<font>Font16Bold</font>
					<textcolor>textActive</textcolor>
					<aligny>center</aligny>
					<label>$VAR[MediaDumWatermarkContent]</label>
				</control>
				<control type="label">
					<visible>[Window.IsActive(fullscreenvideo)|Window.IsActive(visualisation)]</visible>
					<visible>![VideoPlayer.Content(livetv)|MusicPlayer.Content(livetv)] + [String.isEqual(Player.TimeRemaining(HH),00) + Integer.isLess(Player.TimeRemaining(mm),01)]</visible>
				<include condition="!Skin.HasSetting(NoAnimationInSkin)">fadeInOutVisibleDelay</include>
					<left>54</left>
					<posy>28</posy>
					<height>22</height>
					<font>Font20Bold</font>
					<textcolor>textActive</textcolor>
					<aligny>center</aligny>
					<label>$INFO[Player.TimeRemaining(SS),$LOCALIZE[209] [B],[/B]]</label>
				</control>
				<control type="fadelabel">
					<visible>![Window.IsActive(fullscreenvideo)|Window.IsActive(visualisation)]</visible>
					<visible>![VideoPlayer.Content(livetv)|MusicPlayer.Content(livetv)] + [String.isEqual(Player.TimeRemaining(HH),00) + Integer.isLess(Player.TimeRemaining(mm),01)]</visible>
					<include condition="!Skin.HasSetting(NoAnimationInSkin)">fadeInOutVisibleDelay</include>
					<left>54</left>
					<posy>8</posy>
					<height>22</height>
					<font>Font16Bold</font>
					<textcolor>textActive</textcolor>
					<aligny>center</aligny>
					<pauseatend>800</pauseatend>
					<label>$VAR[MediaDumWatermarkContent]$INFO[Player.TimeRemaining(SS), -[B],[/B]]</label>
					<label>$INFO[Player.TimeRemaining(SS),$LOCALIZE[209] [B],[/B]]</label>
				</control>
				<control type="label">
					<visible>![Window.IsActive(fullscreenvideo)|Window.IsActive(visualisation)]</visible>
					<visible>![VideoPlayer.Content(livetv)|MusicPlayer.Content(livetv)] + [String.isEqual(Player.TimeRemaining(HH),00) + Integer.isLess(Player.TimeRemaining(mm),01)]</visible>
				<include condition="!Skin.HasSetting(NoAnimationInSkin)">fadeInOutVisibleDelay</include>
					<left>54</left>
					<posy>28</posy>
					<height>22</height>
					<font>Font20Bold</font>
					<textcolor>textActive</textcolor>
					<aligny>center</aligny>
					<label>$INFO[Player.Offset(1).Title]</label>
				</control>
			</control>
			<control type="group" id="4911">
				<visible>Window.IsActive(volumebar)</visible>
				<include condition="!Skin.HasSetting(NoAnimationInSkin)">fadeInOutVisibleDelay</include>
				<left>0</left>
				<right>180</right>
				<posy>0</posy>
				<height>54</height>
			<control type="progress" id="20">
				<visible>false</visible>
            			<info>Player.Volume</info>
        		</control>
				<control type="label">
					<left>16</left>
					<posy>0</posy>
					<width>28</width>
					<height>54</height>
					<font>symbolSize24</font>
					<textcolor>textActive</textcolor>
					<aligny>center</aligny>
					<label>$VAR[VolumeMedia]</label>
				</control>
				<control type="label">
					<left>54</left>
					<posy>16</posy>
					<height>28</height>
					<font>Font24Bold</font>
					<textcolor>textActive</textcolor>
					<aligny>center</aligny>
					<label>$INFO[control.getlabel(20),Volume [B],[/B]]</label>
				</control>
			</control>
		<control type="wraplist" id="4499">
				<visible>![Control.isVisible(4910) | Control.isVisible(4911)]</visible>
				<include condition="!Skin.HasSetting(NoAnimationInSkin)">fadeInOutVisibleDelay</include>
			<autoscroll time="8000">Integer.IsGreater(Container(4499).NumAllItems,1) + Control.isVisible(4499)</autoscroll>
			<scrolltime tween="cubic" easing="inout">180</scrolltime>
				<left>0</left>
				<right>180</right>
				<posy>0</posy>
				<height>54</height>
			<enable>false</enable>
			<itemlayout height="54">
				<control type="label">
					<left>18</left>
					<posy>0</posy>
					<height>54</height>
					<font>Font24Bold</font>
					<textcolor>textActive</textcolor>
					<aligny>center</aligny>
					<label>$INFO[ListItem.Label]</label>
				</control>
				<control type="image">
					<visible>String.isEmpty(ListItem.Label)</visible>
					<left>6</left>
					<posy>4</posy>
					<height>46</height>
					<texture>$INFO[ListItem.Thumb]</texture>
					<aspectratio align="left">keep</aspectratio>
					<colordiffuse>FFFFFFFF</colordiffuse>
				</control>
			</itemlayout>
			<focusedlayout height="54">
				<control type="label">
					<left>18</left>
					<posy>0</posy>
					<height>54</height>
					<font>Font24Bold</font>
					<textcolor>textActive</textcolor>
					<aligny>center</aligny>
					<label>$INFO[ListItem.Label]</label>
				</control>
				<control type="image">
					<visible>String.isEmpty(ListItem.Label)</visible>
					<left>6</left>
					<posy>4</posy>
					<height>46</height>
					<texture>$INFO[ListItem.Thumb]</texture>
					<aspectratio align="left">keep</aspectratio>
					<colordiffuse>FFFFFFFF</colordiffuse>
				</control>
			</focusedlayout>
			<content>
				<item id="1">
					<visible>Player.HasMedia</visible>
					<label>$LOCALIZE[31012]</label>
				</item>
				<item id="2">
				<visible>![Window.IsActive(1126) | Window.IsActive(ExtendedProgressDialog) | Window.isActive(videoosd) | Window.isActive(musicosd) | Window.isActive(gameosd)]</visible>
					<visible>![VideoPlayer.Content(livetv)|MusicPlayer.Content(livetv)] + Player.HasMedia</visible>
					<label>$VAR[MediaDumWatermarkContent]</label>
				</item>
				<item id="3">
				<visible>![Window.IsActive(1126) | Window.IsActive(ExtendedProgressDialog) | Window.isActive(videoosd) | Window.isActive(musicosd) | Window.isActive(gameosd)]</visible>
					<visible>![VideoPlayer.Content(livetv)|MusicPlayer.Content(livetv)] + Player.HasMedia</visible>
					<label>$VAR[TitleMediaNotif]</label>
				</item>
				<item id="4">
				<visible>![Window.IsActive(1126) | Window.IsActive(ExtendedProgressDialog) | Window.isActive(videoosd) | Window.isActive(musicosd) | Window.isActive(gameosd)]</visible>
					<visible>[VideoPlayer.Content(livetv)|MusicPlayer.Content(livetv)] + Player.HasMedia</visible>
					<label>$VAR[MediaDumWatermarkContent] - $VAR[TitleMediaNotif]</label>
				</item>
				<item id="5">
				<visible>![Window.IsActive(1126) | Window.IsActive(ExtendedProgressDialog) | Window.isActive(videoosd) | Window.isActive(musicosd) | Window.isActive(gameosd)]</visible>
					<label>$VAR[SubTitleMediaNotif]</label>
				</item>
				<item id="0">
					<visible>Player.HasMedia</visible>
					<thumb>home/Limasky-logo/LimaSkySatu-SmallLong.png</thumb>
				</item>
				<item id="1">
					<label>$INFO[System.Date]</label>
				</item>
				<item id="0">
					<thumb>home/Limasky-logo/LimaSkySatu-SmallLong.png</thumb>
				</item>
				<item id="1">
					<visible>Weather.IsFetched</visible>
					<label>$INFO[Weather.Location]$INFO[Weather.Temperature, (,)]</label>
				</item>
				<item id="2">
					<visible>Weather.IsFetched</visible>
					<label>$INFO[Weather.Conditions]</label>
				</item>
				<item id="0">
					<thumb>home/Limasky-logo/LimaSkySatu-SmallLong.png</thumb>
				</item>
			</content>
		</control>
			<control type="grouplist">
				<visible>!Skin.HasSetting(TurnOffStatusBar)</visible>
				<include condition="!Skin.HasSetting(NoAnimationInSkin)">fadeInOutVisibleDelay</include>
				<width>468</width>
				<height>54</height>
				<itemgap>0</itemgap>
				<orientation>horizontal</orientation>
				<usecontrolcoords>false</usecontrolcoords>
				<onup>9999</onup>
				<ondown>9999</ondown>
				<onleft>9999</onleft>
				<onright>9999</onright>
				<align>right</align>
				<control type="label">
					<animation type="Conditional" condition="Integer.IsEqual(System.Time(MM),59) + Integer.IsGreater(System.Time(SS),58)" reversible="false">
						<effect type="fade" start="100" end="0" time="150" delay="800"/>
						<effect type="Slide" start="0,0" end="0,-18" tween="cubic" easing="out" time="150" delay="800"/>
					</animation>
					<animation type="Conditional" condition="![Integer.IsEqual(System.Time(MM),59) + Integer.IsGreater(System.Time(SS),58)]" reversible="false">
						<effect type="fade" start="0" end="100" time="150"/>
						<effect type="Slide" start="0,18" end="0,0" tween="cubic" easing="out" time="150"/>
					</animation>
					<posy>0</posy>
					<posx>0</posx>
					<description>time</description>
					<font>Font36Bold</font>
					<textcolor>FFFFFFFF</textcolor>
					<shadowcolor>80000000</shadowcolor>
					<width>auto</width>
					<height>54</height>
					<aligny>center</aligny>
					<align>center</align>
					<label>$INFO[System.Time(HH)]</label>
				</control>
				<control type="label">
					<animation type="Conditional" condition="!Skin.HasSetting(ShowSecondinStatusBar)" pulse="true">
						<effect type="fade" start="50" end="100" time="500" delay="0"/>
					</animation>
					<posy>0</posy>
					<posx>0</posx>
					<description>time</description>
					<font>Font36Bold</font>
					<textcolor>FFFFFFFF</textcolor>
					<shadowcolor>80000000</shadowcolor>
					<width>auto</width>
					<height>54</height>
					<aligny>center</aligny>
					<align>center</align>
					<label>$VAR[SeparatorTimeVar]</label>
				</control>
				<control type="label">
					<animation type="Conditional" condition="Integer.IsGreater(System.Time(SS),58)" reversible="false">
						<effect type="fade" start="100" end="0" time="150" delay="780"/>
						<effect type="Slide" start="0,0" end="0,-18" tween="cubic" easing="out" time="150" delay="780"/>
					</animation>
					<animation type="Conditional" condition="!Integer.IsGreater(System.Time(SS),58)" reversible="false">
						<effect type="fade" start="0" end="100" time="150"/>
						<effect type="Slide" start="0,18" end="0,0" tween="cubic" easing="out" time="150"/>
					</animation>
					<posy>0</posy>
					<posx>0</posx>
					<description>time</description>
					<font>Font36Bold</font>
					<textcolor>FFFFFFFF</textcolor>
					<shadowcolor>80000000</shadowcolor>
					<width>auto</width>
					<height>54</height>
					<aligny>center</aligny>
					<align>center</align>
					<label>$INFO[System.Time(MM)]</label>
				</control>
				<control type="group">
					<visible>Skin.HasSetting(ShowSecondinStatusBar)|!String.isEmpty(System.Time(XX))</visible>
					<width>42</width>
					<height>54</height>
					<control type="label">
						<visible>!String.isEmpty(System.Time(XX))</visible>
						<posy>0</posy>
						<posx>0</posx>
						<description>time</description>
						<font>Font22Bold</font>
						<textcolor>FFFFFFFF</textcolor>
						<shadowcolor>80000000</shadowcolor>
						<width>42</width>
						<height>28</height>
						<aligny>top</aligny>
						<align>left</align>
						<label>$INFO[System.Time(XX), ,]</label>
					</control>
					<control type="label">
						<visible>Skin.HasSetting(ShowSecondinStatusBar)</visible>
						<posy>24</posy>
						<posx>0</posx>
						<description>time</description>
						<font>Font18Bold</font>
						<textcolor>FFFFFFFF</textcolor>
						<shadowcolor>80000000</shadowcolor>
						<width>42</width>
						<height>24</height>
						<aligny>center</aligny>
						<align>left</align>
						<label>$VAR[SeparatorTimeVar]$INFO[System.Time(SS)]</label>
					</control>
				</control>
				<control type="image">
					<width>18</width>
					<height>54</height>
					<texture>colors/white.png</texture>
					<colordiffuse>00FFFFFF</colordiffuse>
				</control>
			</control>
		</control>
	</include>
</includes>
