<?xml version="1.0" encoding="UTF-8"?>
<colors>
    <color name="black">ff111111</color>
    <color name="background">ff151515</color>
    <color name="highlight">fff62217</color>
    <color name="overlay">4dffffff</color>
    <color name="textActive">fff0f0f0</color>
    <color name="textDisabled">ff757575</color>
    <color name="menuDisabled">aaf0f0f0</color>
    <color name="menuUnselected">ff919191</color>
    <color name="textboxInactive">99FFFFFF</color>
    <color name="keyboardInactive">aa212121</color>
    <color name="keyboardAccent">ffBDBDBD</color>
	<color name="sorotbright">ffB52C37</color>
	<color name="sorotmedium">ffAC252F</color>
	<color name="sorotdark">ff741521</color>
	<color name="sorotan">ff9B1E2E</color>
	<color name="latarcolor">ff660000</color>
</colors>