<?xml version="1.0" encoding="UTF-8"?>
<colors>
    <color name="black">ff111111</color>
    <color name="background">ff151515</color>
    <color name="highlight">ffD2B48C</color>
    <color name="overlay">4dffffff</color>
    <color name="textActive">fff0f0f0</color>
    <color name="textDisabled">ff757575</color>
    <color name="menuDisabled">aaf0f0f0</color>
    <color name="menuUnselected">ff919191</color>
    <color name="textboxInactive">99FFFFFF</color>
    <color name="keyboardInactive">aa212121</color>
    <color name="keyboardAccent">ffBDBDBD</color>
	<color name="sorotbright">ffCD8F65</color>
	<color name="sorotmedium">ff9D6C3C</color>
	<color name="sorotdark">ff482524</color>
	<color name="sorotan">ff8C593C</color>
	<color name="latarcolor">ff2B1500</color>
</colors>