<?xml version="1.0" encoding="UTF-8"?>
<includes>
	<!-- ContentList: DialogAddonSettings, DialogSettings -->
	<include name="DialogAddonSettings">
        	<control type="group" id="9999">
			<animation effect="Slide" start="0,0" end="-504,0" tween="cubic" easing="out" time="180" delay="0" condition="Window.IsActive(selectdialog)">Conditional</animation>
			<animation effect="Slide" start="0,900" end="0,0" tween="cubic" easing="out" time="180" delay="600" condition="![Window.IsActive(filebrowser) | Window.IsActive(sliderdialog) | Window.IsActive(subtitlesearch) | Window.IsActive(filebrowser)]">Conditional</animation>
			<animation effect="Slide" start="0,0" end="-396,0" tween="cubic" easing="out" time="180" delay="0" condition="Window.IsActive(selectdialog)">Conditional</animation>
           		<left>64</left>
			<right>64</right>
			<bottom>0</bottom>
			<height>936</height>
			<control type="group">
				<animation type="windowopen">
            				<effect type="slide" start="0,936" end="0,0" tween="cubic" easing="out" time="360"/>
				</animation>
				<animation type="windowclose">
            				<effect type="slide" start="0,0" end="0,936" tween="cubic" easing="out" time="360"/>
				</animation>
				<control type="group">
					<animation effect="fade" start="100" end="0" time="300" delay="0" condition="Player.hasMedia + !Player.Paused + [Window.isActive(VideoFullScreen.xml)]">Conditional</animation>
					<include content="ModelDialogTopRounded">
						<param name="modelkey_size" value="216" />
						<param name="modelkey_color" value="sorotbright" />
						<param name="dimensionkey_size" value="dim216" />
					</include>
				</control>
				<include content="ModelDialogTopRounded">
					<param name="modelkey_size" value="216" />
					<param name="modelkey_color" value="CC000000" />
					<param name="dimensionkey_size" value="dim216" />
				</include>
				<control type="group" id="9001">
                    			<left>36</left>
                    			<left>36</left>
        				<control type="label" id="2">
						<animation type="windowopen">
            						<effect type="fade" start="0" end="100" delay="200" time="200"/>
        					</animation>
						<animation type="windowclose">
            						<effect type="fade" start="100" end="0" delay="0" time="100"/>
        					</animation>
                         			<description>TitleWindow</description>
						<posx>0</posx>
                         			<posy>36</posy>
                         			<font>Font42Bold</font>
                         			<width>auto</width>
                         			<height>72</height>
						<aligny>center</aligny>
                     				<textcolor>FFFFFFFF</textcolor>
						<label></label>
             				</control>
					<control type="group">
						<right>288</right>
						<bottom>1</bottom>
						<height>792</height>
					<control type="grouplist" id="3">
						<animation type="windowopen">
            						<effect type="fade" start="0" end="100" delay="300" time="300"/>
        					</animation>
						<animation type="windowclose">
            						<effect type="fade" start="100" end="0" delay="0" time="100"/>
        					</animation>
						<left>0</left>
						<width>288</width>
	                       	<height>792</height>
						<onleft>noop</onleft>
						<onright>5</onright>
						<onup>noop</onup>
						<ondown>noop</ondown>
						<scrolltime tween="cubic" easing="out">500</scrolltime>
					</control>
            				<control type="grouplist" id="5">
						<animation type="windowopen">
            						<effect type="fade" start="0" end="100" delay="300" time="300"/>
        					</animation>
						<animation type="windowclose">
            						<effect type="fade" start="100" end="0" delay="0" time="100"/>
        					</animation>
                				<description>control area</description>
						<left>306</left>
						<height>792</height>
						<onright>9000</onright>
						<onleft>3</onleft>
						<scrolltime tween="cubic" easing="out">500</scrolltime>
            				</control>
            				</control>
				<control type="group">
						<animation type="windowopen">
            						<effect type="fade" start="0" end="100" delay="400" time="300"/>
        					</animation>
						<animation type="windowclose">
            						<effect type="fade" start="100" end="0" delay="0" time="100"/>
        					</animation>
						<right>0</right>
						<bottom>0</bottom>
						<width>252</width>
						<height>936</height>
			<include content="ModelDialogTopRightRounded">
				<param name="modelkey_size" value="216" />
				<param name="modelkey_color" value="80000000" />
				<param name="dimensionkey_size" value="dim216" />
			</include>
			</control>
            				<control type="grouplist" id="9000">
						<animation type="windowopen">
            						<effect type="fade" start="0" end="100" delay="400" time="300"/>
        					</animation>
						<animation type="windowclose">
            						<effect type="fade" start="100" end="0" delay="0" time="100"/>
        					</animation>
                				<description>control area</description>
						<right>36</right>
						<bottom>54</bottom>
						<width>216</width>
						<height>612</height>
						<align>right</align>
						<onleft>5</onleft>
                				<onup>9000</onup>
                				<ondown>9000</ondown>
						<control type="button" id="28">
							<description>OK</description>
							<width>216</width>
							<font>Font22Bold</font>
	                				<height>54</height>
							<align>left</align>
							<texturefocus colordiffuse="sorotdark" border="8">shape/dim72/roundedright.png</texturefocus>
						</control>
						<control type="button" id="29">
							<description>Cancel</description>
							<width>216</width>
							<font>Font22Bold</font>
	                				<height>54</height>
							<align>left</align>
							<texturefocus colordiffuse="sorotdark" border="8">shape/dim72/roundedright.png</texturefocus>
						</control>
						<control type="button" id="30">
							<description>Clear / Settings</description>
							<width>216</width>
							<font>Font22Bold</font>
	                				<height>54</height>
							<align>left</align>
							<texturefocus colordiffuse="sorotdark" border="8">shape/dim72/roundedright.png</texturefocus>
						</control>
            				</control>
               			</control>
			</control>
            		<control type="button" id="7">
                		<description>Default Button</description>
				<focusedcolor>textActive</focusedcolor>
                     		<font>Font24Bold</font>
            		</control>
            		<control type="radiobutton" id="8">
                		<description>Default RadioButton</description>
				<focusedcolor>textActive</focusedcolor>
                     		<font>Font24Bold</font>
            		</control>
            		<control type="spincontrolex" id="9">
                		<description>Default spincontrolex</description>
                     		<font>Font24Bold</font>
				<spinwidth>36</spinwidth>
				<spinheight>36</spinheight>
            		</control>
            		<control type="togglebutton" id="10">
                		<description>Default Category Button</description>
				<width>288</width>
				<height>72</height>
                     		<font>Font28Bold</font>
            		</control>
            		<control type="image" id="11">
                		<description>Default Separator</description>
				<width>1360</width>
	                       	<height>2</height>
                		<texture>colors/white.png</texture>
                		<colordiffuse>highlight</colordiffuse>
                		<aspectratio>stretch</aspectratio>
            		</control>
			<control type="sliderex" id="13">
               	 		<description>Default Slider</description>
        			<font>Font24Bold</font>
							<height>72</height>
				<focusedcolor>textActive</focusedcolor>
            		</control>
			<control type="label" id="14">
                		<label></label>
                		<textoffsetx>24</textoffsetx>
                		<height>54</height>
                		<font>Font24Regular</font>
                                <textcolor>CCFFFFFF</textcolor>
            		</control>
		</control>
	</include>
	<include name="DialogSettings">
        	<control type="group" id="9999">
			<animation effect="Slide" start="0,0" end="-504,0" tween="cubic" easing="out" time="180" delay="0" condition="Window.IsActive(selectdialog)">Conditional</animation>
			<animation effect="Slide" start="0,900" end="0,0" tween="cubic" easing="out" time="180" delay="600" condition="![Window.IsActive(filebrowser) | Window.IsActive(sliderdialog) | Window.IsActive(subtitlesearch) | Window.IsActive(filebrowser)]">Conditional</animation>
			<animation effect="Slide" start="0,0" end="-396,0" tween="cubic" easing="out" time="180" delay="0" condition="Window.IsActive(selectdialog)">Conditional</animation>
           		<left>64</left>
			<right>64</right>
			<bottom>0</bottom>
			<height>936</height>
			<control type="group">
				<animation type="windowopen">
            				<effect type="slide" start="0,936" end="0,0" tween="cubic" easing="out" time="360"/>
				</animation>
				<animation type="windowclose">
            				<effect type="slide" start="0,0" end="0,936" tween="cubic" easing="out" time="360"/>
				</animation>
				<control type="group">
					<animation effect="fade" start="100" end="0" time="300" delay="0" condition="Player.hasMedia + !Player.Paused + [Window.isActive(VideoFullScreen.xml)]">Conditional</animation>
					<include content="ModelDialogTopRounded">
						<param name="modelkey_size" value="216" />
						<param name="modelkey_color" value="sorotbright" />
						<param name="dimensionkey_size" value="dim216" />
					</include>
				</control>
				<include content="ModelDialogTopRounded">
					<param name="modelkey_size" value="216" />
					<param name="modelkey_color" value="CC000000" />
					<param name="dimensionkey_size" value="dim216" />
				</include>
				<control type="group" id="9001">
                    			<left>36</left>
                    			<left>36</left>
        				<control type="label" id="2">
						<animation type="windowopen">
            						<effect type="fade" start="0" end="100" delay="200" time="200"/>
        					</animation>
						<animation type="windowclose">
            						<effect type="fade" start="100" end="0" delay="0" time="100"/>
        					</animation>
                         			<description>TitleWindow</description>
						<posx>0</posx>
                         			<posy>36</posy>
                         			<font>Font42Bold</font>
                         			<width>auto</width>
                         			<height>72</height>
						<aligny>center</aligny>
                     				<textcolor>FFFFFFFF</textcolor>
						<label></label>
             				</control>
            				<control type="grouplist" id="5">
						<animation type="windowopen">
            						<effect type="fade" start="0" end="100" delay="0" time="300"/>
        					</animation>
						<animation type="windowclose">
            						<effect type="fade" start="100" end="0" delay="0" time="100"/>
        					</animation>
                				<description>control area</description>
                    				<left>0</left>
						<right>288</right>
						<bottom>1</bottom>
						<height>792</height>
						<onright>9000</onright>
						<onleft>3</onleft>
						<scrolltime tween="cubic" easing="out">500</scrolltime>
            				</control>
				<control type="group">
						<animation type="windowopen">
            						<effect type="fade" start="0" end="100" delay="400" time="300"/>
        					</animation>
						<animation type="windowclose">
            						<effect type="fade" start="100" end="0" delay="0" time="100"/>
        					</animation>
						<right>0</right>
						<bottom>0</bottom>
						<width>252</width>
						<height>936</height>
			<include content="ModelDialogTopRightRounded">
				<param name="modelkey_size" value="216" />
				<param name="modelkey_color" value="80000000" />
				<param name="dimensionkey_size" value="dim216" />
			</include>
			</control>
            				<control type="grouplist" id="9000">
						<animation type="windowopen">
            						<effect type="fade" start="0" end="100" delay="400" time="300"/>
        					</animation>
						<animation type="windowclose">
            						<effect type="fade" start="100" end="0" delay="0" time="100"/>
        					</animation>
                				<description>control area</description>
						<right>36</right>
						<bottom>54</bottom>
						<width>216</width>
						<height>612</height>
						<align>right</align>
						<onleft>5</onleft>
                				<onup>9000</onup>
                				<ondown>9000</ondown>
						<control type="button" id="28">
							<description>OK</description>
							<width>216</width>
							<font>Font22Bold</font>
	                				<height>54</height>
							<align>left</align>
							<texturefocus colordiffuse="sorotdark" border="8">shape/dim72/roundedright.png</texturefocus>
						</control>
						<control type="button" id="29">
							<description>Cancel</description>
							<width>216</width>
							<font>Font22Bold</font>
	                				<height>54</height>
							<align>left</align>
							<texturefocus colordiffuse="sorotdark" border="8">shape/dim72/roundedright.png</texturefocus>
						</control>
						<control type="button" id="30">
							<description>Clear / Settings</description>
							<width>216</width>
							<font>Font22Bold</font>
	                				<height>54</height>
							<align>left</align>
							<texturefocus colordiffuse="sorotdark" border="8">shape/dim72/roundedright.png</texturefocus>
						</control>
            				</control>
               			</control>
			</control>
            		<control type="button" id="7">
                		<description>Default Button</description>
				<focusedcolor>textActive</focusedcolor>
                     		<font>Font24Bold</font>
				<height>72</height>
            		</control>
            		<control type="radiobutton" id="8">
                		<description>Default RadioButton</description>
                     		<font>Font24Bold</font>
				<height>72</height>
            		</control>
            		<control type="spincontrolex" id="9">
                		<description>Default spincontrolex</description>
                     		<font>Font24Bold</font>
				<height>72</height>
            		</control>
            		<control type="image" id="11">
                		<description>Default Separator</description>
				<width>1360</width>
	                       	<height>2</height>
                		<texture>colors/white.png</texture>
                		<colordiffuse>highlight</colordiffuse>
                		<aspectratio>stretch</aspectratio>
            		</control>
			<control type="sliderex" id="13">
               	 		<description>Default Slider</description>
        			<font>Font24Bold</font>
				<height>72</height>
            		</control>
			<control type="label" id="14">
                		<label></label>
                		<textoffsetx>24</textoffsetx>
                		<height>60</height>
                		<font>Font32Regular</font>
                                <textcolor>CCFFFFFF</textcolor>
            		</control>
            	</control>
	</include>
</includes>