<?xml version="1.0" encoding="UTF-8"?>
<window type="dialog" id="1101">
	<zorder>102</zorder>
	<visible>!String.isEmpty(Skin.String(DummyDimnessSkin))</visible>
						<include condition="!Skin.HasSetting(NoAnimationInSkin)">fadeInOut</include>
						<include condition="!Skin.HasSetting(NoAnimationInSkin)">fadeInOutVisible</include>
	<controls>
        		<control type="image">
            			<include>dimensionsFullscreen</include>
            			<texture>colors/black.png</texture>
            			<colordiffuse>1AFFFFFF</colordiffuse>
            			<visible>String.isEqual(Skin.String(DummyDimnessSkin),10)</visible>
        		</control>
        		<control type="image">
            			<include>dimensionsFullscreen</include>
            			<texture>colors/black.png</texture>
            			<colordiffuse>33FFFFFF</colordiffuse>
            			<visible>String.isEqual(Skin.String(DummyDimnessSkin),20)</visible>
        		</control>
        		<control type="image">
            			<include>dimensionsFullscreen</include>
            			<texture>colors/black.png</texture>
            			<colordiffuse>4DFFFFFF</colordiffuse>
            			<visible>String.isEqual(Skin.String(DummyDimnessSkin),30)</visible>
        		</control>
        		<control type="image">
            			<include>dimensionsFullscreen</include>
            			<texture>colors/black.png</texture>
            			<colordiffuse>66FFFFFF</colordiffuse>
            			<visible>String.isEqual(Skin.String(DummyDimnessSkin),40)</visible>
        		</control>
        		<control type="image">
            			<include>dimensionsFullscreen</include>
            			<texture>colors/black.png</texture>
            			<colordiffuse>80FFFFFF</colordiffuse>
            			<visible>String.isEqual(Skin.String(DummyDimnessSkin),50)</visible>
        		</control>
        		<control type="image">
            			<include>dimensionsFullscreen</include>
            			<texture>colors/black.png</texture>
            			<colordiffuse>99FFFFFF</colordiffuse>
            			<visible>String.isEqual(Skin.String(DummyDimnessSkin),60)</visible>
        		</control>
        		<control type="image">
            			<include>dimensionsFullscreen</include>
            			<texture>colors/black.png</texture>
            			<colordiffuse>B3FFFFFF</colordiffuse>
            			<visible>String.isEqual(Skin.String(DummyDimnessSkin),70)</visible>
        		</control>
        		<control type="image">
            			<include>dimensionsFullscreen</include>
            			<texture>colors/black.png</texture>
            			<colordiffuse>CCFFFFFF</colordiffuse>
            			<visible>String.isEqual(Skin.String(DummyDimnessSkin),80)</visible>
        		</control>
        		<control type="image">
            			<include>dimensionsFullscreen</include>
            			<texture>colors/black.png</texture>
            			<colordiffuse>E6FFFFFF</colordiffuse>
            			<visible>String.isEqual(Skin.String(DummyDimnessSkin),90)</visible>
        		</control>
        		<control type="image">
            			<include>dimensionsFullscreen</include>
            			<texture>colors/black.png</texture>
            			<colordiffuse>F2FFFFFF</colordiffuse>
            			<visible>String.isEqual(Skin.String(DummyDimnessSkin),100)</visible>
        		</control>
	</controls>
</window>
