<?xml version="1.0" encoding="UTF-8"?>
<window type="dialog" id="1108">
	<zorder>100</zorder>
	<defaultcontrol always="true">9909</defaultcontrol>
	<onload condition="!Skin.HasSetting(LockscreenisActive)">action(back)</onload>
	<onload condition="Skin.HasSetting(LockscreenDockingMode)">AlarmClock(satuidlemodebegin,Control.SetFocus(2010,0,absolute),00:00:05,silent)</onload>
	<onunload condition="Skin.HasSetting(LockscreenDockingMode)">CancelAlarm(satuidlemodebegin,silent)</onunload>
	<controls>
        	<control type="group" id="9999">
			<visible>Skin.HasSetting(LockscreenisActive)</visible>
			<control type="group">
				<animation type="Windowopen">
					<effect type="fade" start="0" end="100" time="10" delay="200"/>
				</animation>
				<animation type="Windowclose">
					<effect type="fade" start="100" end="0" time="10" delay="180"/>
				</animation>
				<control type="image">
					<include>dimensionsFullscreen</include>
					<texture>colors/black.png</texture>
					<aspectratio>stretch</aspectratio>
					<colordiffuse>FFFFFFFF</colordiffuse>
				</control>
				<include>UniversalLockscreenBackground</include>
				<control type="group">
					<visible>!Control.HasFocus(9909)</visible>
					<animation type="visible">
						<effect type="fade" start="0" end="100" time="500" delay="5000"/>
					</animation>
					<animation type="hidden">
						<effect type="fade" start="100" end="0" time="100"/>
					</animation>
					<control type="image">
						<include>dimensionsFullscreen</include>
						<texture>colors/black.png</texture>
						<aspectratio>stretch</aspectratio>
						<colordiffuse>FFFFFFFF</colordiffuse>
					</control>
				</control>
				<control type="group">
					<include condition="![Skin.HasSetting(LimaSkySatuAktif)|Skin.HasSetting(LimaSkyTabAktif)]">TempEvoClockDisplayModel</include>
					<include condition="Skin.HasSetting(LimaSkySatuAktif)|Skin.HasSetting(LimaSkyTabAktif)">ClockDisplayModel</include>
                    		</control>
			</control>
			<control type="group" id="990998" description="Background">
				<include condition="![Skin.HasSetting(LimaSkySatuAktif)|Skin.HasSetting(LimaSkyTabAktif)]">TempEvoOpenIdleTransition</include>
				<include condition="Skin.HasSetting(LimaSkySatuAktif)|Skin.HasSetting(LimaSkyTabAktif)">HomeIdleTransition</include>
				<bottom>36</bottom>
				<height>540</height>
				<include content="TempEvoModelDialogRounded" condition="![Skin.HasSetting(LimaSkySatuAktif)|Skin.HasSetting(LimaSkyTabAktif)]">
					<param name="modelkey_size" value="252" />
					<param name="modelkey_color" value="CC000000" />
					<param name="dimensionkey_size" value="dim360" />
				</include>
				<include content="ModelDialogRounded" condition="Skin.HasSetting(LimaSkySatuAktif)|Skin.HasSetting(LimaSkyTabAktif)">
					<param name="modelkey_size" value="252" />
					<param name="modelkey_color" value="CC000000" />
					<param name="dimensionkey_size" value="dim360" />
				</include>
				<control type="group" description="Background">
					<animation type="Windowopen">
						<effect type="fade" start="100" end="0" time="300"/>
					</animation>
					<animation type="Windowclose">
						<effect type="fade" start="0" end="100" time="300"/>
					</animation>
					<include content="TempEvoModelDialogRounded" condition="![Skin.HasSetting(LimaSkySatuAktif)|Skin.HasSetting(LimaSkyTabAktif)]">
						<param name="modelkey_size" value="252" />
						<param name="modelkey_color" value="latarcolor" />
						<param name="dimensionkey_size" value="dim360" />
					</include>
					<include content="ModelDialogRounded" condition="Skin.HasSetting(LimaSkySatuAktif)|Skin.HasSetting(LimaSkyTabAktif)">
						<param name="modelkey_size" value="252" />
						<param name="modelkey_color" value="latarcolor" />
						<param name="dimensionkey_size" value="dim360" />
					</include>
				</control>
			</control>
		</control>
		<control type="group">
			<control type="button" id="9909">
				<animation type="Conditional" condition="Control.HasFocus(2010)">
            				<effect type="slide" start="0,0" end="0,-1080" tween="cubic" easing="out" time="300"/>
				</animation>
				<left>0</left>
				<top>0</top>
				<width>100%</width>
				<height>100%</height>
				<texturefocus />
				<texturenofocus />
				<ondown>back</ondown>
				<onclick>back</onclick>
			</control>
            	</control>
	</controls>
</window>
