<?xml version="1.0" encoding="UTF-8"?>
<window>
	<defaultcontrol always="true">21</defaultcontrol>
	<depth>DepthDialog+</depth>
    <onload condition="Skin.hasSetting(LimaSkyTabAktif)">Dialog.Close(1105)</onload>
	<controls>
		<control type="group">
					<animation type="windowopen">
            					<effect type="slide" start="0,864" end="0,0" tween="cubic" easing="out" time="400"/>
					</animation>
					<animation type="windowclose">
            					<effect type="slide" start="0,0" end="0,864" tween="cubic" easing="out" time="300" delay="0"/>
					</animation>
				<centerleft>50%</centerleft>
			<bottom>0</bottom>
				<width>1368</width>
			<height>612</height>
				<include content="TempEvoModelDialogTopRounded">
					<param name="modelkey_size" value="180" />
					<param name="modelkey_color" value="sorotdark" />
					<param name="dimensionkey_size" value="dim180" />
				</include>
				<include content="TempEvoModelDialogTopRounded">
					<param name="modelkey_size" value="180" />
					<param name="modelkey_color" value="80000000" />
					<param name="dimensionkey_size" value="dim180" />
				</include>
				<include content="ModelDialogTopRounded">
					<param name="modelkey_size" value="180" />
					<param name="modelkey_color" value="sorotdark" />
					<param name="dimensionkey_size" value="dim180" />
				</include>
				<include content="ModelDialogTopRounded">
					<param name="modelkey_size" value="180" />
					<param name="modelkey_color" value="80000000" />
					<param name="dimensionkey_size" value="dim180" />
				</include>
			<control type="textbox" id="1">
				<left>64</left>
				<right>612</right>
				<top>18</top>
				<height>342</height>
				<font>Font72Bold</font>
				<label></label>
				<align>left</align>
				<aligny>top</aligny>
			</control>
			<control type="group">
				<left>64</left>
				<right>612</right>
				<bottom>36</bottom>
				<height>72</height>
	                        <control type="group">
					<include content="ModelListHorizontalRounded">
						<param name="modelkey_size" value="72" />
						<param name="modelkey_color" value="sorotdark" />
						<param name="dimensionkey_size" value="dim72" />
					</include>
		           	</control>
				<control type="label" id="4">
					<left>0</left>
					<height>72</height>
					<font>Font48Medium</font>
					<label></label>
					<textoffsetx>18</textoffsetx>
					<align>left</align>
					<aligny>center</aligny>
				</control>
			</control>
			<control type="group" id="78500">
				<bottom>36</bottom>
				<right>64</right>
				<width>486</width>
				<height>396</height>
				<!-- 1st row -->
				<control type="grouplist">
					<width>486</width>
					<height>108</height>
					<bottom>378</bottom>
					<itemgap>18</itemgap>
					<align>left</align>
					<orientation>horizontal</orientation>
					<onright>95200</onright>
					<control type="button" id="11">
						<description>1 button</description>
						<label>$LOCALIZE[12311]</label>
						<include>DefaultNumericButton</include>
						<onup>11</onup>
						<ondown>14</ondown>
					</control>
					<control type="button" id="12">
						<description>2 button</description>
						<label>$LOCALIZE[12312]</label>
						<include>DefaultNumericButton</include>
						<onup>12</onup>
						<ondown>15</ondown>
					</control>
					<control type="button" id="13">
						<description>3 button</description>
						<label>$LOCALIZE[12313]</label>
						<include>DefaultNumericButton</include>
						<onup>13</onup>
						<ondown>16</ondown>
					</control>
					<control type="button" id="23">
						<description>backspace button</description>
		                        	<font>symbolSize36</font>
						<label></label>
						<include>DefaultNumericButton</include>
						<onup>23</onup>
						<ondown>21</ondown>
					</control>
				</control>
				<!-- 2nd row -->
				<control type="grouplist">
					<width>540</width>
					<bottom>252</bottom>
					<height>108</height>
					<itemgap>18</itemgap>
					<align>left</align>
					<orientation>horizontal</orientation>
					<onright>95200</onright>
					<control type="button" id="14">
						<description>4 button</description>
						<label>$LOCALIZE[12314]</label>
						<include>DefaultNumericButton</include>
						<onup>11</onup>
						<ondown>17</ondown>
					</control>
					<control type="button" id="15">
						<description>5 button</description>
						<label>$LOCALIZE[12315]</label>
						<include>DefaultNumericButton</include>
						<onup>12</onup>
						<ondown>18</ondown>
					</control>
					<control type="button" id="16">
						<description>6 button</description>
						<label>$LOCALIZE[12316]</label>
						<include>DefaultNumericButton</include>
						<onup>13</onup>
						<ondown>19</ondown>
					</control>
					<control type="button" id="21">
						<description>done button</description>
		                        	<font>symbolSize36</font>
						<label></label>
						<include>DefaultNumericButton</include>
						<onup>23</onup>
						<ondown>990</ondown>
					</control>
				</control>
				<!-- 3rd row -->
				<control type="grouplist">
					<width>486</width>
					<bottom>126</bottom>
					<height>108</height>
					<align>left</align>
					<orientation>horizontal</orientation>
					<onright>95200</onright>
					<itemgap>18</itemgap>
					<control type="button" id="17">
						<description>7 button</description>
						<label>$LOCALIZE[12317]</label>
						<include>DefaultNumericButton</include>
						<onup>14</onup>
						<ondown>20</ondown>
					</control>
					<control type="button" id="18">
						<description>8 button</description>
						<label>$LOCALIZE[12318]</label>
						<include>DefaultNumericButton</include>
						<onup>15</onup>
						<ondown>10</ondown>
					</control>
					<control type="button" id="19">
						<description>9 button</description>
						<label>$LOCALIZE[12319]</label>
						<include>DefaultNumericButton</include>
						<onup>16</onup>
						<ondown>22</ondown>
					</control>
					<control type="button" id="901">
						<description>debug button</description>
		                        	<font>symbolSize36</font>
						<label></label>
						<include>DefaultNumericButton</include>
						<onup>21</onup>
						<ondown>990</ondown>
					</control>
				</control>
				<!-- 4th row -->
				<control type="grouplist">
					<width>486</width>
					<bottom>0</bottom>
					<itemgap>18</itemgap>
					<height>108</height>
					<align>left</align>
					<orientation>horizontal</orientation>
					<onright>95200</onright>
					<control type="button" id="20">
						<description>prev button</description>
		                        	<font>symbolSize36</font>
						<label></label>
						<include>DefaultNumericButton</include>
						<onup>17</onup>
						<ondown>20</ondown>
					</control>
					<control type="button" id="10">
						<description>0 button</description>
						<label>$LOCALIZE[12310]</label>
						<include>DefaultNumericButton</include>
						<onup>18</onup>
						<ondown>20</ondown>
					</control>
					<control type="button" id="22">
						<description>next button</description>
		                        	<font>symbolSize36</font>
						<label></label>
						<include>DefaultNumericButton</include>
						<onup>19</onup>
						<ondown>22</ondown>
					</control>
					<control type="button" id="990">
						<description>cancel button</description>
		                        	<font>symbolSize36</font>
						<label></label>
						<onclick>back</onclick>
						<include>DefaultNumericButton</include>
						<onup>21</onup>
						<ondown>990</ondown>
					</control>
				</control>
			</control>
			<control type="label" id="313">
				<centerleft>50%</centerleft>
				<top>290</top>
				<width>1440</width>
				<height>90</height>
				<font>Font24Regular</font>
				<shadowcolor>overlay</shadowcolor>
				<aligny>center</aligny>
			</control>
			<control type="group">
				<visible>Control.IsVisible(313)</visible>
				<control type="label" id="314">
					<centerleft>50%</centerleft>
					<top>370</top>
					<width>1440</width>
					<height>90</height>
					<font>Font24Regular</font>
					<shadowcolor>text_shadow</shadowcolor>
					<aligny>center</aligny>
				</control>
			</control>
		</control>
    	</controls>
</window>
