<?xml version="1.0" encoding="UTF-8"?>
<window>
	<defaultcontrol always="true">300</defaultcontrol>
	<depth>DepthDialog+</depth>
    <onload condition="Skin.hasSetting(LimaSkyTabAktif)">Dialog.Close(1105)</onload>
	<controls>
		<control type="group">
			<visible>!Window.IsVisible(numericinput)</visible>
					<animation type="visible">
            					<effect type="slide" start="0,864" end="0,0" tween="cubic" easing="out" time="400"/>
					</animation>
					<animation type="hidden">
            					<effect type="slide" start="0,0" end="0,864" tween="cubic" easing="out" time="300" delay="0"/>
					</animation>
					<animation type="windowopen">
            					<effect type="slide" start="0,864" end="0,0" tween="cubic" easing="out" time="400"/>
					</animation>
					<animation type="windowclose">
            					<effect type="slide" start="0,0" end="0,864" tween="cubic" easing="out" time="300" delay="0"/>
					</animation>
				<centerleft>50%</centerleft>
			<bottom>0</bottom>
				<width>1368</width>
			<height>612</height>
				<include content="TempEvoModelDialogTopRounded">
					<param name="modelkey_size" value="180" />
					<param name="modelkey_color" value="sorotdark" />
					<param name="dimensionkey_size" value="dim180" />
				</include>
				<include content="TempEvoModelDialogTopRounded">
					<param name="modelkey_size" value="180" />
					<param name="modelkey_color" value="80000000" />
					<param name="dimensionkey_size" value="dim180" />
				</include>
				<include content="ModelDialogTopRounded">
					<param name="modelkey_size" value="180" />
					<param name="modelkey_color" value="sorotdark" />
					<param name="dimensionkey_size" value="dim180" />
				</include>
				<include content="ModelDialogTopRounded">
					<param name="modelkey_size" value="180" />
					<param name="modelkey_color" value="80000000" />
					<param name="dimensionkey_size" value="dim180" />
				</include>
			<control type="label" id="311">
				<centerleft>50%</centerleft>
				<top>18</top>
				<width>1296</width>
				<height>36</height>
				<font>Font28Medium</font>
				<label></label>
				<align>center</align>
				<aligny>center</aligny>
			</control>
			<control type="edit" id="312">
				<centerleft>50%</centerleft>
				<top>64</top>
				<width>1296</width>
				<height>72</height>
				<font>Font36Medium</font>
				<align>center</align>
				<aligny>center</aligny>
				<texturefocus colordiffuse="highlight" border="8">shape/dim72/roundedsquare.png</texturefocus>
				<texturenofocus colordiffuse="80000000" border="8">shape/dim72/roundedsquare.png</texturenofocus>
				<onup>312</onup>
				<ondown>9010</ondown>
			</control>
			<control type="group" id="78500">
				<bottom>36</bottom>
				<centerleft>50%</centerleft>
				<width>1368</width>
				<height>396</height>
				<!-- 1st row -->
				<control type="grouplist">
					<centerleft>50%</centerleft>
					<width>100%</width>
					<height>72</height>
					<bottom>312</bottom>
					<itemgap>9</itemgap>
					<align>center</align>
					<orientation>horizontal</orientation>
					<onright>95200</onright>
					<control type="button" id="100">
						<description>(0,0) key button</description>
						<onup condition="!Integer.IsGreater(Container(9010).NumItems,0)">312</onup>
						<onup condition="Integer.IsGreater(Container(9010).NumItems,0)">9010</onup>
						<ondown>120</ondown>
						<include>DefaultKeyboardButton</include>
					</control>
					<control type="button" id="101">
						<description>(0,1) key button</description>
						<onup condition="!Integer.IsGreater(Container(9010).NumItems,0)">312</onup>
						<onup condition="Integer.IsGreater(Container(9010).NumItems,0)">9010</onup>
						<ondown>121</ondown>
						<include>DefaultKeyboardButton</include>
					</control>
					<control type="button" id="102">
						<description>(0,2) key button</description>
						<onup condition="!Integer.IsGreater(Container(9010).NumItems,0)">312</onup>
						<onup condition="Integer.IsGreater(Container(9010).NumItems,0)">9010</onup>
						<ondown>122</ondown>
						<include>DefaultKeyboardButton</include>
					</control>
					<control type="button" id="103">
						<description>(0,3) key button</description>
						<onup condition="!Integer.IsGreater(Container(9010).NumItems,0)">312</onup>
						<onup condition="Integer.IsGreater(Container(9010).NumItems,0)">9010</onup>
						<ondown>123</ondown>
						<include>DefaultKeyboardButton</include>
					</control>
					<control type="button" id="104">
						<description>(0,4) key button</description>
						<onup condition="!Integer.IsGreater(Container(9010).NumItems,0)">312</onup>
						<onup condition="Integer.IsGreater(Container(9010).NumItems,0)">9010</onup>
						<ondown>124</ondown>
						<include>DefaultKeyboardButton</include>
					</control>
					<control type="button" id="105">
						<description>(0,5) key button</description>
						<onup condition="!Integer.IsGreater(Container(9010).NumItems,0)">312</onup>
						<onup condition="Integer.IsGreater(Container(9010).NumItems,0)">9010</onup>
						<ondown>125</ondown>
						<include>DefaultKeyboardButton</include>
					</control>
					<control type="button" id="106">
						<description>(0,6) key button</description>
						<onup condition="!Integer.IsGreater(Container(9010).NumItems,0)">312</onup>
						<onup condition="Integer.IsGreater(Container(9010).NumItems,0)">9010</onup>
						<ondown>126</ondown>
						<include>DefaultKeyboardButton</include>
					</control>
					<control type="button" id="107">
						<description>(0,7) key button</description>
						<onup condition="!Integer.IsGreater(Container(9010).NumItems,0)">312</onup>
						<onup condition="Integer.IsGreater(Container(9010).NumItems,0)">9010</onup>
						<ondown>127</ondown>
						<include>DefaultKeyboardButton</include>
					</control>
					<control type="button" id="108">
						<description>(0,8) key button</description>
						<onup condition="!Integer.IsGreater(Container(9010).NumItems,0)">312</onup>
						<onup condition="Integer.IsGreater(Container(9010).NumItems,0)">9010</onup>
						<ondown>128</ondown>
						<include>DefaultKeyboardButton</include>
					</control>
					<control type="button" id="109">
						<description>(0,9) key button</description>
						<onup condition="!Integer.IsGreater(Container(9010).NumItems,0)">312</onup>
						<onup condition="Integer.IsGreater(Container(9010).NumItems,0)">9010</onup>
						<ondown>129</ondown>
						<include>DefaultKeyboardButton</include>
					</control>
					<control type="button" id="110">
						<description>(0,10) key button</description>
						<onup condition="!Integer.IsGreater(Container(9010).NumItems,0)">312</onup>
						<onup condition="Integer.IsGreater(Container(9010).NumItems,0)">9010</onup>
						<ondown>130</ondown>
						<include>DefaultKeyboardButton</include>
					</control>
					<control type="button" id="111">
						<description>(0,11) key button</description>
						<onup condition="!Integer.IsGreater(Container(9010).NumItems,0)">312</onup>
						<onup condition="Integer.IsGreater(Container(9010).NumItems,0)">9010</onup>
						<ondown>131</ondown>
						<include>DefaultKeyboardButton</include>
					</control>
					<control type="button" id="112">
						<description>(0,12) key button</description>
						<onup condition="!Integer.IsGreater(Container(9010).NumItems,0)">312</onup>
						<onup condition="Integer.IsGreater(Container(9010).NumItems,0)">9010</onup>
						<ondown>132</ondown>
						<include>DefaultKeyboardButton</include>
					</control>
					<control type="button" id="8">
						<description>BACKSPACE button</description>
						<width>216</width>
						<height>72</height>
						<texturefocus colordiffuse="highlight" border="8">shape/dim72/roundedsquare.png</texturefocus>
						<texturenofocus colordiffuse="80000000" border="8">shape/dim72/roundedsquare.png</texturenofocus>
						<align>center</align>
						<aligny>center</aligny>
        					<textoffsetx>18</textoffsetx>
						<font>symbolSize36</font>
						<label></label>
						<onup condition="!Integer.IsGreater(Container(9010).NumItems,0)">312</onup>
						<onup condition="Integer.IsGreater(Container(9010).NumItems,0)">9010</onup>
						<ondown>300</ondown>
					</control>
				</control>
				<!-- 2nd row -->
				<control type="grouplist">
					<centerleft>50%</centerleft>
					<width>1440</width>
					<bottom>234</bottom>
					<height>72</height>
					<itemgap>9</itemgap>
					<align>center</align>
					<orientation>horizontal</orientation>
					<onright>95200</onright>
					<control type="button" id="120">
						<description>(1,0) key button</description>
						<onup>100</onup>
						<ondown>140</ondown>
						<include>DefaultKeyboardButton</include>
					</control>
					<control type="button" id="121">
						<description>(1,1) key button</description>
						<onup>101</onup>
						<ondown>141</ondown>
						<include>DefaultKeyboardButton</include>
					</control>
					<control type="button" id="122">
						<description>(1,2) key button</description>
						<onup>102</onup>
						<ondown>142</ondown>
						<include>DefaultKeyboardButton</include>
					</control>
					<control type="button" id="123">
						<description>(1,3) key button</description>
						<onup>103</onup>
						<ondown>143</ondown>
						<include>DefaultKeyboardButton</include>
					</control>
					<control type="button" id="124">
						<description>(1,4) key button</description>
						<onup>104</onup>
						<ondown>144</ondown>
						<include>DefaultKeyboardButton</include>
					</control>
					<control type="button" id="125">
						<description>(1,5) key button</description>
						<onup>105</onup>
						<ondown>145</ondown>
						<include>DefaultKeyboardButton</include>
					</control>
					<control type="button" id="126">
						<description>(1,6) key button</description>
						<onup>106</onup>
						<ondown>146</ondown>
						<include>DefaultKeyboardButton</include>
					</control>
					<control type="button" id="127">
						<description>(1,7) key button</description>
						<onup>107</onup>
						<ondown>147</ondown>
						<include>DefaultKeyboardButton</include>
					</control>
					<control type="button" id="128">
						<description>(1,8) key button</description>
						<onup>108</onup>
						<ondown>148</ondown>
						<include>DefaultKeyboardButton</include>
					</control>
					<control type="button" id="129">
						<description>(1,9) key button</description>
						<onup>109</onup>
						<ondown>149</ondown>
						<include>DefaultKeyboardButton</include>
					</control>
					<control type="button" id="130">
						<description>(1,10) key button</description>
						<onup>110</onup>
						<ondown>150</ondown>
						<include>DefaultKeyboardButton</include>
					</control>
					<control type="button" id="131">
						<description>(1,11) key button</description>
						<onup>111</onup>
						<ondown>303</ondown>
						<include>DefaultKeyboardButton</include>
					</control>
					<control type="button" id="132">
						<description>(1,12) key button</description>
						<onup>112</onup>
						<ondown>303</ondown>
						<include>DefaultKeyboardButton</include>
					</control>
					<control type="button" id="300">
						<description>done button</description>
						<width>216</width>
						<height>72</height>
						<texturefocus colordiffuse="highlight" border="8">shape/dim72/roundedsquare.png</texturefocus>
						<texturenofocus colordiffuse="80000000" border="8">shape/dim72/roundedsquare.png</texturenofocus>
						<align>center</align>
						<aligny>center</aligny>
        					<textoffsetx>18</textoffsetx>
						<font>symbolSize36</font>
						<label></label>
						<ondown>301</ondown>
						<onup>8</onup>
					</control>
				</control>
				<!-- 3rd row -->
				<control type="grouplist">
					<centerleft>50%</centerleft>
					<width>1440</width>
					<bottom>156</bottom>
					<height>72</height>
					<align>center</align>
					<orientation>horizontal</orientation>
					<onright>95200</onright>
					<itemgap>9</itemgap>
					<control type="button" id="140">
						<description>(2,0) key button</description>
						<onup>120</onup>
						<ondown>160</ondown>
						<include>DefaultKeyboardButton</include>
					</control>
					<control type="button" id="141">
						<description>(2,1) key button</description>
						<onup>121</onup>
						<ondown>161</ondown>
						<include>DefaultKeyboardButton</include>
					</control>
					<control type="button" id="142">
						<description>(2,2) key button</description>
						<onup>122</onup>
						<ondown>162</ondown>
						<include>DefaultKeyboardButton</include>
					</control>
					<control type="button" id="143">
						<description>(2,3) key button</description>
						<onup>123</onup>
						<ondown>163</ondown>
						<include>DefaultKeyboardButton</include>
					</control>
					<control type="button" id="144">
						<description>(2,4) key button</description>
						<onup>124</onup>
						<ondown>164</ondown>
						<include>DefaultKeyboardButton</include>
					</control>
					<control type="button" id="145">
						<description>(2,5) key button</description>
						<onup>125</onup>
						<ondown>165</ondown>
						<include>DefaultKeyboardButton</include>
					</control>
					<control type="button" id="146">
						<description>(2,6) key button</description>
						<onup>126</onup>
						<ondown>166</ondown>
						<include>DefaultKeyboardButton</include>
					</control>
					<control type="button" id="147">
						<description>(2,7) key button</description>
						<onup>127</onup>
						<ondown>167</ondown>
						<include>DefaultKeyboardButton</include>
					</control>
					<control type="button" id="148">
						<description>(2,8) key button</description>
						<onup>128</onup>
						<ondown>168</ondown>
						<include>DefaultKeyboardButton</include>
					</control>
					<control type="button" id="149">
						<description>(2,9) key button</description>
						<onup>129</onup>
						<ondown>169</ondown>
						<include>DefaultKeyboardButton</include>
					</control>
					<control type="button" id="150">
						<description>(2,10) key button</description>
						<onup>130</onup>
						<ondown>302</ondown>
						<include>DefaultKeyboardButton</include>
					</control>
					<control type="button" id="151">
						<description>(2,11) key button</description>
						<onup>131</onup>
						<ondown>171</ondown>
						<include>DefaultKeyboardButton</include>
					</control>
					<control type="button" id="152">
						<description>(2,12) key button</description>
						<onup>132</onup>
						<ondown>172</ondown>
						<include>DefaultKeyboardButton</include>
					</control>
					<control type="button" id="303">
						<description>CAPS LOCK button</description>
						<width>216</width>
						<height>72</height>
						<texturefocus colordiffuse="highlight" border="8">shape/dim72/roundedsquare.png</texturefocus>
						<texturenofocus colordiffuse="80000000" border="8">shape/dim72/roundedsquare.png</texturenofocus>
						<align>center</align>
						<aligny>center</aligny>
        					<textoffsetx>18</textoffsetx>
						<font>Font28Medium</font>
						<onup>131</onup>
						<ondown>302</ondown>
						<label>$LOCALIZE[20179]</label>
					</control>
					<control type="button" id="301">
						<description>Cancel button</description>
						<width>162</width>
						<height>72</height>
						<texturefocus colordiffuse="highlight" border="8">shape/dim72/roundedsquare.png</texturefocus>
						<texturenofocus colordiffuse="80000000" border="8">shape/dim72/roundedsquare.png</texturenofocus>
						<onup>300</onup>
						<ondown>307</ondown>
						<align>center</align>
						<aligny>center</aligny>
        					<textoffsetx>18</textoffsetx>
						<font>symbolSize36</font>
						<label></label>
					</control>
				</control>
				<!-- 4th row -->
				<control type="grouplist">
					<centerleft>50%</centerleft>
					<width>1440</width>
					<bottom>78</bottom>
					<itemgap>9</itemgap>
					<height>72</height>
					<align>center</align>
					<orientation>horizontal</orientation>
					<onright>95200</onright>
					<control type="button" id="160">
						<description>(3,0) key button</description>
						<onup>140</onup>
						<ondown>304</ondown>
						<include>DefaultKeyboardButton</include>
					</control>
					<control type="button" id="161">
						<description>(3,1) key button</description>
						<onup>141</onup>
						<ondown>304</ondown>
						<include>DefaultKeyboardButton</include>
					</control>
					<control type="button" id="162">
						<description>(3,2) key button</description>
						<onup>142</onup>
						<ondown>304</ondown>
						<include>DefaultKeyboardButton</include>
					</control>
					<control type="button" id="163">
						<description>(3,3) key button</description>
						<onup>143</onup>
						<ondown>305</ondown>
						<include>DefaultKeyboardButton</include>
					</control>
					<control type="button" id="164">
						<description>(3,4) key button</description>
						<onup>144</onup>
						<ondown>305</ondown>
						<include>DefaultKeyboardButton</include>
					</control>
					<control type="button" id="165">
						<description>(3,5) key button</description>
						<onup>145</onup>
						<ondown>32</ondown>
						<include>DefaultKeyboardButton</include>
					</control>
					<control type="button" id="166">
						<description>(3,6) key button</description>
						<onup>146</onup>
						<ondown>32</ondown>
						<include>DefaultKeyboardButton</include>
					</control>
					<control type="button" id="167">
						<description>(3,7) key button</description>
						<onup>147</onup>
						<ondown>32</ondown>
						<include>DefaultKeyboardButton</include>
					</control>
					<control type="button" id="168">
						<description>(3,8) key button</description>
						<onup>148</onup>
						<ondown>32</ondown>
						<include>DefaultKeyboardButton</include>
					</control>
					<control type="button" id="169">
						<description>(3,9) key button</description>
						<onup>149</onup>
						<ondown>306</ondown>
						<include>DefaultKeyboardButton</include>
					</control>
					<control type="button" id="170">
						<description>(3,10) key button</description>
						<onup>150</onup>
						<ondown>306</ondown>
						<include>DefaultKeyboardButton</include>
					</control>
					<control type="button" id="171">
						<description>(3,11) key button</description>
						<onup>151</onup>
						<ondown>306</ondown>
						<include>DefaultKeyboardButton</include>
					</control>
					<control type="button" id="172">
						<description>(3,12) key button</description>
						<onup>152</onup>
						<ondown>112</ondown>
						<include>DefaultKeyboardButton</include>
					</control>
					<control type="button" id="302">
						<description>SHIFT button</description>
						<width>252</width>
						<height>72</height>
						<texturefocus colordiffuse="highlight" border="8">shape/dim72/roundedsquare.png</texturefocus>
						<texturenofocus colordiffuse="80000000" border="8">shape/dim72/roundedsquare.png</texturenofocus>
						<align>center</align>
						<aligny>center</aligny>
        					<textoffsetx>18</textoffsetx>
						<font>Font28Medium</font>
						<onup>303</onup>
						<ondown>309</ondown>
						<label>20178</label>
					</control>
					<control type="button" id="307">
						<description>IP button</description>
						<width>216</width>
						<height>72</height>
						<texturefocus colordiffuse="highlight" border="8">shape/dim72/roundedsquare.png</texturefocus>
						<texturenofocus colordiffuse="80000000" border="8">shape/dim72/roundedsquare.png</texturenofocus>
						<align>center</align>
						<aligny>center</aligny>
        					<textoffsetx>18</textoffsetx>
						<font>Font28Medium</font>
						<onup>301</onup>
						<ondown>309</ondown>
						<label>$LOCALIZE[1006]</label>
					</control>
				</control>
				<!-- 5th row -->
				<control type="grouplist">
					<centerleft>50%</centerleft>
					<width>1440</width>
					<bottom>0</bottom>
					<itemgap>9</itemgap>
					<height>72</height>
					<align>center</align>
					<orientation>horizontal</orientation>
					<onright>95200</onright>
					<control type="button" id="304">
						<description>Symbols button</description>
						<width>180</width>
						<height>72</height>
						<texturefocus colordiffuse="highlight" border="8">shape/dim72/roundedsquare.png</texturefocus>
						<texturenofocus colordiffuse="80000000" border="8">shape/dim72/roundedsquare.png</texturenofocus>
						<align>center</align>
						<aligny>center</aligny>
        					<textoffsetx>18</textoffsetx>
						<font>Font28Medium</font>
						<onup>161</onup>
						<ondown>noop</ondown>
						<label>A / Æ</label>
					</control>
					<control type="button" id="305">
						<description>previous button</description>
						<width>144</width>
						<height>72</height>
						<texturefocus colordiffuse="highlight" border="8">shape/dim72/roundedsquare.png</texturefocus>
						<texturenofocus colordiffuse="80000000" border="8">shape/dim72/roundedsquare.png</texturenofocus>
						<align>center</align>
						<aligny>center</aligny>
        					<textoffsetx>18</textoffsetx>
						<font>symbolSize36</font>
						<label></label>
						<ondown>noop</ondown>
						<onup>163</onup>
					</control>
					<control type="button" id="32">
						<description>SPACE button</description>
						<width>396</width>
						<height>72</height>
						<texturefocus colordiffuse="highlight" border="8">shape/dim72/roundedsquare.png</texturefocus>
						<texturenofocus colordiffuse="80000000" border="8">shape/dim72/roundedsquare.png</texturenofocus>
						<align>center</align>
						<aligny>center</aligny>
        					<textoffsetx>18</textoffsetx>
						<font>Font28Medium</font>
						<onup>166</onup>
						<ondown>noop</ondown>
						<label> </label>
					</control>
					<control type="button" id="306">
						<description>next button</description>
						<width>144</width>
						<height>72</height>
						<texturefocus colordiffuse="highlight" border="8">shape/dim72/roundedsquare.png</texturefocus>
						<texturenofocus colordiffuse="80000000" border="8">shape/dim72/roundedsquare.png</texturenofocus>
						<align>center</align>
						<aligny>center</aligny>
        					<textoffsetx>18</textoffsetx>
						<font>symbolSize36</font>
						<label></label>
						<ondown>108</ondown>
						<onup>169</onup>
					</control>
					<control type="button" id="309">
						<description>QWERTY button</description>
						<width>288</width>
						<height>72</height>
						<texturefocus colordiffuse="highlight" border="8">shape/dim72/roundedsquare.png</texturefocus>
						<texturenofocus colordiffuse="80000000" border="8">shape/dim72/roundedsquare.png</texturenofocus>
						<align>center</align>
						<aligny>center</aligny>
        					<textoffsetx>18</textoffsetx>
						<font>Font28Medium</font>
						<onup>302</onup>
						<ondown>noop</ondown>
					</control>
				</control>
			</control>
			<control type="panel" id="9010">
				<centerleft>50%</centerleft>
				<top>144</top>
				<width>1296</width>
				<height>36</height>
				<orientation>horizontal</orientation>
				<onleft>9010</onleft>
				<onright>9010</onright>
				<onup>312</onup>
				<ondown>100</ondown>
				<visible>!Control.IsVisible(313)</visible>
				<itemlayout width="324" height="36">
					<control type="group">
						<width>315</width>
						<height>36</height>
	                        		<control type="group">
							<include content="ModelListHorizontalRounded">
								<param name="modelkey_size" value="36" />
								<param name="modelkey_color" value="80000000" />
								<param name="dimensionkey_size" value="dim72" />
							</include>
		           			</control>
						<control type="label">
							<textoffsetx>9</textoffsetx>
							<top>0</top>
							<width>315</width>
							<height>36</height>
							<label>$INFO[ListItem.Label]</label>
							<font>Font22Bold</font>
							<align>center</align>
							<aligny>center</aligny>
						</control>
					</control>
				</itemlayout>
				<focusedlayout width="324" height="36">
					<control type="group">
						<width>315</width>
						<height>36</height>
	                        		<control type="group">
							<include condition="!Skin.HasSetting(NoAnimationInSkin)">FocusedItemFade</include>
							<include content="ModelListHorizontalRounded">
								<param name="modelkey_size" value="36" />
								<param name="modelkey_color" value="80000000" />
								<param name="dimensionkey_size" value="dim72" />
							</include>
		           			</control>
	                        		<control type="group">
							<include condition="!Skin.HasSetting(NoAnimationInSkin)">FocusedItemFade</include>
							<include content="ModelListHorizontalRounded">
								<param name="modelkey_size" value="36" />
								<param name="modelkey_color" value="sorotan" />
								<param name="dimensionkey_size" value="dim72" />
							</include>
		           			</control>
						<control type="label">
							<textoffsetx>9</textoffsetx>
							<top>0</top>
							<width>315</width>
							<height>36</height>
							<label>$INFO[ListItem.Label]</label>
							<font>Font22Bold</font>
							<align>center</align>
							<aligny>center</aligny>
						</control>
					</control>
				</focusedlayout>
				<content>plugin://plugin.program.autocompletion?info=autocomplete&amp;&amp;id=$INFO[Control.GetLabel(312).index(1)]&amp;&amp;limit=4</content>
			</control>
			<control type="label" id="313">
				<centerleft>50%</centerleft>
				<top>290</top>
				<width>1440</width>
				<height>90</height>
				<font>Font24Regular</font>
				<shadowcolor>overlay</shadowcolor>
				<aligny>center</aligny>
			</control>
			<control type="group">
				<visible>Control.IsVisible(313)</visible>
				<control type="image">
					<centerleft>50%</centerleft>
					<top>290</top>
					<width>1440</width>
					<height>90</height>
					<texture border="40">buttons/dialogbutton-nofo.png</texture>
				</control>
				<control type="image">
					<centerleft>50%</centerleft>
					<top>370</top>
					<width>1440</width>
					<height>90</height>
					<texture border="40">buttons/dialogbutton-nofo.png</texture>
				</control>
				<control type="label" id="314">
					<centerleft>50%</centerleft>
					<top>370</top>
					<width>1440</width>
					<height>90</height>
					<font>Font24Regular</font>
					<shadowcolor>text_shadow</shadowcolor>
					<aligny>center</aligny>
				</control>
			</control>
		</control>
	</controls>
</window>
