<?xml version="1.0" encoding="UTF-8"?>
<window>
	<backgroundcolor>latarcolor</backgroundcolor>
	<defaultcontrol always="true">50</defaultcontrol>
	<views>50</views>
	<controls>
        	<include>UniversalGlobalBackground</include>
        	<control type="group" id="9999">
			<include condition="!Skin.HasSetting(NoAnimationInSkin)">TempEvoSlideFadeDownTwoWayFast</include>
			<include condition="!Skin.HasSetting(NoAnimationInSkin)">SlideFadeDownTwoWayFast</include>
			<right>64</right>
			<left>64</left>
			<bottom>0</bottom>
			<height>792</height>
			<control type="grouplist" id="9000">
				<left>0</left>
				<top>0</top>
				<width>468</width>
				<height>792</height>
				<onup>9000</onup>
				<ondown>9000</ondown>
				<onright>570</onright>
                		<control type="button" id="21">
                   			<description>Level button</description>
                     			<font>Font28Bold</font>
					<focusedcolor>textActive</focusedcolor>
                			<texturenofocus></texturenofocus>
					<width>468</width>
					<height>72</height>
				<onleft>50</onleft>
                		</control>
                		<control type="radiobutton" id="22">
                    			<description>Only show current level</description>
                     			<font>Font28Bold</font>
					<focusedcolor>textActive</focusedcolor>
					<width>468</width>
					<height>72</height>
				<onleft>50</onleft>
                    			<textureradiofocus></textureradiofocus>
                    			<textureradionofocus></textureradionofocus>
                   			<radiowidth/>
                    			<radioheight/>
				</control>
				<control type="button" id="20">
					<description>Clear button</description>
                     			<font>Font28Bold</font>
					<focusedcolor>textActive</focusedcolor>
                			<texturenofocus></texturenofocus>
					<width>468</width>
					<height>72</height>
					<label>192</label>
				<onleft>50</onleft>
				</control>
			</control>
			<control type="group">
				<left>486</left>
	   			<bottom>0</bottom>
	                       	<height>792</height>
            <control type="panel" id="50">
                <onleft>9000</onleft>
                <onright>60</onright>
                <ondown>50</ondown>
                <onup>50</onup>
                <pagecontrol>60</pagecontrol>
                <itemlayout height="72">
                    <control type="label">
                        <posx>12</posx>
                        <posy>6</posy>
                        <height>36</height>
                        <aligny>center</aligny>
                        <font>Font22Bold</font>
                        <shadowcolor></shadowcolor>
                        <label>$INFO[ListItem.label2]</label>
                    </control>
                    <control type="label">
                        <posx>12</posx>
                        <posy>32</posy>
                        <height>36</height>
                        <aligny>center</aligny>
                        <font>Font24Bold</font>
                        <shadowcolor></shadowcolor>
                        <label>$INFO[ListItem.Label] - $INFO[ListItem.Property(Event.Description)]</label>
                    </control>
                </itemlayout>
                <focusedlayout height="72">
                                <include content="ModelListHorizontalRounded">
                                    <param name="modelkey_size"
                                           value="72" />
                                    <param name="modelkey_color"
                                           value="sorotdark" />
                                    <param name="dimensionkey_size"
                                           value="dim72" />
                                </include>
                    <control type="label">
                        <posx>12</posx>
                        <posy>6</posy>
                        <height>36</height>
                        <aligny>center</aligny>
                        <font>Font22Bold</font>
                        <shadowcolor></shadowcolor>
                        <label>$INFO[ListItem.label2]</label>
                    </control>
                    <control type="label">
                        <posx>12</posx>
                        <posy>32</posy>
                        <height>36</height>
                        <aligny>center</aligny>
                        <font>Font24Bold</font>
                        <shadowcolor></shadowcolor>
                        <label>$INFO[ListItem.Label] - $INFO[ListItem.Property(Event.Description)]</label>
                    </control>
                </focusedlayout>
            </control>
				<control type="scrollbar" id="60">
					<right>-48</right>
					<top>0</top>
					<width>12</width>
					<height>620</height>
					<orientation>vertical</orientation>
					<texturesliderbackground />
					<animation effect="slide" end="6,0" time="300" tween="sine" easing="inout" condition="!Control.HasFocus(60)">conditional</animation>
					<onleft>9000</onleft>
					<onright>9000</onright>
					<visible>Control.IsVisible(570)</visible>
				</control>
			</control>
            	</control>
		<include content="DefaultWindowHeader">
			<param name="sidemenu_visible">false</param>
			<param name="visible_control">true</param>
			<param name="header_label" value="$LOCALIZE[14116]"/>
			<param name="subheader_label" value="$LOCALIZE[14111]"/>
			<param name="pos_left" value="64"/>
		</include>
		<!--Universal Status Bar-->
		<include>StatusBarandTimeDisplay</include>
	</controls>
</window>
