<?xml version="1.0" encoding="UTF-8"?>
<fonts>
        <!--proportional font sizes for reference 6,8,9,10,11,12,14,18,24,30,36,48,60,72, etc-->
	<fontset id="Default">
		<!--NotoSans fontset-->
		<font>
			<name>Font16Regular</name>
			<filename>NotoSans/regular.ttf</filename>
			<size>16</size>
			<linespacing>0.8</linespacing>
		</font>
		<font>
			<name>Font16Medium</name>
			<filename>NotoSans/medium.ttf</filename>
			<size>16</size>
			<linespacing>0.8</linespacing>
		</font>
		<font>
			<name>Font16Bold</name>
			<filename>NotoSans/bold.ttf</filename>
			<size>16</size>
			<linespacing>0.8</linespacing>
		</font>
		<font>
			<name>Font18Regular</name>
			<filename>NotoSans/regular.ttf</filename>
			<size>18</size>
			<linespacing>0.8</linespacing>
		</font>
		<font>
			<name>Font18Medium</name>
			<filename>NotoSans/medium.ttf</filename>
			<size>18</size>
			<linespacing>0.8</linespacing>
		</font>
		<font>
			<name>Font18Bold</name>
			<filename>NotoSans/bold.ttf</filename>
			<size>18</size>
			<linespacing>0.8</linespacing>
		</font>
		<font>
			<name>Font20Regular</name>
			<filename>NotoSans/regular.ttf</filename>
			<size>20</size>
			<linespacing>0.8</linespacing>
		</font>
		<font>
			<name>Font20Medium</name>
			<filename>NotoSans/medium.ttf</filename>
			<size>20</size>
			<linespacing>0.8</linespacing>
		</font>
		<font>
			<name>Font20Bold</name>
			<filename>NotoSans/bold.ttf</filename>
			<size>20</size>
			<linespacing>0.8</linespacing>
		</font>
		<font>
			<name>Font22Regular</name>
			<filename>NotoSans/regular.ttf</filename>
			<size>22</size>
			<linespacing>0.8</linespacing>
		</font>
		<font>
			<name>Font22Medium</name>
			<filename>NotoSans/medium.ttf</filename>
			<size>22</size>
			<linespacing>0.8</linespacing>
		</font>
		<font>
			<name>Font22Bold</name>
			<filename>NotoSans/bold.ttf</filename>
			<size>22</size>
			<linespacing>0.8</linespacing>
		</font>
		<font>
			<name>Font24Regular</name>
			<filename>NotoSans/regular.ttf</filename>
			<size>24</size>
			<linespacing>1.0</linespacing>
		</font>
		<font>
			<name>Font24Medium</name>
			<filename>NotoSans/medium.ttf</filename>
			<size>24</size>
			<linespacing>1.0</linespacing>
		</font>
		<font>
			<name>Font24Bold</name>
			<filename>NotoSans/bold.ttf</filename>
			<size>24</size>
			<linespacing>1.0</linespacing>
		</font>
		<font>
			<name>Font28Regular</name>
			<filename>NotoSans/regular.ttf</filename>
			<size>28</size>
			<linespacing>1.0</linespacing>
		</font>
		<font>
			<name>Font28Medium</name>
			<filename>NotoSans/medium.ttf</filename>
			<size>28</size>
			<linespacing>1.0</linespacing>
		</font>
		<font>
			<name>Font28Bold</name>
			<filename>NotoSans/bold.ttf</filename>
			<size>28</size>
			<linespacing>1.0</linespacing>
		</font>
		<font>
			<name>Font32Regular</name>
			<filename>NotoSans/regular.ttf</filename>
			<size>32</size>
			<linespacing>1.0</linespacing>
		</font>
		<font>
			<name>Font32Medium</name>
			<filename>NotoSans/medium.ttf</filename>
			<size>32</size>
			<linespacing>1.0</linespacing>
		</font>
		<font>
			<name>Font32Bold</name>
			<filename>NotoSans/bold.ttf</filename>
			<size>32</size>
			<linespacing>1.0</linespacing>
		</font>
		<font>
			<name>Font36Regular</name>
			<filename>NotoSans/regular.ttf</filename>
			<size>36</size>
			<linespacing>1.0</linespacing>
		</font>
		<font>
			<name>Font36Medium</name>
			<filename>NotoSans/medium.ttf</filename>
			<size>36</size>
			<linespacing>1.0</linespacing>
		</font>
		<font>
			<name>Font36Bold</name>
			<filename>NotoSans/bold.ttf</filename>
			<size>36</size>
			<linespacing>1.0</linespacing>
		</font>
		<font>
			<name>Font42Regular</name>
			<filename>NotoSans/regular.ttf</filename>
			<size>42</size>
			<linespacing>1.0</linespacing>
		</font>
		<font>
			<name>Font42Medium</name>
			<filename>NotoSans/medium.ttf</filename>
			<size>42</size>
			<linespacing>1.0</linespacing>
		</font>
		<font>
			<name>Font42Bold</name>
			<filename>NotoSans/bold.ttf</filename>
			<size>42</size>
			<linespacing>1.0</linespacing>
		</font>
		<font>
			<name>Font48Regular</name>
			<filename>NotoSans/regular.ttf</filename>
			<size>48</size>
			<linespacing>1.0</linespacing>
		</font>
		<font>
			<name>Font48Medium</name>
			<filename>NotoSans/medium.ttf</filename>
			<size>48</size>
			<linespacing>1.0</linespacing>
		</font>
		<font>
			<name>Font48Bold</name>
			<filename>NotoSans/bold.ttf</filename>
			<size>48</size>
			<linespacing>1.0</linespacing>
		</font>
		<font>
			<name>Font54Regular</name>
			<filename>NotoSans/regular.ttf</filename>
			<size>54</size>
			<linespacing>1.0</linespacing>
		</font>
		<font>
			<name>Font54Medium</name>
			<filename>NotoSans/medium.ttf</filename>
			<size>54</size>
			<linespacing>1.0</linespacing>
		</font>
		<font>
			<name>Font54Bold</name>
			<filename>NotoSans/bold.ttf</filename>
			<size>54</size>
			<linespacing>1.0</linespacing>
		</font>
		<font>
			<name>Font60Regular</name>
			<filename>NotoSans/regular.ttf</filename>
			<size>60</size>
			<linespacing>1.0</linespacing>
		</font>
		<font>
			<name>Font60Medium</name>
			<filename>NotoSans/medium.ttf</filename>
			<size>60</size>
			<linespacing>1.0</linespacing>
		</font>
		<font>
			<name>Font60Bold</name>
			<filename>NotoSans/bold.ttf</filename>
			<size>60</size>
			<linespacing>1.0</linespacing>
		</font>
		<font>
			<name>Font66Regular</name>
			<filename>NotoSans/regular.ttf</filename>
			<size>66</size>
			<linespacing>1.0</linespacing>
		</font>
		<font>
			<name>Font66Medium</name>
			<filename>NotoSans/medium.ttf</filename>
			<size>66</size>
			<linespacing>1.0</linespacing>
		</font>
		<font>
			<name>Font66Bold</name>
			<filename>NotoSans/bold.ttf</filename>
			<size>66</size>
			<linespacing>1.0</linespacing>
		</font>
		<font>
			<name>Font72Regular</name>
			<filename>NotoSans/regular.ttf</filename>
			<size>72</size>
			<linespacing>1.0</linespacing>
		</font>
		<font>
			<name>Font72Medium</name>
			<filename>NotoSans/medium.ttf</filename>
			<size>72</size>
			<linespacing>1.0</linespacing>
		</font>
		<font>
			<name>Font72Bold</name>
			<filename>NotoSans/bold.ttf</filename>
			<size>72</size>
			<linespacing>1.0</linespacing>
		</font>
		<font>
			<name>Font78Regular</name>
			<filename>NotoSans/regular.ttf</filename>
			<size>78</size>
			<linespacing>1.0</linespacing>
		</font>
		<font>
			<name>Font78Medium</name>
			<filename>NotoSans/medium.ttf</filename>
			<size>78</size>
			<linespacing>1.0</linespacing>
		</font>
		<font>
			<name>Font78Bold</name>
			<filename>NotoSans/bold.ttf</filename>
			<size>78</size>
			<linespacing>1.0</linespacing>
		</font>
		<font>
			<name>Font84Regular</name>
			<filename>NotoSans/regular.ttf</filename>
			<size>84</size>
			<linespacing>1.0</linespacing>
		</font>
		<font>
			<name>Font84Medium</name>
			<filename>NotoSans/medium.ttf</filename>
			<size>84</size>
			<linespacing>1.0</linespacing>
		</font>
		<font>
			<name>Font84Bold</name>
			<filename>NotoSans/bold.ttf</filename>
			<size>84</size>
			<linespacing>1.0</linespacing>
		</font>
		<font>
			<name>Font90Regular</name>
			<filename>NotoSans/regular.ttf</filename>
			<size>90</size>
			<linespacing>1.0</linespacing>
		</font>
		<font>
			<name>Font90Medium</name>
			<filename>NotoSans/medium.ttf</filename>
			<size>90</size>
			<linespacing>1.0</linespacing>
		</font>
		<font>
			<name>Font90Bold</name>
			<filename>NotoSans/bold.ttf</filename>
			<size>90</size>
			<linespacing>1.0</linespacing>
		</font>
		<font>
			<name>Font96Regular</name>
			<filename>NotoSans/regular.ttf</filename>
			<size>96</size>
			<linespacing>1.0</linespacing>
		</font>
		<font>
			<name>Font96Medium</name>
			<filename>NotoSans/medium.ttf</filename>
			<size>96</size>
			<linespacing>1.0</linespacing>
		</font>
		<font>
			<name>Font96Bold</name>
			<filename>NotoSans/bold.ttf</filename>
			<size>96</size>
			<linespacing>1.0</linespacing>
		</font>
		<font>
			<name>Font108Regular</name>
			<filename>NotoSans/regular.ttf</filename>
			<size>108</size>
			<linespacing>1.2</linespacing>
		</font>
		<font>
			<name>Font108Medium</name>
			<filename>NotoSans/medium.ttf</filename>
			<size>108</size>
			<linespacing>1.2</linespacing>
		</font>
		<font>
			<name>Font108Bold</name>
			<filename>NotoSans/bold.ttf</filename>
			<size>108</size>
			<linespacing>1.2</linespacing>
		</font>
		<font>
			<name>Font120Regular</name>
			<filename>NotoSans/regular.ttf</filename>
			<size>120</size>
			<linespacing>1.2</linespacing>
		</font>
		<font>
			<name>Font120Medium</name>
			<filename>NotoSans/medium.ttf</filename>
			<size>120</size>
			<linespacing>1.2</linespacing>
		</font>
		<font>
			<name>Font120Bold</name>
			<filename>NotoSans/bold.ttf</filename>
			<size>120</size>
			<linespacing>1.2</linespacing>
		</font>
		<font>
			<name>Font132Regular</name>
			<filename>NotoSans/regular.ttf</filename>
			<size>132</size>
			<linespacing>1.2</linespacing>
		</font>
		<font>
			<name>Font132Medium</name>
			<filename>NotoSans/medium.ttf</filename>
			<size>132</size>
			<linespacing>1.2</linespacing>
		</font>
		<font>
			<name>Font132Bold</name>
			<filename>NotoSans/bold.ttf</filename>
			<size>132</size>
			<linespacing>1.2</linespacing>
		</font>
		<font>
			<name>Font144Regular</name>
			<filename>NotoSans/regular.ttf</filename>
			<size>144</size>
			<linespacing>1.2</linespacing>
		</font>
		<font>
			<name>Font144Medium</name>
			<filename>NotoSans/medium.ttf</filename>
			<size>144</size>
			<linespacing>1.2</linespacing>
		</font>
		<font>
			<name>Font144Bold</name>
			<filename>NotoSans/bold.ttf</filename>
			<size>144</size>
			<linespacing>1.2</linespacing>
		</font>
		<font>
			<name>Font156Regular</name>
			<filename>NotoSans/regular.ttf</filename>
			<size>156</size>
			<linespacing>1.5</linespacing>
		</font>
		<font>
			<name>Font156Medium</name>
			<filename>NotoSans/medium.ttf</filename>
			<size>156</size>
			<linespacing>1.5</linespacing>
		</font>
		<font>
			<name>Font156Bold</name>
			<filename>NotoSans/bold.ttf</filename>
			<size>156</size>
			<linespacing>1.5</linespacing>
		</font>
		<font>
			<name>Font168Regular</name>
			<filename>NotoSans/regular.ttf</filename>
			<size>168</size>
			<linespacing>1.5</linespacing>
		</font>
		<font>
			<name>Font168Medium</name>
			<filename>NotoSans/medium.ttf</filename>
			<size>168</size>
			<linespacing>1.5</linespacing>
		</font>
		<font>
			<name>Font168Bold</name>
			<filename>NotoSans/bold.ttf</filename>
			<size>168</size>
			<linespacing>1.5</linespacing>
		</font>
		<font>
			<name>Font180Regular</name>
			<filename>NotoSans/regular.ttf</filename>
			<size>180</size>
			<linespacing>1.5</linespacing>
		</font>
		<font>
			<name>Font180Medium</name>
			<filename>NotoSans/medium.ttf</filename>
			<size>180</size>
			<linespacing>1.5</linespacing>
		</font>
		<font>
			<name>Font180Bold</name>
			<filename>NotoSans/bold.ttf</filename>
			<size>180</size>
			<linespacing>1.5</linespacing>
		</font>
		<!-- Symbol -->
		<font>
			<name>symbolSize18</name>
			<filename>symbol.ttf</filename>
			<size>18</size>
			<style/>
		</font>
		<font>
			<name>symbolSize24</name>
			<filename>symbol.ttf</filename>
			<size>24</size>
			<style/>
		</font>
		<font>
			<name>symbolSize30</name>
			<filename>symbol.ttf</filename>
			<size>30</size>
			<style/>
		</font>
		<font>
			<name>symbolSize36</name>
			<filename>symbol.ttf</filename>
			<size>36</size>
			<style/>
		</font>
		<font>
			<name>symbolSize54</name>
			<filename>symbol.ttf</filename>
			<size>54</size>
			<style/>
		</font>
		<font>
			<name>symbolSize72</name>
			<filename>symbol.ttf</filename>
			<size>72</size>
			<style/>
		</font>
		<font>
			<name>symbolSize90</name>
			<filename>symbol.ttf</filename>
			<size>90</size>
			<style/>
		</font>
		<font>
			<name>symbolSize108</name>
			<filename>symbol.ttf</filename>
			<size>108</size>
			<style/>
		</font>
		<font>
			<name>symbolSize144</name>
			<filename>symbol.ttf</filename>
			<size>144</size>
			<style/>
		</font>
		<font>
			<name>symbolSize180</name>
			<filename>symbol.ttf</filename>
			<size>180</size>
			<style/>
		</font>
		<!-- Required for system -->
		<font>
			<name>font_flag</name>
			<filename>NotoSans/regular.ttf</filename>
			<size>18</size>
			<style>bold</style>
		</font>
		<font>
			<name>font13</name>
			<filename>NotoSans/regular.ttf</filename>
			<size>30</size>
		</font>
		<!-- Required for lockscreen -->
		<font>
			<name>FontTimeForNao</name>
			<filename>NatsuzemiMaruGothic/Natsuzemi.ttf</filename>
			<size>42</size>
			<linespacing>1.0</linespacing>
		</font>
		<font>
			<name>FontDateForIdleSmall</name>
			<filename>NatsuzemiMaruGothic/Natsuzemi.ttf</filename>
			<size>72</size>
			<linespacing>1.0</linespacing>
		</font>
		<font>
			<name>FontDateForIdle</name>
			<filename>NatsuzemiMaruGothic/Natsuzemi.ttf</filename>
			<size>180</size>
			<linespacing>1.0</linespacing>
		</font>
		<font>
			<name>FontTimeForScreensaver</name>
			<filename>NatsuzemiMaruGothic/Natsuzemi.ttf</filename>
			<size>900</size>
			<linespacing>1.0</linespacing>
		</font>
	</fontset>
	<fontset id="Roboto">
		<!--Roboto fontset-->
		<font>
			<name>Font16Regular</name>
			<filename>RobotoCJKSC/regular.ttf</filename>
			<size>16</size>
			<linespacing>1.0</linespacing>
		</font>
		<font>
			<name>Font16Medium</name>
			<filename>RobotoCJKSC/medium.ttf</filename>
			<size>16</size>
			<linespacing>1.0</linespacing>
		</font>
		<font>
			<name>Font16Bold</name>
			<filename>RobotoCJKSC/bold.ttf</filename>
			<size>16</size>
			<linespacing>1.0</linespacing>
		</font>
		<font>
			<name>Font18Regular</name>
			<filename>RobotoCJKSC/regular.ttf</filename>
			<size>18</size>
			<linespacing>1.0</linespacing>
		</font>
		<font>
			<name>Font18Medium</name>
			<filename>RobotoCJKSC/medium.ttf</filename>
			<size>18</size>
			<linespacing>1.0</linespacing>
		</font>
		<font>
			<name>Font18Bold</name>
			<filename>RobotoCJKSC/bold.ttf</filename>
			<size>18</size>
			<linespacing>1.0</linespacing>
		</font>
		<font>
			<name>Font20Regular</name>
			<filename>RobotoCJKSC/regular.ttf</filename>
			<size>20</size>
			<linespacing>1.0</linespacing>
		</font>
		<font>
			<name>Font20Medium</name>
			<filename>RobotoCJKSC/medium.ttf</filename>
			<size>20</size>
			<linespacing>1.0</linespacing>
		</font>
		<font>
			<name>Font20Bold</name>
			<filename>RobotoCJKSC/bold.ttf</filename>
			<size>20</size>
			<linespacing>1.0</linespacing>
		</font>
		<font>
			<name>Font22Regular</name>
			<filename>RobotoCJKSC/regular.ttf</filename>
			<size>22</size>
			<linespacing>1.0</linespacing>
		</font>
		<font>
			<name>Font22Medium</name>
			<filename>RobotoCJKSC/medium.ttf</filename>
			<size>22</size>
			<linespacing>1.0</linespacing>
		</font>
		<font>
			<name>Font22Bold</name>
			<filename>RobotoCJKSC/bold.ttf</filename>
			<size>22</size>
			<linespacing>1.0</linespacing>
		</font>
		<font>
			<name>Font24Regular</name>
			<filename>RobotoCJKSC/regular.ttf</filename>
			<size>24</size>
			<linespacing>1.0</linespacing>
		</font>
		<font>
			<name>Font24Medium</name>
			<filename>RobotoCJKSC/medium.ttf</filename>
			<size>24</size>
			<linespacing>1.0</linespacing>
		</font>
		<font>
			<name>Font24Bold</name>
			<filename>RobotoCJKSC/bold.ttf</filename>
			<size>24</size>
			<linespacing>1.0</linespacing>
		</font>
		<font>
			<name>Font28Regular</name>
			<filename>RobotoCJKSC/regular.ttf</filename>
			<size>28</size>
			<linespacing>1.0</linespacing>
		</font>
		<font>
			<name>Font28Medium</name>
			<filename>RobotoCJKSC/medium.ttf</filename>
			<size>28</size>
			<linespacing>1.0</linespacing>
		</font>
		<font>
			<name>Font28Bold</name>
			<filename>RobotoCJKSC/bold.ttf</filename>
			<size>28</size>
			<linespacing>1.0</linespacing>
		</font>
		<font>
			<name>Font32Regular</name>
			<filename>RobotoCJKSC/regular.ttf</filename>
			<size>32</size>
			<linespacing>1.0</linespacing>
		</font>
		<font>
			<name>Font32Medium</name>
			<filename>RobotoCJKSC/medium.ttf</filename>
			<size>32</size>
			<linespacing>1.0</linespacing>
		</font>
		<font>
			<name>Font32Bold</name>
			<filename>RobotoCJKSC/bold.ttf</filename>
			<size>32</size>
			<linespacing>1.0</linespacing>
		</font>
		<font>
			<name>Font36Regular</name>
			<filename>RobotoCJKSC/regular.ttf</filename>
			<size>36</size>
			<linespacing>1.0</linespacing>
		</font>
		<font>
			<name>Font36Medium</name>
			<filename>RobotoCJKSC/medium.ttf</filename>
			<size>36</size>
			<linespacing>1.0</linespacing>
		</font>
		<font>
			<name>Font36Bold</name>
			<filename>RobotoCJKSC/bold.ttf</filename>
			<size>36</size>
			<linespacing>1.0</linespacing>
		</font>
		<font>
			<name>Font42Regular</name>
			<filename>RobotoCJKSC/regular.ttf</filename>
			<size>42</size>
			<linespacing>1.0</linespacing>
		</font>
		<font>
			<name>Font42Medium</name>
			<filename>RobotoCJKSC/medium.ttf</filename>
			<size>42</size>
			<linespacing>1.0</linespacing>
		</font>
		<font>
			<name>Font42Bold</name>
			<filename>RobotoCJKSC/bold.ttf</filename>
			<size>42</size>
			<linespacing>1.0</linespacing>
		</font>
		<font>
			<name>Font48Regular</name>
			<filename>RobotoCJKSC/regular.ttf</filename>
			<size>48</size>
			<linespacing>1.0</linespacing>
		</font>
		<font>
			<name>Font48Medium</name>
			<filename>RobotoCJKSC/medium.ttf</filename>
			<size>48</size>
			<linespacing>1.0</linespacing>
		</font>
		<font>
			<name>Font48Bold</name>
			<filename>RobotoCJKSC/bold.ttf</filename>
			<size>48</size>
			<linespacing>1.0</linespacing>
		</font>
		<font>
			<name>Font54Regular</name>
			<filename>RobotoCJKSC/regular.ttf</filename>
			<size>54</size>
			<linespacing>1.0</linespacing>
		</font>
		<font>
			<name>Font54Medium</name>
			<filename>RobotoCJKSC/medium.ttf</filename>
			<size>54</size>
			<linespacing>1.0</linespacing>
		</font>
		<font>
			<name>Font54Bold</name>
			<filename>RobotoCJKSC/bold.ttf</filename>
			<size>54</size>
			<linespacing>1.0</linespacing>
		</font>
		<font>
			<name>Font60Regular</name>
			<filename>RobotoCJKSC/regular.ttf</filename>
			<size>60</size>
			<linespacing>1.0</linespacing>
		</font>
		<font>
			<name>Font60Medium</name>
			<filename>RobotoCJKSC/medium.ttf</filename>
			<size>60</size>
			<linespacing>1.0</linespacing>
		</font>
		<font>
			<name>Font60Bold</name>
			<filename>RobotoCJKSC/bold.ttf</filename>
			<size>60</size>
			<linespacing>1.0</linespacing>
		</font>
		<font>
			<name>Font66Regular</name>
			<filename>RobotoCJKSC/regular.ttf</filename>
			<size>66</size>
			<linespacing>1.0</linespacing>
		</font>
		<font>
			<name>Font66Medium</name>
			<filename>RobotoCJKSC/medium.ttf</filename>
			<size>66</size>
			<linespacing>1.0</linespacing>
		</font>
		<font>
			<name>Font66Bold</name>
			<filename>RobotoCJKSC/bold.ttf</filename>
			<size>66</size>
			<linespacing>1.0</linespacing>
		</font>
		<font>
			<name>Font72Regular</name>
			<filename>RobotoCJKSC/regular.ttf</filename>
			<size>72</size>
			<linespacing>1.0</linespacing>
		</font>
		<font>
			<name>Font72Medium</name>
			<filename>RobotoCJKSC/medium.ttf</filename>
			<size>72</size>
			<linespacing>1.0</linespacing>
		</font>
		<font>
			<name>Font72Bold</name>
			<filename>RobotoCJKSC/bold.ttf</filename>
			<size>72</size>
			<linespacing>1.0</linespacing>
		</font>
		<font>
			<name>Font78Regular</name>
			<filename>RobotoCJKSC/regular.ttf</filename>
			<size>78</size>
			<linespacing>1.0</linespacing>
		</font>
		<font>
			<name>Font78Medium</name>
			<filename>RobotoCJKSC/medium.ttf</filename>
			<size>78</size>
			<linespacing>1.0</linespacing>
		</font>
		<font>
			<name>Font78Bold</name>
			<filename>RobotoCJKSC/bold.ttf</filename>
			<size>78</size>
			<linespacing>1.0</linespacing>
		</font>
		<font>
			<name>Font84Regular</name>
			<filename>RobotoCJKSC/regular.ttf</filename>
			<size>84</size>
			<linespacing>1.0</linespacing>
		</font>
		<font>
			<name>Font84Medium</name>
			<filename>RobotoCJKSC/medium.ttf</filename>
			<size>84</size>
			<linespacing>1.0</linespacing>
		</font>
		<font>
			<name>Font84Bold</name>
			<filename>RobotoCJKSC/bold.ttf</filename>
			<size>84</size>
			<linespacing>1.0</linespacing>
		</font>
		<font>
			<name>Font90Regular</name>
			<filename>RobotoCJKSC/regular.ttf</filename>
			<size>90</size>
			<linespacing>1.0</linespacing>
		</font>
		<font>
			<name>Font90Medium</name>
			<filename>RobotoCJKSC/medium.ttf</filename>
			<size>90</size>
			<linespacing>1.0</linespacing>
		</font>
		<font>
			<name>Font90Bold</name>
			<filename>RobotoCJKSC/bold.ttf</filename>
			<size>90</size>
			<linespacing>1.0</linespacing>
		</font>
		<font>
			<name>Font96Regular</name>
			<filename>RobotoCJKSC/regular.ttf</filename>
			<size>96</size>
			<linespacing>1.0</linespacing>
		</font>
		<font>
			<name>Font96Medium</name>
			<filename>RobotoCJKSC/medium.ttf</filename>
			<size>96</size>
			<linespacing>1.0</linespacing>
		</font>
		<font>
			<name>Font96Bold</name>
			<filename>RobotoCJKSC/bold.ttf</filename>
			<size>96</size>
			<linespacing>1.0</linespacing>
		</font>
		<font>
			<name>Font108Regular</name>
			<filename>RobotoCJKSC/regular.ttf</filename>
			<size>108</size>
			<linespacing>1.2</linespacing>
		</font>
		<font>
			<name>Font108Medium</name>
			<filename>RobotoCJKSC/medium.ttf</filename>
			<size>108</size>
			<linespacing>1.2</linespacing>
		</font>
		<font>
			<name>Font108Bold</name>
			<filename>RobotoCJKSC/bold.ttf</filename>
			<size>108</size>
			<linespacing>1.2</linespacing>
		</font>
		<font>
			<name>Font120Regular</name>
			<filename>RobotoCJKSC/regular.ttf</filename>
			<size>120</size>
			<linespacing>1.2</linespacing>
		</font>
		<font>
			<name>Font120Medium</name>
			<filename>RobotoCJKSC/medium.ttf</filename>
			<size>120</size>
			<linespacing>1.2</linespacing>
		</font>
		<font>
			<name>Font120Bold</name>
			<filename>RobotoCJKSC/bold.ttf</filename>
			<size>120</size>
			<linespacing>1.2</linespacing>
		</font>
		<font>
			<name>Font132Regular</name>
			<filename>RobotoCJKSC/regular.ttf</filename>
			<size>132</size>
			<linespacing>1.2</linespacing>
		</font>
		<font>
			<name>Font132Medium</name>
			<filename>RobotoCJKSC/medium.ttf</filename>
			<size>132</size>
			<linespacing>1.2</linespacing>
		</font>
		<font>
			<name>Font132Bold</name>
			<filename>RobotoCJKSC/bold.ttf</filename>
			<size>132</size>
			<linespacing>1.2</linespacing>
		</font>
		<font>
			<name>Font144Regular</name>
			<filename>RobotoCJKSC/regular.ttf</filename>
			<size>144</size>
			<linespacing>1.2</linespacing>
		</font>
		<font>
			<name>Font144Medium</name>
			<filename>RobotoCJKSC/medium.ttf</filename>
			<size>144</size>
			<linespacing>1.2</linespacing>
		</font>
		<font>
			<name>Font144Bold</name>
			<filename>RobotoCJKSC/bold.ttf</filename>
			<size>144</size>
			<linespacing>1.2</linespacing>
		</font>
		<font>
			<name>Font156Regular</name>
			<filename>RobotoCJKSC/regular.ttf</filename>
			<size>156</size>
			<linespacing>1.5</linespacing>
		</font>
		<font>
			<name>Font156Medium</name>
			<filename>RobotoCJKSC/medium.ttf</filename>
			<size>156</size>
			<linespacing>1.5</linespacing>
		</font>
		<font>
			<name>Font156Bold</name>
			<filename>RobotoCJKSC/bold.ttf</filename>
			<size>156</size>
			<linespacing>1.5</linespacing>
		</font>
		<font>
			<name>Font168Regular</name>
			<filename>RobotoCJKSC/regular.ttf</filename>
			<size>168</size>
			<linespacing>1.5</linespacing>
		</font>
		<font>
			<name>Font168Medium</name>
			<filename>RobotoCJKSC/medium.ttf</filename>
			<size>168</size>
			<linespacing>1.5</linespacing>
		</font>
		<font>
			<name>Font168Bold</name>
			<filename>RobotoCJKSC/bold.ttf</filename>
			<size>168</size>
			<linespacing>1.5</linespacing>
		</font>
		<font>
			<name>Font180Regular</name>
			<filename>RobotoCJKSC/regular.ttf</filename>
			<size>180</size>
			<linespacing>1.5</linespacing>
		</font>
		<font>
			<name>Font180Medium</name>
			<filename>RobotoCJKSC/medium.ttf</filename>
			<size>180</size>
			<linespacing>1.5</linespacing>
		</font>
		<font>
			<name>Font180Bold</name>
			<filename>RobotoCJKSC/bold.ttf</filename>
			<size>180</size>
			<linespacing>1.5</linespacing>
		</font>
		<!-- Symbol -->
		<font>
			<name>symbolSize18</name>
			<filename>symbol.ttf</filename>
			<size>18</size>
			<style/>
		</font>
		<font>
			<name>symbolSize24</name>
			<filename>symbol.ttf</filename>
			<size>24</size>
			<style/>
		</font>
		<font>
			<name>symbolSize30</name>
			<filename>symbol.ttf</filename>
			<size>30</size>
			<style/>
		</font>
		<font>
			<name>symbolSize36</name>
			<filename>symbol.ttf</filename>
			<size>36</size>
			<style/>
		</font>
		<font>
			<name>symbolSize54</name>
			<filename>symbol.ttf</filename>
			<size>54</size>
			<style/>
		</font>
		<font>
			<name>symbolSize72</name>
			<filename>symbol.ttf</filename>
			<size>72</size>
			<style/>
		</font>
		<font>
			<name>symbolSize90</name>
			<filename>symbol.ttf</filename>
			<size>90</size>
			<style/>
		</font>
		<font>
			<name>symbolSize108</name>
			<filename>symbol.ttf</filename>
			<size>108</size>
			<style/>
		</font>
		<font>
			<name>symbolSize144</name>
			<filename>symbol.ttf</filename>
			<size>144</size>
			<style/>
		</font>
		<font>
			<name>symbolSize180</name>
			<filename>symbol.ttf</filename>
			<size>180</size>
			<style/>
		</font>
		<!-- Required for system -->
		<font>
			<name>font_flag</name>
			<filename>NotoSans/regular.ttf</filename>
			<size>18</size>
			<style>bold</style>
		</font>
		<font>
			<name>font13</name>
			<filename>NotoSans/regular.ttf</filename>
			<size>30</size>
		</font>
		<!-- Required for lockscreen -->
		<font>
			<name>FontTimeForNao</name>
			<filename>NatsuzemiMaruGothic/Natsuzemi.ttf</filename>
			<size>42</size>
			<linespacing>1.0</linespacing>
		</font>
		<font>
			<name>FontDateForIdleSmall</name>
			<filename>NatsuzemiMaruGothic/Natsuzemi.ttf</filename>
			<size>72</size>
			<linespacing>1.0</linespacing>
		</font>
		<font>
			<name>FontDateForIdle</name>
			<filename>NatsuzemiMaruGothic/Natsuzemi.ttf</filename>
			<size>180</size>
			<linespacing>1.0</linespacing>
		</font>
		<font>
			<name>FontTimeForScreensaver</name>
			<filename>NatsuzemiMaruGothic/Natsuzemi.ttf</filename>
			<size>900</size>
			<linespacing>1.0</linespacing>
		</font>
	</fontset>
	<fontset id="BodoniModa">
        <!--Bodoni Moda fontset-->
		<font>
			<name>Font16Regular</name>
			<filename>BodoniModa/Variable.ttf</filename>
			<size>16</size>
			<linespacing>1.0</linespacing>
		</font>
		<font>
			<name>Font16Medium</name>
			<filename>BodoniModa/Variable.ttf</filename>
			<size>16</size>
			<linespacing>1.0</linespacing>
		</font>
		<font>
			<name>Font16Bold</name>
			<filename>BodoniModa/Variable.ttf</filename>
			<size>16</size>
			<linespacing>1.0</linespacing>
			<style>bold</style>
		</font>
		<font>
			<name>Font18Regular</name>
			<filename>BodoniModa/Variable.ttf</filename>
			<size>18</size>
			<linespacing>0.8</linespacing>
		</font>
		<font>
			<name>Font18Medium</name>
			<filename>BodoniModa/Variable.ttf</filename>
			<size>18</size>
			<linespacing>0.8</linespacing>
		</font>
		<font>
			<name>Font18Bold</name>
			<filename>BodoniModa/Variable.ttf</filename>
			<size>18</size>
			<linespacing>0.8</linespacing>
			<style>bold</style>
		</font>
		<font>
			<name>Font20Regular</name>
			<filename>BodoniModa/Variable.ttf</filename>
			<size>20</size>
			<linespacing>0.8</linespacing>
		</font>
		<font>
			<name>Font20Medium</name>
			<filename>BodoniModa/Variable.ttf</filename>
			<size>20</size>
			<linespacing>0.8</linespacing>
		</font>
		<font>
			<name>Font20Bold</name>
			<filename>BodoniModa/Variable.ttf</filename>
			<size>20</size>
			<linespacing>0.8</linespacing>
			<style>bold</style>
		</font>
		<font>
			<name>Font22Regular</name>
			<filename>BodoniModa/Variable.ttf</filename>
			<size>22</size>
			<linespacing>0.8</linespacing>
		</font>
		<font>
			<name>Font22Medium</name>
			<filename>BodoniModa/Variable.ttf</filename>
			<size>22</size>
			<linespacing>0.8</linespacing>
		</font>
		<font>
			<name>Font22Bold</name>
			<filename>BodoniModa/Variable.ttf</filename>
			<size>22</size>
			<linespacing>0.8</linespacing>
			<style>bold</style>
		</font>
		<font>
			<name>Font24Regular</name>
			<filename>BodoniModa/Variable.ttf</filename>
			<size>24</size>
			<linespacing>1.0</linespacing>
		</font>
		<font>
			<name>Font24Medium</name>
			<filename>BodoniModa/Variable.ttf</filename>
			<size>24</size>
			<linespacing>1.0</linespacing>
		</font>
		<font>
			<name>Font24Bold</name>
			<filename>BodoniModa/Variable.ttf</filename>
			<size>24</size>
			<linespacing>1.0</linespacing>
			<style>bold</style>
		</font>
		<font>
			<name>Font28Regular</name>
			<filename>BodoniModa/Variable.ttf</filename>
			<size>28</size>
			<linespacing>1.0</linespacing>
		</font>
		<font>
			<name>Font28Medium</name>
			<filename>BodoniModa/Variable.ttf</filename>
			<size>28</size>
			<linespacing>1.0</linespacing>
		</font>
		<font>
			<name>Font28Bold</name>
			<filename>BodoniModa/Variable.ttf</filename>
			<size>28</size>
			<linespacing>1.0</linespacing>
			<style>bold</style>
		</font>
		<font>
			<name>Font32Regular</name>
			<filename>BodoniModa/Variable.ttf</filename>
			<size>32</size>
			<linespacing>1.0</linespacing>
		</font>
		<font>
			<name>Font32Medium</name>
			<filename>BodoniModa/Variable.ttf</filename>
			<size>32</size>
			<linespacing>1.0</linespacing>
		</font>
		<font>
			<name>Font32Bold</name>
			<filename>BodoniModa/Variable.ttf</filename>
			<size>32</size>
			<linespacing>1.0</linespacing>
			<style>bold</style>
		</font>
		<font>
			<name>Font36Regular</name>
			<filename>BodoniModa/Variable.ttf</filename>
			<size>36</size>
			<linespacing>1.0</linespacing>
		</font>
		<font>
			<name>Font36Medium</name>
			<filename>BodoniModa/Variable.ttf</filename>
			<size>36</size>
			<linespacing>1.0</linespacing>
		</font>
		<font>
			<name>Font36Bold</name>
			<filename>BodoniModa/Variable.ttf</filename>
			<size>36</size>
			<linespacing>1.0</linespacing>
			<style>bold</style>
		</font>
		<font>
			<name>Font42Regular</name>
			<filename>BodoniModa/Variable.ttf</filename>
			<size>42</size>
			<linespacing>1.0</linespacing>
		</font>
		<font>
			<name>Font42Medium</name>
			<filename>BodoniModa/Variable.ttf</filename>
			<size>42</size>
			<linespacing>1.0</linespacing>
		</font>
		<font>
			<name>Font42Bold</name>
			<filename>BodoniModa/Variable.ttf</filename>
			<size>42</size>
			<linespacing>1.0</linespacing>
			<style>bold</style>
		</font>
		<font>
			<name>Font48Regular</name>
			<filename>BodoniModa/Variable.ttf</filename>
			<size>48</size>
			<linespacing>1.0</linespacing>
		</font>
		<font>
			<name>Font48Medium</name>
			<filename>BodoniModa/Variable.ttf</filename>
			<size>48</size>
			<linespacing>1.0</linespacing>
		</font>
		<font>
			<name>Font48Bold</name>
			<filename>BodoniModa/Variable.ttf</filename>
			<size>48</size>
			<linespacing>1.0</linespacing>
			<style>bold</style>
		</font>
		<font>
			<name>Font54Regular</name>
			<filename>BodoniModa/Variable.ttf</filename>
			<size>54</size>
			<linespacing>1.0</linespacing>
		</font>
		<font>
			<name>Font54Medium</name>
			<filename>BodoniModa/Variable.ttf</filename>
			<size>54</size>
			<linespacing>1.0</linespacing>
		</font>
		<font>
			<name>Font54Bold</name>
			<filename>BodoniModa/Variable.ttf</filename>
			<size>54</size>
			<linespacing>1.0</linespacing>
			<style>bold</style>
		</font>
		<font>
			<name>Font60Regular</name>
			<filename>BodoniModa/Variable.ttf</filename>
			<size>60</size>
			<linespacing>1.0</linespacing>
		</font>
		<font>
			<name>Font60Medium</name>
			<filename>BodoniModa/Variable.ttf</filename>
			<size>60</size>
			<linespacing>1.0</linespacing>
		</font>
		<font>
			<name>Font60Bold</name>
			<filename>BodoniModa/Variable.ttf</filename>
			<size>60</size>
			<linespacing>1.0</linespacing>
			<style>bold</style>
		</font>
		<font>
			<name>Font66Regular</name>
			<filename>BodoniModa/Variable.ttf</filename>
			<size>66</size>
			<linespacing>1.0</linespacing>
		</font>
		<font>
			<name>Font66Medium</name>
			<filename>BodoniModa/Variable.ttf</filename>
			<size>66</size>
			<linespacing>1.0</linespacing>
		</font>
		<font>
			<name>Font66Bold</name>
			<filename>BodoniModa/Variable.ttf</filename>
			<size>66</size>
			<linespacing>1.0</linespacing>
			<style>bold</style>
		</font>
		<font>
			<name>Font72Regular</name>
			<filename>BodoniModa/Variable.ttf</filename>
			<size>72</size>
			<linespacing>1.0</linespacing>
		</font>
		<font>
			<name>Font72Medium</name>
			<filename>BodoniModa/Variable.ttf</filename>
			<size>72</size>
			<linespacing>1.0</linespacing>
		</font>
		<font>
			<name>Font72Bold</name>
			<filename>BodoniModa/Variable.ttf</filename>
			<size>72</size>
			<linespacing>1.0</linespacing>
			<style>bold</style>
		</font>
		<font>
			<name>Font78Regular</name>
			<filename>BodoniModa/Variable.ttf</filename>
			<size>78</size>
			<linespacing>1.0</linespacing>
		</font>
		<font>
			<name>Font78Medium</name>
			<filename>BodoniModa/Variable.ttf</filename>
			<size>78</size>
			<linespacing>1.0</linespacing>
		</font>
		<font>
			<name>Font78Bold</name>
			<filename>BodoniModa/Variable.ttf</filename>
			<size>78</size>
			<linespacing>1.0</linespacing>
			<style>bold</style>
		</font>
		<font>
			<name>Font84Regular</name>
			<filename>BodoniModa/Variable.ttf</filename>
			<size>84</size>
			<linespacing>1.0</linespacing>
		</font>
		<font>
			<name>Font84Medium</name>
			<filename>BodoniModa/Variable.ttf</filename>
			<size>84</size>
			<linespacing>1.0</linespacing>
		</font>
		<font>
			<name>Font84Bold</name>
			<filename>BodoniModa/Variable.ttf</filename>
			<size>84</size>
			<linespacing>1.0</linespacing>
			<style>bold</style>
		</font>
		<font>
			<name>Font90Regular</name>
			<filename>BodoniModa/Variable.ttf</filename>
			<size>90</size>
			<linespacing>1.0</linespacing>
		</font>
		<font>
			<name>Font90Medium</name>
			<filename>BodoniModa/Variable.ttf</filename>
			<size>90</size>
			<linespacing>1.0</linespacing>
		</font>
		<font>
			<name>Font90Bold</name>
			<filename>BodoniModa/Variable.ttf</filename>
			<size>90</size>
			<linespacing>1.0</linespacing>
			<style>bold</style>
		</font>
		<font>
			<name>Font96Regular</name>
			<filename>BodoniModa/Variable.ttf</filename>
			<size>96</size>
			<linespacing>1.0</linespacing>
		</font>
		<font>
			<name>Font96Medium</name>
			<filename>BodoniModa/Variable.ttf</filename>
			<size>96</size>
			<linespacing>1.0</linespacing>
		</font>
		<font>
			<name>Font96Bold</name>
			<filename>BodoniModa/Variable.ttf</filename>
			<size>96</size>
			<linespacing>1.0</linespacing>
			<style>bold</style>
		</font>
		<font>
			<name>Font108Regular</name>
			<filename>BodoniModa/Variable.ttf</filename>
			<size>108</size>
			<linespacing>1.0</linespacing>
		</font>
		<font>
			<name>Font108Medium</name>
			<filename>BodoniModa/Variable.ttf</filename>
			<size>108</size>
			<linespacing>1.0</linespacing>
		</font>
		<font>
			<name>Font108Bold</name>
			<filename>BodoniModa/Variable.ttf</filename>
			<size>108</size>
			<linespacing>1.0</linespacing>
			<style>bold</style>
		</font>
		<font>
			<name>Font120Regular</name>
			<filename>BodoniModa/Variable.ttf</filename>
			<size>120</size>
			<linespacing>1.0</linespacing>
		</font>
		<font>
			<name>Font120Medium</name>
			<filename>BodoniModa/Variable.ttf</filename>
			<size>120</size>
			<linespacing>1.0</linespacing>
		</font>
		<font>
			<name>Font120Bold</name>
			<filename>BodoniModa/Variable.ttf</filename>
			<size>120</size>
			<linespacing>1.0</linespacing>
			<style>bold</style>
		</font>
		<font>
			<name>Font132Regular</name>
			<filename>BodoniModa/Variable.ttf</filename>
			<size>132</size>
			<linespacing>1.0</linespacing>
		</font>
		<font>
			<name>Font132Medium</name>
			<filename>BodoniModa/Variable.ttf</filename>
			<size>132</size>
			<linespacing>1.0</linespacing>
		</font>
		<font>
			<name>Font132Bold</name>
			<filename>BodoniModa/Variable.ttf</filename>
			<size>132</size>
			<linespacing>1.0</linespacing>
			<style>bold</style>
		</font>
		<font>
			<name>Font144Regular</name>
			<filename>BodoniModa/Variable.ttf</filename>
			<size>144</size>
			<linespacing>1.0</linespacing>
		</font>
		<font>
			<name>Font144Medium</name>
			<filename>BodoniModa/Variable.ttf</filename>
			<size>144</size>
			<linespacing>1.0</linespacing>
		</font>
		<font>
			<name>Font144Bold</name>
			<filename>BodoniModa/Variable.ttf</filename>
			<size>144</size>
			<linespacing>1.0</linespacing>
			<style>bold</style>
		</font>
		<font>
			<name>Font156Regular</name>
			<filename>BodoniModa/Variable.ttf</filename>
			<size>156</size>
			<linespacing>1.0</linespacing>
		</font>
		<font>
			<name>Font156Medium</name>
			<filename>BodoniModa/Variable.ttf</filename>
			<size>156</size>
			<linespacing>1.0</linespacing>
		</font>
		<font>
			<name>Font156Bold</name>
			<filename>BodoniModa/Variable.ttf</filename>
			<size>156</size>
			<linespacing>1.0</linespacing>
			<style>bold</style>
		</font>
		<font>
			<name>Font168Regular</name>
			<filename>BodoniModa/Variable.ttf</filename>
			<size>168</size>
			<linespacing>1.0</linespacing>
		</font>
		<font>
			<name>Font168Medium</name>
			<filename>BodoniModa/Variable.ttf</filename>
			<size>168</size>
			<linespacing>1.0</linespacing>
		</font>
		<font>
			<name>Font168Bold</name>
			<filename>BodoniModa/Variable.ttf</filename>
			<size>168</size>
			<linespacing>1.0</linespacing>
			<style>bold</style>
		</font>
		<font>
			<name>Font180Regular</name>
			<filename>BodoniModa/Variable.ttf</filename>
			<size>180</size>
			<linespacing>1.0</linespacing>
		</font>
		<font>
			<name>Font180Medium</name>
			<filename>BodoniModa/Variable.ttf</filename>
			<size>180</size>
			<linespacing>1.0</linespacing>
		</font>
		<font>
			<name>Font180Bold</name>
			<filename>BodoniModa/Variable.ttf</filename>
			<size>180</size>
			<linespacing>1.0</linespacing>
			<style>bold</style>
		</font>
		<!-- Required for system -->
		<font>
			<name>symbolSize18</name>
			<filename>symbol.ttf</filename>
			<size>18</size>
			<style/>
		</font>
		<font>
			<name>symbolSize24</name>
			<filename>symbol.ttf</filename>
			<size>24</size>
			<style/>
		</font>
		<font>
			<name>symbolSize30</name>
			<filename>symbol.ttf</filename>
			<size>30</size>
			<style/>
		</font>
		<font>
			<name>symbolSize36</name>
			<filename>symbol.ttf</filename>
			<size>36</size>
			<style/>
		</font>
		<font>
			<name>symbolSize54</name>
			<filename>symbol.ttf</filename>
			<size>54</size>
			<style/>
		</font>
		<font>
			<name>symbolSize72</name>
			<filename>symbol.ttf</filename>
			<size>72</size>
			<style/>
		</font>
		<font>
			<name>symbolSize90</name>
			<filename>symbol.ttf</filename>
			<size>90</size>
			<style/>
		</font>
		<font>
			<name>symbolSize108</name>
			<filename>symbol.ttf</filename>
			<size>108</size>
			<style/>
		</font>
		<font>
			<name>symbolSize144</name>
			<filename>symbol.ttf</filename>
			<size>144</size>
			<style/>
		</font>
		<font>
			<name>symbolSize180</name>
			<filename>symbol.ttf</filename>
			<size>180</size>
			<style/>
		</font>
	    <!-- Required for system -->
		<font>
			<name>font_flag</name>
			<filename>NotoSans/regular.ttf</filename>
			<size>18</size>
			<style>bold</style>
		</font>
		<font>
			<name>font13</name>
			<filename>NotoSans/regular.ttf</filename>
			<size>30</size>
		</font>
		<!-- Required for lockscreen -->
		<font>
			<name>FontTimeForNao</name>
			<filename>NatsuzemiMaruGothic/Natsuzemi.ttf</filename>
			<size>42</size>
			<linespacing>1.0</linespacing>
		</font>
		<font>
			<name>FontDateForIdleSmall</name>
			<filename>NatsuzemiMaruGothic/Natsuzemi.ttf</filename>
			<size>72</size>
			<linespacing>1.0</linespacing>
		</font>
		<font>
			<name>FontDateForIdle</name>
			<filename>NatsuzemiMaruGothic/Natsuzemi.ttf</filename>
			<size>180</size>
			<linespacing>1.0</linespacing>
		</font>
		<font>
			<name>FontTimeForScreensaver</name>
			<filename>NatsuzemiMaruGothic/Natsuzemi.ttf</filename>
			<size>900</size>
			<linespacing>1.0</linespacing>
		</font>
	</fontset>
	<fontset id="DotGothic16">
        <!--DotGothic16 Moda fontset-->
		<font>
			<name>Font16Regular</name>
			<filename>DotGothic16/Regular.ttf</filename>
			<size>16</size>
			<linespacing>1.0</linespacing>
		</font>
		<font>
			<name>Font16Medium</name>
			<filename>DotGothic16/Regular.ttf</filename>
			<size>16</size>
			<linespacing>1.0</linespacing>
		</font>
		<font>
			<name>Font16Bold</name>
			<filename>DotGothic16/Regular.ttf</filename>
			<size>16</size>
			<linespacing>1.0</linespacing>
			<style>bold</style>
		</font>
		<font>
			<name>Font18Regular</name>
			<filename>DotGothic16/Regular.ttf</filename>
			<size>18</size>
			<linespacing>0.8</linespacing>
		</font>
		<font>
			<name>Font18Medium</name>
			<filename>DotGothic16/Regular.ttf</filename>
			<size>18</size>
			<linespacing>0.8</linespacing>
		</font>
		<font>
			<name>Font18Bold</name>
			<filename>DotGothic16/Regular.ttf</filename>
			<size>18</size>
			<linespacing>0.8</linespacing>
			<style>bold</style>
		</font>
		<font>
			<name>Font20Regular</name>
			<filename>DotGothic16/Regular.ttf</filename>
			<size>20</size>
			<linespacing>0.8</linespacing>
		</font>
		<font>
			<name>Font20Medium</name>
			<filename>DotGothic16/Regular.ttf</filename>
			<size>20</size>
			<linespacing>0.8</linespacing>
		</font>
		<font>
			<name>Font20Bold</name>
			<filename>DotGothic16/Regular.ttf</filename>
			<size>20</size>
			<linespacing>0.8</linespacing>
			<style>bold</style>
		</font>
		<font>
			<name>Font22Regular</name>
			<filename>DotGothic16/Regular.ttf</filename>
			<size>22</size>
			<linespacing>0.8</linespacing>
		</font>
		<font>
			<name>Font22Medium</name>
			<filename>DotGothic16/Regular.ttf</filename>
			<size>22</size>
			<linespacing>0.8</linespacing>
		</font>
		<font>
			<name>Font22Bold</name>
			<filename>DotGothic16/Regular.ttf</filename>
			<size>22</size>
			<linespacing>0.8</linespacing>
			<style>bold</style>
		</font>
		<font>
			<name>Font24Regular</name>
			<filename>DotGothic16/Regular.ttf</filename>
			<size>24</size>
			<linespacing>1.0</linespacing>
		</font>
		<font>
			<name>Font24Medium</name>
			<filename>DotGothic16/Regular.ttf</filename>
			<size>24</size>
			<linespacing>1.0</linespacing>
		</font>
		<font>
			<name>Font24Bold</name>
			<filename>DotGothic16/Regular.ttf</filename>
			<size>24</size>
			<linespacing>1.0</linespacing>
			<style>bold</style>
		</font>
		<font>
			<name>Font28Regular</name>
			<filename>DotGothic16/Regular.ttf</filename>
			<size>28</size>
			<linespacing>1.0</linespacing>
		</font>
		<font>
			<name>Font28Medium</name>
			<filename>DotGothic16/Regular.ttf</filename>
			<size>28</size>
			<linespacing>1.0</linespacing>
		</font>
		<font>
			<name>Font28Bold</name>
			<filename>DotGothic16/Regular.ttf</filename>
			<size>28</size>
			<linespacing>1.0</linespacing>
			<style>bold</style>
		</font>
		<font>
			<name>Font32Regular</name>
			<filename>DotGothic16/Regular.ttf</filename>
			<size>32</size>
			<linespacing>1.0</linespacing>
		</font>
		<font>
			<name>Font32Medium</name>
			<filename>DotGothic16/Regular.ttf</filename>
			<size>32</size>
			<linespacing>1.0</linespacing>
		</font>
		<font>
			<name>Font32Bold</name>
			<filename>DotGothic16/Regular.ttf</filename>
			<size>32</size>
			<linespacing>1.0</linespacing>
			<style>bold</style>
		</font>
		<font>
			<name>Font36Regular</name>
			<filename>DotGothic16/Regular.ttf</filename>
			<size>36</size>
			<linespacing>1.0</linespacing>
		</font>
		<font>
			<name>Font36Medium</name>
			<filename>DotGothic16/Regular.ttf</filename>
			<size>36</size>
			<linespacing>1.0</linespacing>
		</font>
		<font>
			<name>Font36Bold</name>
			<filename>DotGothic16/Regular.ttf</filename>
			<size>36</size>
			<linespacing>1.0</linespacing>
			<style>bold</style>
		</font>
		<font>
			<name>Font42Regular</name>
			<filename>DotGothic16/Regular.ttf</filename>
			<size>42</size>
			<linespacing>1.0</linespacing>
		</font>
		<font>
			<name>Font42Medium</name>
			<filename>DotGothic16/Regular.ttf</filename>
			<size>42</size>
			<linespacing>1.0</linespacing>
		</font>
		<font>
			<name>Font42Bold</name>
			<filename>DotGothic16/Regular.ttf</filename>
			<size>42</size>
			<linespacing>1.0</linespacing>
			<style>bold</style>
		</font>
		<font>
			<name>Font48Regular</name>
			<filename>DotGothic16/Regular.ttf</filename>
			<size>48</size>
			<linespacing>1.0</linespacing>
		</font>
		<font>
			<name>Font48Medium</name>
			<filename>DotGothic16/Regular.ttf</filename>
			<size>48</size>
			<linespacing>1.0</linespacing>
		</font>
		<font>
			<name>Font48Bold</name>
			<filename>DotGothic16/Regular.ttf</filename>
			<size>48</size>
			<linespacing>1.0</linespacing>
			<style>bold</style>
		</font>
		<font>
			<name>Font54Regular</name>
			<filename>DotGothic16/Regular.ttf</filename>
			<size>54</size>
			<linespacing>1.0</linespacing>
		</font>
		<font>
			<name>Font54Medium</name>
			<filename>DotGothic16/Regular.ttf</filename>
			<size>54</size>
			<linespacing>1.0</linespacing>
		</font>
		<font>
			<name>Font54Bold</name>
			<filename>DotGothic16/Regular.ttf</filename>
			<size>54</size>
			<linespacing>1.0</linespacing>
			<style>bold</style>
		</font>
		<font>
			<name>Font60Regular</name>
			<filename>DotGothic16/Regular.ttf</filename>
			<size>60</size>
			<linespacing>1.0</linespacing>
		</font>
		<font>
			<name>Font60Medium</name>
			<filename>DotGothic16/Regular.ttf</filename>
			<size>60</size>
			<linespacing>1.0</linespacing>
		</font>
		<font>
			<name>Font60Bold</name>
			<filename>DotGothic16/Regular.ttf</filename>
			<size>60</size>
			<linespacing>1.0</linespacing>
			<style>bold</style>
		</font>
		<font>
			<name>Font66Regular</name>
			<filename>DotGothic16/Regular.ttf</filename>
			<size>66</size>
			<linespacing>1.0</linespacing>
		</font>
		<font>
			<name>Font66Medium</name>
			<filename>DotGothic16/Regular.ttf</filename>
			<size>66</size>
			<linespacing>1.0</linespacing>
		</font>
		<font>
			<name>Font66Bold</name>
			<filename>DotGothic16/Regular.ttf</filename>
			<size>66</size>
			<linespacing>1.0</linespacing>
			<style>bold</style>
		</font>
		<font>
			<name>Font72Regular</name>
			<filename>DotGothic16/Regular.ttf</filename>
			<size>72</size>
			<linespacing>1.0</linespacing>
		</font>
		<font>
			<name>Font72Medium</name>
			<filename>DotGothic16/Regular.ttf</filename>
			<size>72</size>
			<linespacing>1.0</linespacing>
		</font>
		<font>
			<name>Font72Bold</name>
			<filename>DotGothic16/Regular.ttf</filename>
			<size>72</size>
			<linespacing>1.0</linespacing>
			<style>bold</style>
		</font>
		<font>
			<name>Font78Regular</name>
			<filename>DotGothic16/Regular.ttf</filename>
			<size>78</size>
			<linespacing>1.0</linespacing>
		</font>
		<font>
			<name>Font78Medium</name>
			<filename>DotGothic16/Regular.ttf</filename>
			<size>78</size>
			<linespacing>1.0</linespacing>
		</font>
		<font>
			<name>Font78Bold</name>
			<filename>DotGothic16/Regular.ttf</filename>
			<size>78</size>
			<linespacing>1.0</linespacing>
			<style>bold</style>
		</font>
		<font>
			<name>Font84Regular</name>
			<filename>DotGothic16/Regular.ttf</filename>
			<size>84</size>
			<linespacing>1.0</linespacing>
		</font>
		<font>
			<name>Font84Medium</name>
			<filename>DotGothic16/Regular.ttf</filename>
			<size>84</size>
			<linespacing>1.0</linespacing>
		</font>
		<font>
			<name>Font84Bold</name>
			<filename>DotGothic16/Regular.ttf</filename>
			<size>84</size>
			<linespacing>1.0</linespacing>
			<style>bold</style>
		</font>
		<font>
			<name>Font90Regular</name>
			<filename>DotGothic16/Regular.ttf</filename>
			<size>90</size>
			<linespacing>1.0</linespacing>
		</font>
		<font>
			<name>Font90Medium</name>
			<filename>DotGothic16/Regular.ttf</filename>
			<size>90</size>
			<linespacing>1.0</linespacing>
		</font>
		<font>
			<name>Font90Bold</name>
			<filename>DotGothic16/Regular.ttf</filename>
			<size>90</size>
			<linespacing>1.0</linespacing>
			<style>bold</style>
		</font>
		<font>
			<name>Font96Regular</name>
			<filename>DotGothic16/Regular.ttf</filename>
			<size>96</size>
			<linespacing>1.0</linespacing>
		</font>
		<font>
			<name>Font96Medium</name>
			<filename>DotGothic16/Regular.ttf</filename>
			<size>96</size>
			<linespacing>1.0</linespacing>
		</font>
		<font>
			<name>Font96Bold</name>
			<filename>DotGothic16/Regular.ttf</filename>
			<size>96</size>
			<linespacing>1.0</linespacing>
			<style>bold</style>
		</font>
		<font>
			<name>Font108Regular</name>
			<filename>DotGothic16/Regular.ttf</filename>
			<size>108</size>
			<linespacing>1.0</linespacing>
		</font>
		<font>
			<name>Font108Medium</name>
			<filename>DotGothic16/Regular.ttf</filename>
			<size>108</size>
			<linespacing>1.0</linespacing>
		</font>
		<font>
			<name>Font108Bold</name>
			<filename>DotGothic16/Regular.ttf</filename>
			<size>108</size>
			<linespacing>1.0</linespacing>
			<style>bold</style>
		</font>
		<font>
			<name>Font120Regular</name>
			<filename>DotGothic16/Regular.ttf</filename>
			<size>120</size>
			<linespacing>1.0</linespacing>
		</font>
		<font>
			<name>Font120Medium</name>
			<filename>DotGothic16/Regular.ttf</filename>
			<size>120</size>
			<linespacing>1.0</linespacing>
		</font>
		<font>
			<name>Font120Bold</name>
			<filename>DotGothic16/Regular.ttf</filename>
			<size>120</size>
			<linespacing>1.0</linespacing>
			<style>bold</style>
		</font>
		<font>
			<name>Font132Regular</name>
			<filename>DotGothic16/Regular.ttf</filename>
			<size>132</size>
			<linespacing>1.0</linespacing>
		</font>
		<font>
			<name>Font132Medium</name>
			<filename>DotGothic16/Regular.ttf</filename>
			<size>132</size>
			<linespacing>1.0</linespacing>
		</font>
		<font>
			<name>Font132Bold</name>
			<filename>DotGothic16/Regular.ttf</filename>
			<size>132</size>
			<linespacing>1.0</linespacing>
			<style>bold</style>
		</font>
		<font>
			<name>Font144Regular</name>
			<filename>DotGothic16/Regular.ttf</filename>
			<size>144</size>
			<linespacing>1.0</linespacing>
		</font>
		<font>
			<name>Font144Medium</name>
			<filename>DotGothic16/Regular.ttf</filename>
			<size>144</size>
			<linespacing>1.0</linespacing>
		</font>
		<font>
			<name>Font144Bold</name>
			<filename>DotGothic16/Regular.ttf</filename>
			<size>144</size>
			<linespacing>1.0</linespacing>
			<style>bold</style>
		</font>
		<font>
			<name>Font156Regular</name>
			<filename>DotGothic16/Regular.ttf</filename>
			<size>156</size>
			<linespacing>1.0</linespacing>
		</font>
		<font>
			<name>Font156Medium</name>
			<filename>DotGothic16/Regular.ttf</filename>
			<size>156</size>
			<linespacing>1.0</linespacing>
		</font>
		<font>
			<name>Font156Bold</name>
			<filename>DotGothic16/Regular.ttf</filename>
			<size>156</size>
			<linespacing>1.0</linespacing>
			<style>bold</style>
		</font>
		<font>
			<name>Font168Regular</name>
			<filename>DotGothic16/Regular.ttf</filename>
			<size>168</size>
			<linespacing>1.0</linespacing>
		</font>
		<font>
			<name>Font168Medium</name>
			<filename>DotGothic16/Regular.ttf</filename>
			<size>168</size>
			<linespacing>1.0</linespacing>
		</font>
		<font>
			<name>Font168Bold</name>
			<filename>DotGothic16/Regular.ttf</filename>
			<size>168</size>
			<linespacing>1.0</linespacing>
			<style>bold</style>
		</font>
		<font>
			<name>Font180Regular</name>
			<filename>DotGothic16/Regular.ttf</filename>
			<size>180</size>
			<linespacing>1.0</linespacing>
		</font>
		<font>
			<name>Font180Medium</name>
			<filename>DotGothic16/Regular.ttf</filename>
			<size>180</size>
			<linespacing>1.0</linespacing>
		</font>
		<font>
			<name>Font180Bold</name>
			<filename>DotGothic16/Regular.ttf</filename>
			<size>180</size>
			<linespacing>1.0</linespacing>
			<style>bold</style>
		</font>
		<!-- Required for system -->
		<font>
			<name>symbolSize18</name>
			<filename>symbol.ttf</filename>
			<size>18</size>
			<style/>
		</font>
		<font>
			<name>symbolSize24</name>
			<filename>symbol.ttf</filename>
			<size>24</size>
			<style/>
		</font>
		<font>
			<name>symbolSize30</name>
			<filename>symbol.ttf</filename>
			<size>30</size>
			<style/>
		</font>
		<font>
			<name>symbolSize36</name>
			<filename>symbol.ttf</filename>
			<size>36</size>
			<style/>
		</font>
		<font>
			<name>symbolSize54</name>
			<filename>symbol.ttf</filename>
			<size>54</size>
			<style/>
		</font>
		<font>
			<name>symbolSize72</name>
			<filename>symbol.ttf</filename>
			<size>72</size>
			<style/>
		</font>
		<font>
			<name>symbolSize90</name>
			<filename>symbol.ttf</filename>
			<size>90</size>
			<style/>
		</font>
		<font>
			<name>symbolSize108</name>
			<filename>symbol.ttf</filename>
			<size>108</size>
			<style/>
		</font>
		<font>
			<name>symbolSize144</name>
			<filename>symbol.ttf</filename>
			<size>144</size>
			<style/>
		</font>
		<font>
			<name>symbolSize180</name>
			<filename>symbol.ttf</filename>
			<size>180</size>
			<style/>
		</font>
	    <!-- Required for system -->
		<font>
			<name>font_flag</name>
			<filename>NotoSans/regular.ttf</filename>
			<size>18</size>
			<style>bold</style>
		</font>
		<font>
			<name>font13</name>
			<filename>NotoSans/regular.ttf</filename>
			<size>30</size>
		</font>
		<!-- Required for lockscreen -->
		<font>
			<name>FontTimeForNao</name>
			<filename>NatsuzemiMaruGothic/Natsuzemi.ttf</filename>
			<size>42</size>
			<linespacing>1.0</linespacing>
		</font>
		<font>
			<name>FontDateForIdleSmall</name>
			<filename>NatsuzemiMaruGothic/Natsuzemi.ttf</filename>
			<size>72</size>
			<linespacing>1.0</linespacing>
		</font>
		<font>
			<name>FontDateForIdle</name>
			<filename>NatsuzemiMaruGothic/Natsuzemi.ttf</filename>
			<size>180</size>
			<linespacing>1.0</linespacing>
		</font>
		<font>
			<name>FontTimeForScreensaver</name>
			<filename>NatsuzemiMaruGothic/Natsuzemi.ttf</filename>
			<size>900</size>
			<linespacing>1.0</linespacing>
		</font>
	</fontset>
	<fontset id="IBMPlexSansJP">
        <!--IBM Plex Sans JP fontset-->
		<font>
			<name>Font16Regular</name>
			<filename>IBMPlexSansJP/regular.ttf</filename>
			<size>16</size>
			<linespacing>0.8</linespacing>
		</font>
		<font>
			<name>Font16Medium</name>
			<filename>IBMPlexSansJP/medium.ttf</filename>
			<size>16</size>
			<linespacing>0.8</linespacing>
		</font>
		<font>
			<name>Font16Bold</name>
			<filename>IBMPlexSansJP/bold.ttf</filename>
			<size>16</size>
			<linespacing>0.8</linespacing>
		</font>
		<font>
			<name>Font18Regular</name>
			<filename>IBMPlexSansJP/regular.ttf</filename>
			<size>18</size>
			<linespacing>0.8</linespacing>
		</font>
		<font>
			<name>Font18Medium</name>
			<filename>IBMPlexSansJP/medium.ttf</filename>
			<size>18</size>
			<linespacing>0.8</linespacing>
		</font>
		<font>
			<name>Font18Bold</name>
			<filename>IBMPlexSansJP/bold.ttf</filename>
			<size>18</size>
			<linespacing>0.8</linespacing>
		</font>
		<font>
			<name>Font20Regular</name>
			<filename>IBMPlexSansJP/regular.ttf</filename>
			<size>20</size>
			<linespacing>0.8</linespacing>
		</font>
		<font>
			<name>Font20Medium</name>
			<filename>IBMPlexSansJP/medium.ttf</filename>
			<size>20</size>
			<linespacing>0.8</linespacing>
		</font>
		<font>
			<name>Font20Bold</name>
			<filename>IBMPlexSansJP/bold.ttf</filename>
			<size>20</size>
			<linespacing>0.8</linespacing>
		</font>
		<font>
			<name>Font22Regular</name>
			<filename>IBMPlexSansJP/regular.ttf</filename>
			<size>22</size>
			<linespacing>0.8</linespacing>
		</font>
		<font>
			<name>Font22Medium</name>
			<filename>IBMPlexSansJP/medium.ttf</filename>
			<size>22</size>
			<linespacing>0.8</linespacing>
		</font>
		<font>
			<name>Font22Bold</name>
			<filename>IBMPlexSansJP/bold.ttf</filename>
			<size>22</size>
			<linespacing>0.8</linespacing>
		</font>
		<font>
			<name>Font24Regular</name>
			<filename>IBMPlexSansJP/regular.ttf</filename>
			<size>24</size>
			<linespacing>1.0</linespacing>
		</font>
		<font>
			<name>Font24Medium</name>
			<filename>IBMPlexSansJP/medium.ttf</filename>
			<size>24</size>
			<linespacing>1.0</linespacing>
		</font>
		<font>
			<name>Font24Bold</name>
			<filename>IBMPlexSansJP/bold.ttf</filename>
			<size>24</size>
			<linespacing>1.0</linespacing>
		</font>
		<font>
			<name>Font28Regular</name>
			<filename>IBMPlexSansJP/regular.ttf</filename>
			<size>28</size>
			<linespacing>1.0</linespacing>
		</font>
		<font>
			<name>Font28Medium</name>
			<filename>IBMPlexSansJP/medium.ttf</filename>
			<size>28</size>
			<linespacing>1.0</linespacing>
		</font>
		<font>
			<name>Font28Bold</name>
			<filename>IBMPlexSansJP/bold.ttf</filename>
			<size>28</size>
			<linespacing>1.0</linespacing>
		</font>
		<font>
			<name>Font32Regular</name>
			<filename>IBMPlexSansJP/regular.ttf</filename>
			<size>32</size>
			<linespacing>1.0</linespacing>
		</font>
		<font>
			<name>Font32Medium</name>
			<filename>IBMPlexSansJP/medium.ttf</filename>
			<size>32</size>
			<linespacing>1.0</linespacing>
		</font>
		<font>
			<name>Font32Bold</name>
			<filename>IBMPlexSansJP/bold.ttf</filename>
			<size>32</size>
			<linespacing>1.0</linespacing>
		</font>
		<font>
			<name>Font36Regular</name>
			<filename>IBMPlexSansJP/regular.ttf</filename>
			<size>36</size>
			<linespacing>1.0</linespacing>
		</font>
		<font>
			<name>Font36Medium</name>
			<filename>IBMPlexSansJP/medium.ttf</filename>
			<size>36</size>
			<linespacing>1.0</linespacing>
		</font>
		<font>
			<name>Font36Bold</name>
			<filename>IBMPlexSansJP/bold.ttf</filename>
			<size>36</size>
			<linespacing>1.0</linespacing>
		</font>
		<font>
			<name>Font42Regular</name>
			<filename>IBMPlexSansJP/regular.ttf</filename>
			<size>42</size>
			<linespacing>1.0</linespacing>
		</font>
		<font>
			<name>Font42Medium</name>
			<filename>IBMPlexSansJP/medium.ttf</filename>
			<size>42</size>
			<linespacing>1.0</linespacing>
		</font>
		<font>
			<name>Font42Bold</name>
			<filename>IBMPlexSansJP/bold.ttf</filename>
			<size>42</size>
			<linespacing>1.0</linespacing>
		</font>
		<font>
			<name>Font48Regular</name>
			<filename>IBMPlexSansJP/regular.ttf</filename>
			<size>48</size>
			<linespacing>1.0</linespacing>
		</font>
		<font>
			<name>Font48Medium</name>
			<filename>IBMPlexSansJP/medium.ttf</filename>
			<size>48</size>
			<linespacing>1.0</linespacing>
		</font>
		<font>
			<name>Font48Bold</name>
			<filename>IBMPlexSansJP/bold.ttf</filename>
			<size>48</size>
			<linespacing>1.0</linespacing>
		</font>
		<font>
			<name>Font54Regular</name>
			<filename>IBMPlexSansJP/regular.ttf</filename>
			<size>54</size>
			<linespacing>1.0</linespacing>
		</font>
		<font>
			<name>Font54Medium</name>
			<filename>IBMPlexSansJP/medium.ttf</filename>
			<size>54</size>
			<linespacing>1.0</linespacing>
		</font>
		<font>
			<name>Font54Bold</name>
			<filename>IBMPlexSansJP/bold.ttf</filename>
			<size>54</size>
			<linespacing>1.0</linespacing>
		</font>
		<font>
			<name>Font60Regular</name>
			<filename>IBMPlexSansJP/regular.ttf</filename>
			<size>60</size>
			<linespacing>1.0</linespacing>
		</font>
		<font>
			<name>Font60Medium</name>
			<filename>IBMPlexSansJP/medium.ttf</filename>
			<size>60</size>
			<linespacing>1.0</linespacing>
		</font>
		<font>
			<name>Font60Bold</name>
			<filename>IBMPlexSansJP/bold.ttf</filename>
			<size>60</size>
			<linespacing>1.0</linespacing>
		</font>
		<font>
			<name>Font66Regular</name>
			<filename>IBMPlexSansJP/regular.ttf</filename>
			<size>66</size>
			<linespacing>1.0</linespacing>
		</font>
		<font>
			<name>Font66Medium</name>
			<filename>IBMPlexSansJP/medium.ttf</filename>
			<size>66</size>
			<linespacing>1.0</linespacing>
		</font>
		<font>
			<name>Font66Bold</name>
			<filename>IBMPlexSansJP/bold.ttf</filename>
			<size>66</size>
			<linespacing>1.0</linespacing>
		</font>
		<font>
			<name>Font72Regular</name>
			<filename>IBMPlexSansJP/regular.ttf</filename>
			<size>72</size>
			<linespacing>1.0</linespacing>
		</font>
		<font>
			<name>Font72Medium</name>
			<filename>IBMPlexSansJP/medium.ttf</filename>
			<size>72</size>
			<linespacing>1.0</linespacing>
		</font>
		<font>
			<name>Font72Bold</name>
			<filename>IBMPlexSansJP/bold.ttf</filename>
			<size>72</size>
			<linespacing>1.0</linespacing>
		</font>
		<font>
			<name>Font78Regular</name>
			<filename>IBMPlexSansJP/regular.ttf</filename>
			<size>78</size>
			<linespacing>1.0</linespacing>
		</font>
		<font>
			<name>Font78Medium</name>
			<filename>IBMPlexSansJP/medium.ttf</filename>
			<size>78</size>
			<linespacing>1.0</linespacing>
		</font>
		<font>
			<name>Font78Bold</name>
			<filename>IBMPlexSansJP/bold.ttf</filename>
			<size>78</size>
			<linespacing>1.0</linespacing>
		</font>
		<font>
			<name>Font84Regular</name>
			<filename>IBMPlexSansJP/regular.ttf</filename>
			<size>84</size>
			<linespacing>1.0</linespacing>
		</font>
		<font>
			<name>Font84Medium</name>
			<filename>IBMPlexSansJP/medium.ttf</filename>
			<size>84</size>
			<linespacing>1.0</linespacing>
		</font>
		<font>
			<name>Font84Bold</name>
			<filename>IBMPlexSansJP/bold.ttf</filename>
			<size>84</size>
			<linespacing>1.0</linespacing>
		</font>
		<font>
			<name>Font90Regular</name>
			<filename>IBMPlexSansJP/regular.ttf</filename>
			<size>90</size>
			<linespacing>1.0</linespacing>
		</font>
		<font>
			<name>Font90Medium</name>
			<filename>IBMPlexSansJP/medium.ttf</filename>
			<size>90</size>
			<linespacing>1.0</linespacing>
		</font>
		<font>
			<name>Font90Bold</name>
			<filename>IBMPlexSansJP/bold.ttf</filename>
			<size>90</size>
			<linespacing>1.0</linespacing>
		</font>
		<font>
			<name>Font96Regular</name>
			<filename>IBMPlexSansJP/regular.ttf</filename>
			<size>96</size>
			<linespacing>1.0</linespacing>
		</font>
		<font>
			<name>Font96Medium</name>
			<filename>IBMPlexSansJP/medium.ttf</filename>
			<size>96</size>
			<linespacing>1.0</linespacing>
		</font>
		<font>
			<name>Font96Bold</name>
			<filename>IBMPlexSansJP/bold.ttf</filename>
			<size>96</size>
			<linespacing>1.0</linespacing>
		</font>
		<font>
			<name>Font108Regular</name>
			<filename>IBMPlexSansJP/regular.ttf</filename>
			<size>108</size>
			<linespacing>1.2</linespacing>
		</font>
		<font>
			<name>Font108Medium</name>
			<filename>IBMPlexSansJP/medium.ttf</filename>
			<size>108</size>
			<linespacing>1.2</linespacing>
		</font>
		<font>
			<name>Font108Bold</name>
			<filename>IBMPlexSansJP/bold.ttf</filename>
			<size>108</size>
			<linespacing>1.2</linespacing>
		</font>
		<font>
			<name>Font120Regular</name>
			<filename>IBMPlexSansJP/regular.ttf</filename>
			<size>120</size>
			<linespacing>1.2</linespacing>
		</font>
		<font>
			<name>Font120Medium</name>
			<filename>IBMPlexSansJP/medium.ttf</filename>
			<size>120</size>
			<linespacing>1.2</linespacing>
		</font>
		<font>
			<name>Font120Bold</name>
			<filename>IBMPlexSansJP/bold.ttf</filename>
			<size>120</size>
			<linespacing>1.2</linespacing>
		</font>
		<font>
			<name>Font132Regular</name>
			<filename>IBMPlexSansJP/regular.ttf</filename>
			<size>132</size>
			<linespacing>1.2</linespacing>
		</font>
		<font>
			<name>Font132Medium</name>
			<filename>IBMPlexSansJP/medium.ttf</filename>
			<size>132</size>
			<linespacing>1.2</linespacing>
		</font>
		<font>
			<name>Font132Bold</name>
			<filename>IBMPlexSansJP/bold.ttf</filename>
			<size>132</size>
			<linespacing>1.2</linespacing>
		</font>
		<font>
			<name>Font144Regular</name>
			<filename>IBMPlexSansJP/regular.ttf</filename>
			<size>144</size>
			<linespacing>1.2</linespacing>
		</font>
		<font>
			<name>Font144Medium</name>
			<filename>IBMPlexSansJP/medium.ttf</filename>
			<size>144</size>
			<linespacing>1.2</linespacing>
		</font>
		<font>
			<name>Font144Bold</name>
			<filename>IBMPlexSansJP/bold.ttf</filename>
			<size>144</size>
			<linespacing>1.2</linespacing>
		</font>
		<font>
			<name>Font156Regular</name>
			<filename>IBMPlexSansJP/regular.ttf</filename>
			<size>156</size>
			<linespacing>1.0</linespacing>
		</font>
		<font>
			<name>Font156Medium</name>
			<filename>IBMPlexSansJP/medium.ttf</filename>
			<size>156</size>
			<linespacing>1.0</linespacing>
		</font>
		<font>
			<name>Font156Bold</name>
			<filename>IBMPlexSansJP/bold.ttf</filename>
			<size>156</size>
			<linespacing>1.0</linespacing>
		</font>
		<font>
			<name>Font168Regular</name>
			<filename>IBMPlexSansJP/regular.ttf</filename>
			<size>168</size>
			<linespacing>1.0</linespacing>
		</font>
		<font>
			<name>Font168Medium</name>
			<filename>IBMPlexSansJP/medium.ttf</filename>
			<size>168</size>
			<linespacing>1.0</linespacing>
		</font>
		<font>
			<name>Font168Bold</name>
			<filename>IBMPlexSansJP/bold.ttf</filename>
			<size>168</size>
			<linespacing>1.0</linespacing>
		</font>
		<font>
			<name>Font180Regular</name>
			<filename>IBMPlexSansJP/regular.ttf</filename>
			<size>180</size>
			<linespacing>1.0</linespacing>
		</font>
		<font>
			<name>Font180Medium</name>
			<filename>IBMPlexSansJP/medium.ttf</filename>
			<size>180</size>
			<linespacing>1.0</linespacing>
		</font>
		<font>
			<name>Font180Bold</name>
			<filename>IBMPlexSansJP/bold.ttf</filename>
			<size>180</size>
			<linespacing>1.0</linespacing>
		</font>
		<!-- Required for system -->
		<font>
			<name>symbolSize18</name>
			<filename>symbol.ttf</filename>
			<size>18</size>
			<style/>
		</font>
		<font>
			<name>symbolSize24</name>
			<filename>symbol.ttf</filename>
			<size>24</size>
			<style/>
		</font>
		<font>
			<name>symbolSize30</name>
			<filename>symbol.ttf</filename>
			<size>30</size>
			<style/>
		</font>
		<font>
			<name>symbolSize36</name>
			<filename>symbol.ttf</filename>
			<size>36</size>
			<style/>
		</font>
		<font>
			<name>symbolSize54</name>
			<filename>symbol.ttf</filename>
			<size>54</size>
			<style/>
		</font>
		<font>
			<name>symbolSize72</name>
			<filename>symbol.ttf</filename>
			<size>72</size>
			<style/>
		</font>
		<font>
			<name>symbolSize90</name>
			<filename>symbol.ttf</filename>
			<size>90</size>
			<style/>
		</font>
		<font>
			<name>symbolSize108</name>
			<filename>symbol.ttf</filename>
			<size>108</size>
			<style/>
		</font>
		<font>
			<name>symbolSize144</name>
			<filename>symbol.ttf</filename>
			<size>144</size>
			<style/>
		</font>
		<font>
			<name>symbolSize180</name>
			<filename>symbol.ttf</filename>
			<size>180</size>
			<style/>
		</font>
	    <!-- Required for system -->
		<font>
			<name>font_flag</name>
			<filename>IBMPlexSansJP/regular.ttf</filename>
			<size>18</size>
			<style>bold</style>
		</font>
		<font>
			<name>font13</name>
			<filename>IBMPlexSansJP/regular.ttf</filename>
			<size>30</size>
		</font>
		<!-- Required for lockscreen -->
		<font>
			<name>FontTimeForNao</name>
			<filename>NatsuzemiMaruGothic/Natsuzemi.ttf</filename>
			<size>42</size>
			<linespacing>1.0</linespacing>
		</font>
		<font>
			<name>FontDateForIdleSmall</name>
			<filename>NatsuzemiMaruGothic/Natsuzemi.ttf</filename>
			<size>72</size>
			<linespacing>1.0</linespacing>
		</font>
		<font>
			<name>FontDateForIdle</name>
			<filename>NatsuzemiMaruGothic/Natsuzemi.ttf</filename>
			<size>180</size>
			<linespacing>1.0</linespacing>
		</font>
		<font>
			<name>FontTimeForScreensaver</name>
			<filename>NatsuzemiMaruGothic/Natsuzemi.ttf</filename>
			<size>900</size>
			<linespacing>1.0</linespacing>
		</font>
	</fontset>
	<fontset id="Nunito">
        <!--Nunito fontset-->
		<font>
			<name>Font16Regular</name>
			<filename>Nunito/regular.ttf</filename>
			<size>16</size>
			<linespacing>0.8</linespacing>
		</font>
		<font>
			<name>Font16Medium</name>
			<filename>Nunito/medium.ttf</filename>
			<size>16</size>
			<linespacing>0.8</linespacing>
		</font>
		<font>
			<name>Font16Bold</name>
			<filename>Nunito/bold.ttf</filename>
			<size>16</size>
			<linespacing>0.8</linespacing>
		</font>
		<font>
			<name>Font18Regular</name>
			<filename>Nunito/regular.ttf</filename>
			<size>18</size>
			<linespacing>0.8</linespacing>
		</font>
		<font>
			<name>Font18Medium</name>
			<filename>Nunito/medium.ttf</filename>
			<size>18</size>
			<linespacing>0.8</linespacing>
		</font>
		<font>
			<name>Font18Bold</name>
			<filename>Nunito/bold.ttf</filename>
			<size>18</size>
			<linespacing>0.8</linespacing>
		</font>
		<font>
			<name>Font20Regular</name>
			<filename>Nunito/regular.ttf</filename>
			<size>20</size>
			<linespacing>0.8</linespacing>
		</font>
		<font>
			<name>Font20Medium</name>
			<filename>Nunito/medium.ttf</filename>
			<size>20</size>
			<linespacing>0.8</linespacing>
		</font>
		<font>
			<name>Font20Bold</name>
			<filename>Nunito/bold.ttf</filename>
			<size>20</size>
			<linespacing>0.8</linespacing>
		</font>
		<font>
			<name>Font22Regular</name>
			<filename>Nunito/regular.ttf</filename>
			<size>22</size>
			<linespacing>0.8</linespacing>
		</font>
		<font>
			<name>Font22Medium</name>
			<filename>Nunito/medium.ttf</filename>
			<size>22</size>
			<linespacing>0.8</linespacing>
		</font>
		<font>
			<name>Font22Bold</name>
			<filename>Nunito/bold.ttf</filename>
			<size>22</size>
			<linespacing>0.8</linespacing>
		</font>
		<font>
			<name>Font24Regular</name>
			<filename>Nunito/regular.ttf</filename>
			<size>24</size>
			<linespacing>1.0</linespacing>
		</font>
		<font>
			<name>Font24Medium</name>
			<filename>Nunito/medium.ttf</filename>
			<size>24</size>
			<linespacing>1.0</linespacing>
		</font>
		<font>
			<name>Font24Bold</name>
			<filename>Nunito/bold.ttf</filename>
			<size>24</size>
			<linespacing>1.0</linespacing>
		</font>
		<font>
			<name>Font28Regular</name>
			<filename>Nunito/regular.ttf</filename>
			<size>28</size>
			<linespacing>1.0</linespacing>
		</font>
		<font>
			<name>Font28Medium</name>
			<filename>Nunito/medium.ttf</filename>
			<size>28</size>
			<linespacing>1.0</linespacing>
		</font>
		<font>
			<name>Font28Bold</name>
			<filename>Nunito/bold.ttf</filename>
			<size>28</size>
			<linespacing>1.0</linespacing>
		</font>
		<font>
			<name>Font32Regular</name>
			<filename>Nunito/regular.ttf</filename>
			<size>32</size>
			<linespacing>1.0</linespacing>
		</font>
		<font>
			<name>Font32Medium</name>
			<filename>Nunito/medium.ttf</filename>
			<size>32</size>
			<linespacing>1.0</linespacing>
		</font>
		<font>
			<name>Font32Bold</name>
			<filename>Nunito/bold.ttf</filename>
			<size>32</size>
			<linespacing>1.0</linespacing>
		</font>
		<font>
			<name>Font36Regular</name>
			<filename>Nunito/regular.ttf</filename>
			<size>36</size>
			<linespacing>1.0</linespacing>
		</font>
		<font>
			<name>Font36Medium</name>
			<filename>Nunito/medium.ttf</filename>
			<size>36</size>
			<linespacing>1.0</linespacing>
		</font>
		<font>
			<name>Font36Bold</name>
			<filename>Nunito/bold.ttf</filename>
			<size>36</size>
			<linespacing>1.0</linespacing>
		</font>
		<font>
			<name>Font42Regular</name>
			<filename>Nunito/regular.ttf</filename>
			<size>42</size>
			<linespacing>1.0</linespacing>
		</font>
		<font>
			<name>Font42Medium</name>
			<filename>Nunito/medium.ttf</filename>
			<size>42</size>
			<linespacing>1.0</linespacing>
		</font>
		<font>
			<name>Font42Bold</name>
			<filename>Nunito/bold.ttf</filename>
			<size>42</size>
			<linespacing>1.0</linespacing>
		</font>
		<font>
			<name>Font48Regular</name>
			<filename>Nunito/regular.ttf</filename>
			<size>48</size>
			<linespacing>1.0</linespacing>
		</font>
		<font>
			<name>Font48Medium</name>
			<filename>Nunito/medium.ttf</filename>
			<size>48</size>
			<linespacing>1.0</linespacing>
		</font>
		<font>
			<name>Font48Bold</name>
			<filename>Nunito/bold.ttf</filename>
			<size>48</size>
			<linespacing>1.0</linespacing>
		</font>
		<font>
			<name>Font54Regular</name>
			<filename>Nunito/regular.ttf</filename>
			<size>54</size>
			<linespacing>1.0</linespacing>
		</font>
		<font>
			<name>Font54Medium</name>
			<filename>Nunito/medium.ttf</filename>
			<size>54</size>
			<linespacing>1.0</linespacing>
		</font>
		<font>
			<name>Font54Bold</name>
			<filename>Nunito/bold.ttf</filename>
			<size>54</size>
			<linespacing>1.0</linespacing>
		</font>
		<font>
			<name>Font60Regular</name>
			<filename>Nunito/regular.ttf</filename>
			<size>60</size>
			<linespacing>1.0</linespacing>
		</font>
		<font>
			<name>Font60Medium</name>
			<filename>Nunito/medium.ttf</filename>
			<size>60</size>
			<linespacing>1.0</linespacing>
		</font>
		<font>
			<name>Font60Bold</name>
			<filename>Nunito/bold.ttf</filename>
			<size>60</size>
			<linespacing>1.0</linespacing>
		</font>
		<font>
			<name>Font66Regular</name>
			<filename>Nunito/regular.ttf</filename>
			<size>66</size>
			<linespacing>1.0</linespacing>
		</font>
		<font>
			<name>Font66Medium</name>
			<filename>Nunito/medium.ttf</filename>
			<size>66</size>
			<linespacing>1.0</linespacing>
		</font>
		<font>
			<name>Font66Bold</name>
			<filename>Nunito/bold.ttf</filename>
			<size>66</size>
			<linespacing>1.0</linespacing>
		</font>
		<font>
			<name>Font72Regular</name>
			<filename>Nunito/regular.ttf</filename>
			<size>72</size>
			<linespacing>1.0</linespacing>
		</font>
		<font>
			<name>Font72Medium</name>
			<filename>Nunito/medium.ttf</filename>
			<size>72</size>
			<linespacing>1.0</linespacing>
		</font>
		<font>
			<name>Font72Bold</name>
			<filename>Nunito/bold.ttf</filename>
			<size>72</size>
			<linespacing>1.0</linespacing>
		</font>
		<font>
			<name>Font78Regular</name>
			<filename>Nunito/regular.ttf</filename>
			<size>78</size>
			<linespacing>1.0</linespacing>
		</font>
		<font>
			<name>Font78Medium</name>
			<filename>Nunito/medium.ttf</filename>
			<size>78</size>
			<linespacing>1.0</linespacing>
		</font>
		<font>
			<name>Font78Bold</name>
			<filename>Nunito/bold.ttf</filename>
			<size>78</size>
			<linespacing>1.0</linespacing>
		</font>
		<font>
			<name>Font84Regular</name>
			<filename>Nunito/regular.ttf</filename>
			<size>84</size>
			<linespacing>1.0</linespacing>
		</font>
		<font>
			<name>Font84Medium</name>
			<filename>Nunito/medium.ttf</filename>
			<size>84</size>
			<linespacing>1.0</linespacing>
		</font>
		<font>
			<name>Font84Bold</name>
			<filename>Nunito/bold.ttf</filename>
			<size>84</size>
			<linespacing>1.0</linespacing>
		</font>
		<font>
			<name>Font90Regular</name>
			<filename>Nunito/regular.ttf</filename>
			<size>90</size>
			<linespacing>1.0</linespacing>
		</font>
		<font>
			<name>Font90Medium</name>
			<filename>Nunito/medium.ttf</filename>
			<size>90</size>
			<linespacing>1.0</linespacing>
		</font>
		<font>
			<name>Font90Bold</name>
			<filename>Nunito/bold.ttf</filename>
			<size>90</size>
			<linespacing>1.0</linespacing>
		</font>
		<font>
			<name>Font96Regular</name>
			<filename>Nunito/regular.ttf</filename>
			<size>96</size>
			<linespacing>1.0</linespacing>
		</font>
		<font>
			<name>Font96Medium</name>
			<filename>Nunito/medium.ttf</filename>
			<size>96</size>
			<linespacing>1.0</linespacing>
		</font>
		<font>
			<name>Font96Bold</name>
			<filename>Nunito/bold.ttf</filename>
			<size>96</size>
			<linespacing>1.0</linespacing>
		</font>
		<font>
			<name>Font108Regular</name>
			<filename>Nunito/regular.ttf</filename>
			<size>108</size>
			<linespacing>1.2</linespacing>
		</font>
		<font>
			<name>Font108Medium</name>
			<filename>Nunito/medium.ttf</filename>
			<size>108</size>
			<linespacing>1.2</linespacing>
		</font>
		<font>
			<name>Font108Bold</name>
			<filename>Nunito/bold.ttf</filename>
			<size>108</size>
			<linespacing>1.2</linespacing>
		</font>
		<font>
			<name>Font120Regular</name>
			<filename>Nunito/regular.ttf</filename>
			<size>120</size>
			<linespacing>1.2</linespacing>
		</font>
		<font>
			<name>Font120Medium</name>
			<filename>Nunito/medium.ttf</filename>
			<size>120</size>
			<linespacing>1.2</linespacing>
		</font>
		<font>
			<name>Font120Bold</name>
			<filename>Nunito/bold.ttf</filename>
			<size>120</size>
			<linespacing>1.2</linespacing>
		</font>
		<font>
			<name>Font132Regular</name>
			<filename>Nunito/regular.ttf</filename>
			<size>132</size>
			<linespacing>1.2</linespacing>
		</font>
		<font>
			<name>Font132Medium</name>
			<filename>Nunito/medium.ttf</filename>
			<size>132</size>
			<linespacing>1.2</linespacing>
		</font>
		<font>
			<name>Font132Bold</name>
			<filename>Nunito/bold.ttf</filename>
			<size>132</size>
			<linespacing>1.2</linespacing>
		</font>
		<font>
			<name>Font144Regular</name>
			<filename>Nunito/regular.ttf</filename>
			<size>144</size>
			<linespacing>1.2</linespacing>
		</font>
		<font>
			<name>Font144Medium</name>
			<filename>Nunito/medium.ttf</filename>
			<size>144</size>
			<linespacing>1.2</linespacing>
		</font>
		<font>
			<name>Font144Bold</name>
			<filename>Nunito/bold.ttf</filename>
			<size>144</size>
			<linespacing>1.2</linespacing>
		</font>
		<font>
			<name>Font156Regular</name>
			<filename>Nunito/regular.ttf</filename>
			<size>156</size>
			<linespacing>1.0</linespacing>
		</font>
		<font>
			<name>Font156Medium</name>
			<filename>Nunito/medium.ttf</filename>
			<size>156</size>
			<linespacing>1.0</linespacing>
		</font>
		<font>
			<name>Font156Bold</name>
			<filename>Nunito/bold.ttf</filename>
			<size>156</size>
			<linespacing>1.0</linespacing>
		</font>
		<font>
			<name>Font168Regular</name>
			<filename>Nunito/regular.ttf</filename>
			<size>168</size>
			<linespacing>1.0</linespacing>
		</font>
		<font>
			<name>Font168Medium</name>
			<filename>Nunito/medium.ttf</filename>
			<size>168</size>
			<linespacing>1.0</linespacing>
		</font>
		<font>
			<name>Font168Bold</name>
			<filename>Nunito/bold.ttf</filename>
			<size>168</size>
			<linespacing>1.0</linespacing>
		</font>
		<font>
			<name>Font180Regular</name>
			<filename>Nunito/regular.ttf</filename>
			<size>180</size>
			<linespacing>1.0</linespacing>
		</font>
		<font>
			<name>Font180Medium</name>
			<filename>Nunito/medium.ttf</filename>
			<size>180</size>
			<linespacing>1.0</linespacing>
		</font>
		<font>
			<name>Font180Bold</name>
			<filename>Nunito/bold.ttf</filename>
			<size>180</size>
			<linespacing>1.0</linespacing>
		</font>
		<!-- Required for system -->
		<font>
			<name>symbolSize18</name>
			<filename>symbol.ttf</filename>
			<size>18</size>
			<style/>
		</font>
		<font>
			<name>symbolSize24</name>
			<filename>symbol.ttf</filename>
			<size>24</size>
			<style/>
		</font>
		<font>
			<name>symbolSize30</name>
			<filename>symbol.ttf</filename>
			<size>30</size>
			<style/>
		</font>
		<font>
			<name>symbolSize36</name>
			<filename>symbol.ttf</filename>
			<size>36</size>
			<style/>
		</font>
		<font>
			<name>symbolSize54</name>
			<filename>symbol.ttf</filename>
			<size>54</size>
			<style/>
		</font>
		<font>
			<name>symbolSize72</name>
			<filename>symbol.ttf</filename>
			<size>72</size>
			<style/>
		</font>
		<font>
			<name>symbolSize90</name>
			<filename>symbol.ttf</filename>
			<size>90</size>
			<style/>
		</font>
		<font>
			<name>symbolSize108</name>
			<filename>symbol.ttf</filename>
			<size>108</size>
			<style/>
		</font>
		<font>
			<name>symbolSize144</name>
			<filename>symbol.ttf</filename>
			<size>144</size>
			<style/>
		</font>
		<font>
			<name>symbolSize180</name>
			<filename>symbol.ttf</filename>
			<size>180</size>
			<style/>
		</font>
	    <!-- Required for system -->
		<font>
			<name>font_flag</name>
			<filename>Nunito/regular.ttf</filename>
			<size>18</size>
			<style>bold</style>
		</font>
		<font>
			<name>font13</name>
			<filename>Nunito/regular.ttf</filename>
			<size>30</size>
		</font>
		<!-- Required for lockscreen -->
		<font>
			<name>FontTimeForNao</name>
			<filename>NatsuzemiMaruGothic/Natsuzemi.ttf</filename>
			<size>42</size>
			<linespacing>1.0</linespacing>
		</font>
		<font>
			<name>FontDateForIdleSmall</name>
			<filename>NatsuzemiMaruGothic/Natsuzemi.ttf</filename>
			<size>72</size>
			<linespacing>1.0</linespacing>
		</font>
		<font>
			<name>FontDateForIdle</name>
			<filename>NatsuzemiMaruGothic/Natsuzemi.ttf</filename>
			<size>180</size>
			<linespacing>1.0</linespacing>
		</font>
		<font>
			<name>FontTimeForScreensaver</name>
			<filename>NatsuzemiMaruGothic/Natsuzemi.ttf</filename>
			<size>900</size>
			<linespacing>1.0</linespacing>
		</font>
	</fontset>
	<fontset id="Arial">
        <!--Arial fontset-->
		<font>
			<name>Font16Regular</name>
			<filename>arial.ttf</filename>
			<size>16</size>
			<linespacing>1.0</linespacing>
		</font>
		<font>
			<name>Font16Medium</name>
			<filename>arial.ttf</filename>
			<size>16</size>
			<linespacing>1.0</linespacing>
		</font>
		<font>
			<name>Font16Bold</name>
			<filename>arial.ttf</filename>
			<size>16</size>
			<linespacing>1.0</linespacing>
		</font>
		<font>
			<name>Font18Regular</name>
			<filename>arial.ttf</filename>
			<size>18</size>
			<linespacing>0.8</linespacing>
		</font>
		<font>
			<name>Font18Medium</name>
			<filename>arial.ttf</filename>
			<size>18</size>
			<linespacing>0.8</linespacing>
		</font>
		<font>
			<name>Font18Bold</name>
			<filename>arial.ttf</filename>
			<size>18</size>
			<linespacing>0.8</linespacing>
		</font>
		<font>
			<name>Font20Regular</name>
			<filename>arial.ttf</filename>
			<size>20</size>
			<linespacing>0.8</linespacing>
		</font>
		<font>
			<name>Font20Medium</name>
			<filename>arial.ttf</filename>
			<size>20</size>
			<linespacing>0.8</linespacing>
		</font>
		<font>
			<name>Font20Bold</name>
			<filename>arial.ttf</filename>
			<size>20</size>
			<linespacing>0.8</linespacing>
		</font>
		<font>
			<name>Font22Regular</name>
			<filename>arial.ttf</filename>
			<size>22</size>
			<linespacing>0.8</linespacing>
		</font>
		<font>
			<name>Font22Medium</name>
			<filename>arial.ttf</filename>
			<size>22</size>
			<linespacing>0.8</linespacing>
		</font>
		<font>
			<name>Font22Bold</name>
			<filename>arial.ttf</filename>
			<size>22</size>
			<linespacing>0.8</linespacing>
		</font>
		<font>
			<name>Font24Regular</name>
			<filename>arial.ttf</filename>
			<size>24</size>
			<linespacing>1.0</linespacing>
		</font>
		<font>
			<name>Font24Medium</name>
			<filename>arial.ttf</filename>
			<size>24</size>
			<linespacing>1.0</linespacing>
		</font>
		<font>
			<name>Font24Bold</name>
			<filename>arial.ttf</filename>
			<size>24</size>
			<linespacing>1.0</linespacing>
		</font>
		<font>
			<name>Font28Regular</name>
			<filename>arial.ttf</filename>
			<size>28</size>
			<linespacing>1.0</linespacing>
		</font>
		<font>
			<name>Font28Medium</name>
			<filename>arial.ttf</filename>
			<size>28</size>
			<linespacing>1.0</linespacing>
		</font>
		<font>
			<name>Font28Bold</name>
			<filename>arial.ttf</filename>
			<size>28</size>
			<linespacing>1.0</linespacing>
		</font>
		<font>
			<name>Font32Regular</name>
			<filename>arial.ttf</filename>
			<size>32</size>
			<linespacing>1.0</linespacing>
		</font>
		<font>
			<name>Font32Medium</name>
			<filename>arial.ttf</filename>
			<size>32</size>
			<linespacing>1.0</linespacing>
		</font>
		<font>
			<name>Font32Bold</name>
			<filename>arial.ttf</filename>
			<size>32</size>
			<linespacing>1.0</linespacing>
		</font>
		<font>
			<name>Font36Regular</name>
			<filename>arial.ttf</filename>
			<size>36</size>
			<linespacing>1.0</linespacing>
		</font>
		<font>
			<name>Font36Medium</name>
			<filename>arial.ttf</filename>
			<size>36</size>
			<linespacing>1.0</linespacing>
		</font>
		<font>
			<name>Font36Bold</name>
			<filename>arial.ttf</filename>
			<size>36</size>
			<linespacing>1.0</linespacing>
		</font>
		<font>
			<name>Font42Regular</name>
			<filename>arial.ttf</filename>
			<size>42</size>
			<linespacing>1.0</linespacing>
		</font>
		<font>
			<name>Font42Medium</name>
			<filename>arial.ttf</filename>
			<size>42</size>
			<linespacing>1.0</linespacing>
		</font>
		<font>
			<name>Font42Bold</name>
			<filename>arial.ttf</filename>
			<size>42</size>
			<linespacing>1.0</linespacing>
		</font>
		<font>
			<name>Font48Regular</name>
			<filename>arial.ttf</filename>
			<size>48</size>
			<linespacing>1.0</linespacing>
		</font>
		<font>
			<name>Font48Medium</name>
			<filename>arial.ttf</filename>
			<size>48</size>
			<linespacing>1.0</linespacing>
		</font>
		<font>
			<name>Font48Bold</name>
			<filename>arial.ttf</filename>
			<size>48</size>
			<linespacing>1.0</linespacing>
		</font>
		<font>
			<name>Font54Regular</name>
			<filename>arial.ttf</filename>
			<size>54</size>
			<linespacing>1.0</linespacing>
		</font>
		<font>
			<name>Font54Medium</name>
			<filename>arial.ttf</filename>
			<size>54</size>
			<linespacing>1.0</linespacing>
		</font>
		<font>
			<name>Font54Bold</name>
			<filename>arial.ttf</filename>
			<size>54</size>
			<linespacing>1.0</linespacing>
		</font>
		<font>
			<name>Font60Regular</name>
			<filename>arial.ttf</filename>
			<size>60</size>
			<linespacing>1.0</linespacing>
		</font>
		<font>
			<name>Font60Medium</name>
			<filename>arial.ttf</filename>
			<size>60</size>
			<linespacing>1.0</linespacing>
		</font>
		<font>
			<name>Font60Bold</name>
			<filename>arial.ttf</filename>
			<size>60</size>
			<linespacing>1.0</linespacing>
		</font>
		<font>
			<name>Font66Regular</name>
			<filename>arial.ttf</filename>
			<size>66</size>
			<linespacing>1.0</linespacing>
		</font>
		<font>
			<name>Font66Medium</name>
			<filename>arial.ttf</filename>
			<size>66</size>
			<linespacing>1.0</linespacing>
		</font>
		<font>
			<name>Font66Bold</name>
			<filename>arial.ttf</filename>
			<size>66</size>
			<linespacing>1.0</linespacing>
		</font>
		<font>
			<name>Font72Regular</name>
			<filename>arial.ttf</filename>
			<size>72</size>
			<linespacing>1.0</linespacing>
		</font>
		<font>
			<name>Font72Medium</name>
			<filename>arial.ttf</filename>
			<size>72</size>
			<linespacing>1.0</linespacing>
		</font>
		<font>
			<name>Font72Bold</name>
			<filename>arial.ttf</filename>
			<size>72</size>
			<linespacing>1.0</linespacing>
		</font>
		<font>
			<name>Font78Regular</name>
			<filename>arial.ttf</filename>
			<size>78</size>
			<linespacing>1.0</linespacing>
		</font>
		<font>
			<name>Font78Medium</name>
			<filename>arial.ttf</filename>
			<size>78</size>
			<linespacing>1.0</linespacing>
		</font>
		<font>
			<name>Font78Bold</name>
			<filename>arial.ttf</filename>
			<size>78</size>
			<linespacing>1.0</linespacing>
		</font>
		<font>
			<name>Font84Regular</name>
			<filename>arial.ttf</filename>
			<size>84</size>
			<linespacing>1.0</linespacing>
		</font>
		<font>
			<name>Font84Medium</name>
			<filename>arial.ttf</filename>
			<size>84</size>
			<linespacing>1.0</linespacing>
		</font>
		<font>
			<name>Font84Bold</name>
			<filename>arial.ttf</filename>
			<size>84</size>
			<linespacing>1.0</linespacing>
		</font>
		<font>
			<name>Font90Regular</name>
			<filename>arial.ttf</filename>
			<size>90</size>
			<linespacing>1.0</linespacing>
		</font>
		<font>
			<name>Font90Medium</name>
			<filename>arial.ttf</filename>
			<size>90</size>
			<linespacing>1.0</linespacing>
		</font>
		<font>
			<name>Font90Bold</name>
			<filename>arial.ttf</filename>
			<size>90</size>
			<linespacing>1.0</linespacing>
		</font>
		<font>
			<name>Font96Regular</name>
			<filename>arial.ttf</filename>
			<size>96</size>
			<linespacing>1.0</linespacing>
		</font>
		<font>
			<name>Font96Medium</name>
			<filename>arial.ttf</filename>
			<size>96</size>
			<linespacing>1.0</linespacing>
		</font>
		<font>
			<name>Font96Bold</name>
			<filename>arial.ttf</filename>
			<size>96</size>
			<linespacing>1.0</linespacing>
		</font>
		<font>
			<name>Font108Regular</name>
			<filename>arial.ttf</filename>
			<size>108</size>
			<linespacing>1.0</linespacing>
		</font>
		<font>
			<name>Font108Medium</name>
			<filename>arial.ttf</filename>
			<size>108</size>
			<linespacing>1.0</linespacing>
		</font>
		<font>
			<name>Font108Bold</name>
			<filename>arial.ttf</filename>
			<size>108</size>
			<linespacing>1.0</linespacing>
		</font>
		<font>
			<name>Font120Regular</name>
			<filename>arial.ttf</filename>
			<size>120</size>
			<linespacing>1.0</linespacing>
		</font>
		<font>
			<name>Font120Medium</name>
			<filename>arial.ttf</filename>
			<size>120</size>
			<linespacing>1.0</linespacing>
		</font>
		<font>
			<name>Font120Bold</name>
			<filename>arial.ttf</filename>
			<size>120</size>
			<linespacing>1.0</linespacing>
		</font>
		<font>
			<name>Font132Regular</name>
			<filename>arial.ttf</filename>
			<size>132</size>
			<linespacing>1.0</linespacing>
		</font>
		<font>
			<name>Font132Medium</name>
			<filename>arial.ttf</filename>
			<size>132</size>
			<linespacing>1.0</linespacing>
		</font>
		<font>
			<name>Font132Bold</name>
			<filename>arial.ttf</filename>
			<size>132</size>
			<linespacing>1.0</linespacing>
		</font>
		<font>
			<name>Font144Regular</name>
			<filename>arial.ttf</filename>
			<size>144</size>
			<linespacing>1.0</linespacing>
		</font>
		<font>
			<name>Font144Medium</name>
			<filename>arial.ttf</filename>
			<size>144</size>
			<linespacing>1.0</linespacing>
		</font>
		<font>
			<name>Font144Bold</name>
			<filename>arial.ttf</filename>
			<size>144</size>
			<linespacing>1.0</linespacing>
		</font>
		<font>
			<name>Font156Regular</name>
			<filename>arial.ttf</filename>
			<size>156</size>
			<linespacing>1.0</linespacing>
		</font>
		<font>
			<name>Font156Medium</name>
			<filename>arial.ttf</filename>
			<size>156</size>
			<linespacing>1.0</linespacing>
		</font>
		<font>
			<name>Font156Bold</name>
			<filename>arial.ttf</filename>
			<size>156</size>
			<linespacing>1.0</linespacing>
		</font>
		<font>
			<name>Font168Regular</name>
			<filename>arial.ttf</filename>
			<size>168</size>
			<linespacing>1.0</linespacing>
		</font>
		<font>
			<name>Font168Medium</name>
			<filename>arial.ttf</filename>
			<size>168</size>
			<linespacing>1.0</linespacing>
		</font>
		<font>
			<name>Font168Bold</name>
			<filename>arial.ttf</filename>
			<size>168</size>
			<linespacing>1.0</linespacing>
		</font>
		<font>
			<name>Font180Regular</name>
			<filename>arial.ttf</filename>
			<size>180</size>
			<linespacing>1.0</linespacing>
		</font>
		<font>
			<name>Font180Medium</name>
			<filename>arial.ttf</filename>
			<size>180</size>
			<linespacing>1.0</linespacing>
		</font>
		<font>
			<name>Font180Bold</name>
			<filename>arial.ttf</filename>
			<size>180</size>
			<linespacing>1.0</linespacing>
		</font>
		<!-- Required for system -->
		<font>
			<name>symbolSize18</name>
			<filename>symbol.ttf</filename>
			<size>18</size>
			<style/>
		</font>
		<font>
			<name>symbolSize24</name>
			<filename>symbol.ttf</filename>
			<size>24</size>
			<style/>
		</font>
		<font>
			<name>symbolSize30</name>
			<filename>symbol.ttf</filename>
			<size>30</size>
			<style/>
		</font>
		<font>
			<name>symbolSize36</name>
			<filename>symbol.ttf</filename>
			<size>36</size>
			<style/>
		</font>
		<font>
			<name>symbolSize54</name>
			<filename>symbol.ttf</filename>
			<size>54</size>
			<style/>
		</font>
		<font>
			<name>symbolSize72</name>
			<filename>symbol.ttf</filename>
			<size>72</size>
			<style/>
		</font>
		<font>
			<name>symbolSize90</name>
			<filename>symbol.ttf</filename>
			<size>90</size>
			<style/>
		</font>
		<font>
			<name>symbolSize108</name>
			<filename>symbol.ttf</filename>
			<size>108</size>
			<style/>
		</font>
		<font>
			<name>symbolSize144</name>
			<filename>symbol.ttf</filename>
			<size>144</size>
			<style/>
		</font>
		<font>
			<name>symbolSize180</name>
			<filename>symbol.ttf</filename>
			<size>180</size>
			<style/>
		</font>
	    <!-- Required for system -->
		<font>
			<name>font_flag</name>
			<filename>NotoSans/regular.ttf</filename>
			<size>18</size>
			<style>bold</style>
		</font>
		<font>
			<name>font13</name>
			<filename>NotoSans/regular.ttf</filename>
			<size>30</size>
		</font>
		<!-- Required for lockscreen -->
		<font>
			<name>FontTimeForNao</name>
			<filename>NatsuzemiMaruGothic/Natsuzemi.ttf</filename>
			<size>42</size>
			<linespacing>1.0</linespacing>
		</font>
		<font>
			<name>FontDateForIdleSmall</name>
			<filename>NatsuzemiMaruGothic/Natsuzemi.ttf</filename>
			<size>72</size>
			<linespacing>1.0</linespacing>
		</font>
		<font>
			<name>FontDateForIdle</name>
			<filename>NatsuzemiMaruGothic/Natsuzemi.ttf</filename>
			<size>180</size>
			<linespacing>1.0</linespacing>
		</font>
		<font>
			<name>FontTimeForScreensaver</name>
			<filename>NatsuzemiMaruGothic/Natsuzemi.ttf</filename>
			<size>900</size>
			<linespacing>1.0</linespacing>
		</font>
	</fontset>
</fonts>
