<?xml version="1.0" encoding="UTF-8"?>
<window>
	<backgroundcolor>latarcolor</backgroundcolor>
	<defaultcontrol always="true">50</defaultcontrol>
	<views>50</views>
	<controls>
		<include>UniversalGlobalBackground</include>
        <control type="button"
                 id="20000">
            <posx>-3600</posx>
            <posy>-3600</posy>
            <width>1</width>
            <height>1</height>
            <animation effect="fade"
                       time="300"
                       start="100"
                       end="0">Focus</animation>
            <onfocus>SetFocus(9999)</onfocus>
            <onclick>noop</onclick>
            <visible allowhiddenfocus="true">Control.HasFocus(20000)</visible>
        </control>
        <control type="button"
                 id="20001">
            <posx>-3600</posx>
            <posy>-3600</posy>
            <width>1</width>
            <height>1</height>
            <animation effect="fade"
                       time="300"
                       start="100"
                       end="0">Focus</animation>
            <onfocus>SetFocus(9999)</onfocus>
            <onclick>noop</onclick>
            <visible allowhiddenfocus="true">Control.HasFocus(20001)</visible>
        </control>
        	<control type="group" id="9999">
            		<include condition="window.isactive(musicplaylist)">TempEvoMusicPlaylist</include>
            		<include condition="window.isactive(videoplaylist)">TempEvoVideoPlaylist</include>
            		<include condition="window.isactive(musicplaylist)">MusicPlaylist</include>
            		<include condition="window.isactive(videoplaylist)">VideoPlaylist</include>
            	</control>
        <control type="group">
			<visible>!Skin.HasSetting(HideScrollBaronSkin)</visible>
            <include condition="!Skin.HasSetting(NoAnimationInSkin)">fadeInOutVisible</include>
			<include content="DefaultScrollbars">
				<param name="visible_verticalbar">Control.IsVisible(50)</param>
				<param name="control_HeightVer">864</param>
			</include>
		</control>
		<include content="DefaultWindowHeader" condition="window.isactive(videoplaylist)">
			<param name="visible_control">true</param>
			<param name="header_label" value="$LOCALIZE[3]"/>
			<param name="subheader_label" value="$LOCALIZE[136]"/>
			<param name="pos_left" value="64"/>
		</include>
		<include content="DefaultWindowHeader" condition="window.isactive(musicplaylist)">
			<param name="visible_control">true</param>
			<param name="header_label" value="$LOCALIZE[2]"/>
			<param name="subheader_label" value="$LOCALIZE[136]"/>
			<param name="pos_left" value="64"/>
		</include>
		<include>StatusBarandTimeDisplay</include>
	</controls>
</window>
