<?xml version="1.0" encoding="UTF-8"?>
<window>
	<backgroundcolor>latarcolor</backgroundcolor>
	<defaultcontrol always="true">15100</defaultcontrol>
	<onload condition="Skin.hassetting(stopVideoOnMenu) + !Player.HasAudio">PlayerControl(stop)</onload>
	<controls>
        	<include>UniversalGlobalBackground</include>
		<control type="button" id="20000">
                   	<posx>-3600</posx>
                 	<posy>-3600</posy>
                    	<width>1</width>
                   	<height>1</height>
			<animation effect="fade" time="300" start="100" end="0">Focus</animation>
			<onfocus>SetFocus(9999)</onfocus>
			<onclick>noop</onclick>
			<visible allowhiddenfocus="true">Control.HasFocus(20000)</visible>
		</control>
		<control type="button" id="20001">
                   	<posx>-3600</posx>
                 	<posy>-3600</posy>
                    	<width>1</width>
                   	<height>1</height>
			<animation effect="fade" time="300" start="100" end="0">Focus</animation>
			<onfocus>SetFocus(9999)</onfocus>
			<onclick>noop</onclick>
			<visible allowhiddenfocus="true">Control.HasFocus(20001)</visible>
		</control>
        	<include>WeatherViewLayout</include>
	</controls>
</window>
