<?xml version="1.0" encoding="UTF-8"?>
<window>
	<defaultcontrol></defaultcontrol>
	<coordinates>
		<system>1</system>
		<posx>0</posx>
		<posy>0</posy>
	</coordinates>
	<controls>
		<control type="image" id="1">
			<visible>!Skin.HasSetting(hideMouse)</visible>
			<description>Pointer</description>
			<width>36</width>
			<height>36</height>
			<texture>UIControls/PointerNF.png</texture>
		</control>
		<control type="image" id="2">
			<visible>!Skin.HasSetting(hideMouse)</visible>
			<description>Pointer Focus</description>
			<width>36</width>
			<height>36</height>
			<texture>UIControls/PointerFO.png</texture>
		</control>
		<control type="image" id="3">
			<visible>!Skin.HasSetting(hideMouse)</visible>
			<description>Pointer Drag</description>
			<width>36</width>
			<height>36</height>
			<texture>UIControls/PointerDrag.png</texture>
		</control>
		<control type="image" id="4">
			<visible>!Skin.HasSetting(hideMouse)</visible>
			<description>pointer_click</description>
			<width>36</width>
			<height>36</height>
			<texture>UIControls/PointerClick.png</texture>
		</control>
	</controls>
</window>
