<?xml version="1.0" encoding="UTF-8"?>
<includes>
	<!-- ContentList: DialogButtonMenu, DialogColorPicker, DialogConfirm, DialogContextMenu, DialogMediaSource, DialogSubtitles, SmartPlaylistEditor, SmartPlaylistRule, FileBrowser -->
	<include name="DialogButtonMenu">
		<control type="image">
			<include>fadeInOut</include>
			<left>0</left>
			<bottom>0</bottom>
			<width>100%</width>
			<height>100%</height>
			<texture colordiffuse="CCFFFFFF">colors/black.png</texture>
		</control>
		<control type="button" id="1000">
			<left>0</left>
			<bottom>0</bottom>
			<width>100%</width>
			<height>540</height>
				<texturefocus />
				<texturenofocus />
				<label></label>
				<font></font>
				<onclick>back</onclick>
		</control>
        	<control type="group" id="9999">
			<animation type="windowopen">
				<effect type="slide" start="0,-540" end="0" tween="cubic" easing="out" time="180"/>
			</animation>
			<animation type="windowclose">
				<effect type="slide" start="0" end="0,-540" tween="cubic" easing="out" time="180" delay="300"/>
			</animation>
                    	<left>0</left>
          		<right>0</right>
			<height>540</height>
			<include content="TempEvoModelDialogBottomRounded">
				<param name="modelkey_size" value="216" />
				<param name="modelkey_color" value="sorotdark" />
				<param name="dimensionkey_size" value="dim216" />
			</include>
			<include content="TempEvoModelDialogBottomRounded">
				<param name="modelkey_size" value="216" />
				<param name="modelkey_color" value="CC000000" />
				<param name="dimensionkey_size" value="dim216" />
			</include>
			<control type="group">
				<posy>72</posy>
				<left>64</left>
				<right>64</right>
				<height>108</height>
				<control type="image">
					<description>profile image</description>
					<right>0</right>
					<posy>0</posy>
					<width>90</width>
					<height>90</height>
	                        	<bordersize>0</bordersize>
					<texture fallback="colors/black.png" border="0" diffuse="shape/dim90/roundedsquare.png">$INFO[System.ProfileThumb]</texture>
					<aspectratio scalediffuse="false">scale</aspectratio>
				</control>
                    		<control type="label">
                    			<posy>0</posy>
					<right>108</right>
                			<font>Font28Regular</font>
                     			<textcolor>FFFFFFFF</textcolor>
					<textoffsetx>0</textoffsetx>
					<height>36</height>
                    			<align>right</align>
                    			<aligny>center</aligny>
		    			<label>$LOCALIZE[31201]</label>
                    		</control>
                    		<control type="label" id="1">
                    			<posy>36</posy>
					<right>108</right>
                			<font>Font36Regular</font>
                     			<textcolor>FFFFFFFF</textcolor>
					<textoffsetx>0</textoffsetx>
					<height>54</height>
                    			<align>right</align>
                    			<aligny>center</aligny>
		    			<label>$INFO[System.ProfileName]</label>
                    		</control>
				<control type="button" id="101">
					<visible>System.HasLoginScreen | Integer.IsGreater(System.ProfileCount,1)</visible>
					<visible>System.Loggedon</visible>
					<right>0</right>
                         		<posy>90</posy>
					<font>Font20Bold</font>
	                		<height>54</height>
					<align>right</align>
					<label>$LOCALIZE[31205]</label>
					<ondown>8001</ondown>
					<onclick>dialog.close(all,true)</onclick>
					<onclick>System.LogOff</onclick>
				</control>
                    	</control>
			<control type="group" id="9001">
                    		<left>64</left>
                    		<right>64</right>
               			<control type="label">
                         		<description>SubTitleWindow</description>
					<left>0</left>
					<bottom>18</bottom>
                         		<font>Font24Medium</font>
                         		<height>36</height>
					<aligny>center</aligny>
					<align>left</align>
	            			<label>$LOCALIZE[31204]</label>
                     			<textcolor>FFFFFFFF</textcolor>
             			</control>
				<control type="group">
                    			<posx>0</posx>
                    			<bottom>0</bottom>
					<height>288</height>
        				<control type="panel" id="8001">
	               	        		<bottom>90</bottom>
		                		<height>216</height>
	   					<onleft>8001</onleft>
            					<onright>8001</onright>
						<onup>101</onup>
						<ondown>back</ondown>
						<orientation>horizontal</orientation>
            					<scrolltime tween="cubic" easing="out">600</scrolltime>
	    					<itemlayout width="216" height="216">
							<control type="image">
                        					<posx>36</posx>
                        					<posy>18</posy>
								<width>144</width>
								<height>144</height>
								<colordiffuse>sorotdark</colordiffuse>
                    						<texture diffuse="shape/dim180/roundedsquare.png">colors/white.png</texture>
               						</control>
                    					<control type="label">
                        					<posx>36</posx>
                        					<posy>18</posy>
								<width>144</width>
								<height>144</height>
                        					<font>symbolSize90</font>
								<aligny>center</aligny>
								<align>center</align>
                        					<textcolor>textActive</textcolor>
                        					<shadowcolor></shadowcolor>
                        					<label>$INFO[ListItem.Label2]</label>
                    					</control>
							<control type="label">
	    							<posx>18</posx>
                    						<posy>162</posy>
                        					<width>180</width>
		             					<height>36</height>
		             					<font>Font22Bold</font>
		             					<textcolor>textActive</textcolor>
								<align>center</align>
		             					<label>$INFO[ListItem.Label]</label>
							</control>
                				</itemlayout>
                				<focusedlayout width="216" height="216">
							<control type="image">
                        					<posx>0</posx>
                        					<posy>0</posy>
								<width>216</width>
								<height>216</height>
								<colordiffuse>sorotan</colordiffuse>
                    						<texture>shape/dim216/roundedsquare.png</texture>
               						</control>
							<control type="image">
                        					<posx>36</posx>
                        					<posy>18</posy>
								<width>144</width>
								<height>144</height>
								<colordiffuse>sorotdark</colordiffuse>
                    						<texture diffuse="shape/dim180/roundedsquare.png">colors/white.png</texture>
               						</control>
                    					<control type="label">
                        					<posx>36</posx>
                        					<posy>18</posy>
								<width>144</width>
								<height>144</height>
                        					<font>symbolSize90</font>
								<aligny>center</aligny>
								<align>center</align>
                        					<textcolor>textActive</textcolor>
                        					<shadowcolor></shadowcolor>
                        					<label>$INFO[ListItem.Label2]</label>
                    					</control>
							<control type="label">
	    							<posx>18</posx>
                    						<posy>162</posy>
                        					<width>180</width>
		             					<height>36</height>
		             					<font>Font22Bold</font>
		             					<textcolor>textActive</textcolor>
								<align>center</align>
		             					<label>$INFO[ListItem.Label]</label>
							</control>
             					</focusedlayout>
						<content>
							<item id="1">
								<visible>Skin.HasSetting(LockscreenisActive)</visible>
								<label2></label2>
								<label>$LOCALIZE[13014]</label>
								<onclick>Dialog.Close(all)</onclick>
								<onclick>ActivateWindow(1108)</onclick>
							</item>
							<item id="2">
								<visible>System.CanPowerDown</visible>
								<label2></label2>
								<label>$LOCALIZE[13016]</label>
								<onclick>Powerdown()</onclick>
							</item>
							<item id="3">
								<label2></label2>
								<label>$LOCALIZE[13012]</label>
								<onclick>Quit()</onclick>
							</item>
							<item id="4">
								<visible>System.CanSuspend</visible>
								<label2></label2>
								<label>$LOCALIZE[13010]</label>
								<onclick>Suspend()</onclick>
							</item>
							<item id="5">
								<visible>System.CanHibernate</visible>
								<label2></label2>
								<label>$LOCALIZE[13011]</label>
								<onclick>Hibernate()</onclick>
							</item>
							<item id="6">
								<visible>System.CanReboot</visible>
								<label2></label2>
								<label>$LOCALIZE[13013]</label>
								<onclick>Reboot()</onclick>
							</item>
							<item id="7">
								<visible>System.CanSuspend</visible>
								<label2></label2>
								<label>$LOCALIZE[13014]</label>
								<onclick>Minimize()</onclick>
							</item>
						</content>
					</control>
				</control>
        		</control>
        	</control>
		<include content="DefaultWindowHeader">
			<param name="sidemenu_visible">false</param>
			<param name="visible_control">true</param>
			<param name="content_containername"> </param>
			<param name="header_label" value="$LOCALIZE[13000]"/>
			<param name="subheader_label" value="$LOCALIZE[10111]"/>
			<param name="pos_left" value="64"/>
		</include>
	</include>
	<include name="DialogColorPicker">
        	<control type="group" id="9999">
				<animation effect="Slide" start="0,0" end="-612,0" tween="cubic" easing="out" time="300" delay="0" condition="Window.IsActive(selectdialog)">Conditional</animation>
				<animation effect="Slide" start="0,900" end="0,0" tween="cubic" easing="out" time="300" delay="600" condition="![Window.IsActive(filebrowser) | Window.IsActive(sliderdialog)]">Conditional</animation>
			<right>64</right>
			<bottom>0</bottom>
			<width>864</width>
			<height>900</height>
			<animation type="windowopen">
            			<effect type="slide" start="0,900" end="0,0" tween="cubic" easing="out" time="180"/>
			</animation>
			<animation type="windowclose">
            			<effect type="slide" start="0,0" end="0,900" tween="cubic" easing="in" time="180"/>
			</animation>
			<include content="TempEvoModelDialogTopRounded">
				<param name="modelkey_size" value="180" />
				<param name="modelkey_color" value="sorotbright" />
				<param name="dimensionkey_size" value="dim180" />
			</include>
			<control type="image">
				<right>0</right>
				<bottom>0</bottom>
				<width>648</width>
				<height>900</height>
				<texture>Pattern/FullPatternVer.png</texture>
				<aspectratio scalediffuse="false">scale</aspectratio>
				<colordiffuse>FFFFFFFF</colordiffuse>
			</control>
			<include content="TempEvoModelDialogTopRounded">
				<param name="modelkey_size" value="180" />
				<param name="modelkey_color" value="CC000000" />
				<param name="dimensionkey_size" value="dim180" />
			</include>
			<control type="group">
				<right>0</right>
        			<control type="label" id="1">
					<animation type="windowopen">
            					<effect type="fade" start="0" end="100" delay="200" time="200"/>
        				</animation>
					<animation type="windowclose">
            					<effect type="fade" start="100" end="0" delay="0" time="100"/>
        				</animation>
                         		<description>TitleWindow</description>
					<posx>36</posx>
                         		<posy>36</posy>
                         		<font>Font42Bold</font>
                         		<width>684</width>
                         		<height>72</height>
					<aligny>center</aligny>
                     			<textcolor>FFFFFFFF</textcolor>
					<label></label>
             			</control>
				<control type="label">
					<left>36</left>
					<right>216</right>
					<top>90</top>
					<height>36</height>
					<align>left</align>
           				<font>Font24Bold</font>
					<label>$LOCALIZE[737]: $INFO[Container(6).ListItem.Label,, - ]$INFO[Container(6).ListItem.Label2,#,]</label>
				</control>
        			<control type="group">
					<animation type="windowopen">
            					<effect type="fade" start="0" end="100" delay="200" time="200"/>
        				</animation>
					<animation type="windowclose">
            					<effect type="fade" start="100" end="0" delay="0" time="100"/>
        				</animation>
					<bottom>1</bottom>
					<posx>18</posx>
                    			<width>648</width>
					<height>792</height>
					<control type="group" id="9001">
                    				<control type="panel" id="6">
							<bottom>0</bottom>
	   						<posx>18</posx>
							<height>756</height>
							<onup>6</onup>
							<ondown>6</ondown>
							<onleft>9001</onleft>
							<onright>61</onright>
							<orientation>vertical</orientation>
							<pagecontrol>61</pagecontrol>
							<viewtype label="100">icon</viewtype>
							<itemlayout height="80" width="146">
					<control type="group">
						<control type="image">
							<top>3</top>
							<left>8</left>
							<width>138</width>
							<height>74</height>
							<texture>colors/black.png</texture>
						</control>
						<control type="image">
							<top>3</top>
							<left>8</left>
							<width>138</width>
							<height>74</height>
							<texture border="0">colors/white.png</texture>
							<colordiffuse>$INFO[ListItem.Label2]</colordiffuse>
							<aspectratio>stretch</aspectratio>
						</control>
					</control>
				</itemlayout>
				<focusedlayout height="80" width="146">
					<control type="group">
						<animation effect="zoom" time="200" tween="sine" easing="inout" start="100" end="124" center="auto">Focus</animation>
						<control type="image">
							<top>3</top>
							<left>8</left>
							<width>138</width>
							<height>74</height>
							<texture>colors/black.png</texture>
						</control>
						<control type="image">
							<top>3</top>
							<left>8</left>
							<width>138</width>
							<height>74</height>
							<texture border="0">colors/white.png</texture>
							<colordiffuse>$INFO[ListItem.Label2]</colordiffuse>
							<aspectratio>stretch</aspectratio>
						</control>
					</control>
						</focusedlayout>
                    				</control>
						<control type="scrollbar" id="61">
							<right>0</right>
							<bottom>54</bottom>
							<width>12</width>
							<height>684</height>
							<onleft condition="Control.IsVisible(6)">6</onleft>
							<onright>9000</onright>
							<orientation>vertical</orientation>
						</control>
                    			</control>
            			</control>
				<control type="group">
					<animation type="windowopen">
            					<effect type="fade" start="0" end="100" delay="400" time="300"/>
        				</animation>
					<animation type="windowclose">
            					<effect type="fade" start="100" end="0" delay="0" time="100"/>
        				</animation>
					<right>0</right>
					<bottom>0</bottom>
					<width>180</width>
					<height>900</height>
					<include content="TempEvoModelListVerticalRounded">
						<param name="modelkey_size" value="180" />
						<param name="modelkey_color" value="40000000" />
						<param name="dimensionkey_size" value="dim180" />
					</include>
				</control>
            			<control type="grouplist" id="9000">
                			<description>control area</description>
					<right>18</right>
					<bottom>0</bottom>
					<width>162</width>
					<height>792</height>
					<onleft>Control.SetFocus(9001)</onleft>
					<control type="button" id="7">
						<description>Cancel</description>
						<font>Font20Bold</font>
						<label>$LOCALIZE[222]</label>
						<width>162</width>
	                       			<height>54</height>
                                		<align>left</align>
						<textcolor>textActive</textcolor>
						<focusedcolor>textActive</focusedcolor>
						<textoffsetx>9</textoffsetx>
			    			<texturefocus colordiffuse="highlight">colors/white.png</texturefocus>
			    			<texturenofocus colordiffuse="00ffffff">colors/white.png</texturenofocus>
					</control>
            			</control>
			</control>
		</control>
	</include>
	<include name="DialogConfirm">
        	<control type="group" id="9999">
		<!--AnimaTempEvo-->
		<control type="image">
			<include condition="!Skin.HasSetting(NoAnimationInSkin)">fadeInOut</include>
			<left>0</left>
			<bottom>0</bottom>
			<width>100%</width>
			<height>100%</height>
			<texture colordiffuse="CCFFFFFF">colors/black.png</texture>
		</control>
		<control type="group">
			<bottom>72</bottom>
			<left>192</left>
			<right>192</right>
			<height>540</height>
			<animation effect="Slide" start="0,684" end="0,0" tween="cubic" easing="out" time="300" delay="0">windowopen</animation>
			<animation effect="Slide" start="0,0" end="0,684" tween="cubic" easing="out" time="300" delay="0">windowclose</animation>
			<include content="TempEvoModelDialogRounded">
				<param name="modelkey_size" value="180" />
				<param name="modelkey_color" value="sorotdark" />
				<param name="dimensionkey_size" value="dim180" />
			</include>
			<include content="TempEvoModelDialogRounded">
				<param name="modelkey_size" value="180" />
				<param name="modelkey_color" value="80000000" />
				<param name="dimensionkey_size" value="dim180" />
			</include>
			<control type="grouplist" id="9001">
				<left>36</left>
                    		<right>288</right>
		            	<bottom>36</bottom>
				<height>486</height>
                   		<itemgap>-6</itemgap>
                    		<align>top</align>
               			<control type="textbox" id="1">
                         		<description>TitleWindow</description>
					<posx>0</posx>
                         		<posy>0</posy>
                         		<font>Font48Bold</font>
                    			<width>auto</width>
                   			<height>auto</height>
                    			<aligny>center</aligny>
                     			<textcolor>FFFFFFFF</textcolor>
					<label></label>
             			</control>
               			<control type="textbox" id="9">
					<description>heading</description>
					<posx>0</posx>
					<posy>0</posy>
					<font>Font36Medium</font>
                    			<width>auto</width>
                   			<height>auto</height>
                    			<aligny>center</aligny>
					<textcolor>textActive</textcolor>
					<label></label>
				</control>
            		</control>
			<control type="progress" id="20">
				<left>36</left>
                    		<right>288</right>
				<bottom>18</bottom>
				<height>6</height>
				<midtexture colordiffuse="80FFFFFF">colors/white.png</midtexture>
				<info>System.Progressbar</info>
			</control>
			<control type="group">
						<animation type="windowopen">
            						<effect type="fade" start="0" end="100" delay="400" time="300"/>
        					</animation>
						<animation type="windowclose">
            						<effect type="fade" start="100" end="0" delay="0" time="100"/>
        					</animation>
						<right>0</right>
						<bottom>0</bottom>
						<width>252</width>
						<height>540</height>
			<include content="TempEvoModelDialogRightRounded">
				<param name="modelkey_size" value="216" />
				<param name="modelkey_color" value="80000000" />
				<param name="dimensionkey_size" value="dim216" />
			</include>	
            				<control type="grouplist" id="9000">
						<animation type="windowopen">
            						<effect type="fade" start="0" end="100" delay="400" time="300"/>
        					</animation>
						<animation type="windowclose">
            						<effect type="fade" start="100" end="0" delay="0" time="100"/>
        					</animation>
                				<description>control area</description>
						<right>18</right>
						<bottom>18</bottom>
						<width>234</width>
						<height>324</height>
                				<onleft>9000</onleft>
                				<onright>9000</onright>
						<align>right</align>
						<orientation>vertical</orientation>
					<control type="label" id="201">
						<description>progress</description>
						<width>234</width>
						<height>72</height>
						<font>Font36Bold</font>
							<align>left</align>
						<label>$INFO[System.Progressbar,,%]</label>
						<textcolor>textActive</textcolor>
					</control>
						<control type="button" id="11">
							<width>234</width>
							<height>54</height>
							<font>Font22Bold</font>
							<align>left</align>
							<texturefocus colordiffuse="sorotdark" border="8">shape/dim72/roundedright.png</texturefocus>
						</control>
						<control type="button" id="10">
							<width>234</width>
							<height>54</height>
							<font>Font22Bold</font>
							<align>left</align>
							<texturefocus colordiffuse="sorotdark" border="8">shape/dim72/roundedright.png</texturefocus>
						</control>
						<control type="button" id="12">
							<width>234</width>
							<height>54</height>
							<font>Font22Bold</font>
							<align>left</align>
							<texturefocus colordiffuse="sorotdark" border="8">shape/dim72/roundedright.png</texturefocus>
						</control>
            			</control>
			</control>
		</control>
            	</control>
	</include>
	<include name="DialogContextMenu">
        	<control type="group" id="9999">
			<right>0</right>
			<bottom>54</bottom>
			<width>468</width>
			<height>900</height>
				<include condition="!Skin.HasSetting(NoAnimationInSkin)">TempEvoSlideLeftDialog</include>
			<include content="TempEvoModelDialogLeftRounded">
				<param name="modelkey_size" value="180" />
				<param name="modelkey_color" value="sorotbright" />
				<param name="dimensionkey_size" value="dim180" />
			</include>
			<control type="image">
				<right>0</right>
				<bottom>0</bottom>
				<width>450</width>
				<height>900</height>
				<texture>Pattern/FullPatternVer.png</texture>
				<aspectratio scalediffuse="false">scale</aspectratio>
				<colordiffuse>FFFFFFFF</colordiffuse>
			</control>
			<include content="TempEvoModelDialogLeftRounded">
				<param name="modelkey_size" value="180" />
				<param name="modelkey_color" value="CC000000" />
				<param name="dimensionkey_size" value="dim180" />
			</include>
		<control type="group">
			<right>54</right>
               		<control type="label">
                         	<description>TitleWindow</description>
				<posx>18</posx>
                         	<posy>0</posy>
                         	<font>Font28Bold</font>
                         	<width>432</width>
                         	<height>90</height>
				<aligny>center</aligny>
                     		<textcolor>FFFFFFFF</textcolor>
				<label>$LOCALIZE[10106]</label>
             		</control>
               		<control type="label">
                         	<description>TitleWindow</description>
				<posx>18</posx>
                         	<posy>54</posy>
                         	<font>Font24Medium</font>
                         	<width>432</width>
                         	<height>48</height>
				<aligny>center</aligny>
                     		<textcolor>FFFFFFFF</textcolor>
				<label>$INFO[ListItem.label]</label>
             		</control>
			<control type="group">
                    		<left>18</left>
				<right>0</right>
                    			<bottom>1</bottom>
					<height>791</height>
				<control type="grouplist" id="996">
                    			<left>0</left>
                    			<bottom>0</bottom>
					<height>791</height>
					<onleft>noop</onleft>
					<itemgap>0</itemgap>
	        			<control type="button" id="1000">
							<texturefocus colordiffuse="40FFFFFF" border="8">shape/dim72/roundedsquare.png</texturefocus>
                     				<font>Font24Medium</font>
						<aligny>center</aligny>
						<textcolor>textActive</textcolor>
						<focusedcolor>textActive</focusedcolor>
						<height>54</height>
	        			</control>
        			</control>
               		</control>
	        </control>
            	</control>
	</include>
	<include name="DialogMediaSource">
        	<control type="group" id="9999">
				<animation effect="Slide" start="0,720" end="0,0" tween="cubic" easing="out" time="300" delay="600" condition="!Window.IsActive(filebrowser)">Conditional</animation>
			<right>192</right>
			<bottom>108</bottom>
			<height>648</height>
			<control type="group">
					<animation type="windowopen">
            					<effect type="slide" start="0,756" end="0,0" tween="cubic" easing="out" time="400"/>
					</animation>
					<animation type="windowclose">
            					<effect type="slide" start="0,0" end="0,756" tween="cubic" easing="out" time="300" delay="300"/>
					</animation>
           <left>192</left>
				<include content="TempEvoModelDialogRounded" condition="!window.isactive(fullscreenvideo)">
					<param name="modelkey_size" value="180" />
					<param name="modelkey_color" value="sorotdark" />
					<param name="dimensionkey_size" value="dim180" />
				</include>
				<include content="TempEvoModelDialogRounded" condition="window.isactive(fullscreenvideo)">
					<param name="modelkey_size" value="180" />
					<param name="modelkey_color" value="CC000000" />
					<param name="dimensionkey_size" value="dim180" />
				</include>
			<control type="group">
                         			<posy>54</posy>
                    		<left>96</left>
               				<control type="label">
						<animation type="windowopen">
            						<effect type="fade" start="0" end="100" delay="0" time="1"/>
            						<effect type="fade" start="100" end="0" delay="500" time="300"/>
        					</animation>
						<animation type="windowclose">
            						<effect type="fade" start="0" end="100" delay="0" time="300"/>
            						<effect type="fade" start="100" end="0" delay="600" time="1"/>
        					</animation>
                         			<description>TitleWindow</description>
						<right>96</right>
			<bottom>54</bottom>
                         			<height>540</height>
                         			<font>Font144Bold</font>
						<aligny>center</aligny>
		    			<wrapmultiline>true</wrapmultiline>
                     				<textcolor>FFFFFFFF</textcolor>
						<label>$INFO[Control.GetLabel(2)]</label>
             				</control>
             				</control>
				<control type="group" id="9001">
                    		<left>36</left>
               				<control type="label"  id="2">
						<animation type="windowopen">
            						<effect type="fade" start="0" end="100" delay="300" time="300"/>
            						<effect type="Slide" start="0,720" end="0,0" tween="cubic" easing="out" time="300" delay="300"/>
        					</animation>
						<animation type="windowclose">
            						<effect type="fade" start="100" end="0" delay="0" time="100"/>
        					</animation>
                         			<description>TitleWindow</description>
						<right>36</right>
                         			<posy>0</posy>
                         			<font>Font36Bold</font>
                         			<height>90</height>
						<aligny>center</aligny>
                     				<textcolor>FFFFFFFF</textcolor>
						<label></label>
             				</control>
            		<control type="image">
						<animation type="windowopen">
            						<effect type="fade" start="0" end="100" delay="300" time="300"/>
        					</animation>
						<animation type="windowclose">
            						<effect type="fade" start="100" end="0" delay="0" time="100"/>
        					</animation>
                		<description>Separator</description>
                         			<posy>90</posy>
						<right>36</right>
	                       	<height>2</height>
                		<texture>colors/white.png</texture>
                		<aspectratio>stretch</aspectratio>
            		</control>
                        		<control type="label">
						<animation type="windowopen">
            						<effect type="fade" start="0" end="100" delay="300" time="300"/>
        					</animation>
						<animation type="windowclose">
            						<effect type="fade" start="100" end="0" delay="0" time="100"/>
        					</animation>
						<right>288</right>
						<bottom>504</bottom>
						<height>36</height>
                            			<aligny>center</aligny>
                            			<font>Font22Bold</font>
                            			<textcolor>textActive</textcolor>
                            			<selectedcolor>black</selectedcolor>
                            			<label>$LOCALIZE[1021]</label>
                            			<shadowcolor></shadowcolor>
                        		</control>
					<control type="list" id="10">
						<animation type="windowopen">
            						<effect type="fade" start="0" end="100" delay="300" time="300"/>
        					</animation>
						<animation type="windowclose">
            						<effect type="fade" start="100" end="0" delay="0" time="100"/>
        					</animation>
						<right>288</right>
						<bottom>144</bottom>
						<height>342</height>
						<onright>9000</onright>
						<ondown>12</ondown>
						<pagecontrol></pagecontrol>
						<scrolltime>200</scrolltime>
						<itemlayout height="72">
                        				<control type="image">
                            					<posx>0</posx>
                            					<posy>0</posy>
                            					<height>72</height>
                            					<aspectratio>stretch</aspectratio>
                            					<texture>colors/white.png</texture>
                            					<bordersize>0</bordersize>
                            					<colordiffuse>highlight</colordiffuse>
                        				</control>
							<control type="label">
								<posx>2%</posx>
								<posy>0</posy>
								<width>96%</width>
								<height>72</height>
								<aligny>center</aligny>
								<font>Font24Bold</font>
								<textcolor>textActive</textcolor>
								<selectedcolor>textActive</selectedcolor>
								<label>$INFO[listitem.label]</label>
								<shadowcolor></shadowcolor>
							</control>
                    				</itemlayout>
                    				<focusedlayout height="72">
                        				<control type="image">
                            					<posx>0</posx>
                            					<posy>0</posy>
                            					<height>72</height>
                            					<aspectratio>stretch</aspectratio>
                            					<texture>colors/white.png</texture>
                            					<bordersize>0</bordersize>
                            					<colordiffuse>highlight</colordiffuse>
                        				</control>
                        				<control type="image">
								<visible>Control.HasFocus(10)</visible>
                            					<posx>0</posx>
                            					<posy>0</posy>
                            					<height>72</height>
                            					<aspectratio>stretch</aspectratio>
                            					<texture>colors/white.png</texture>
                            					<bordersize>0</bordersize>
                            					<colordiffuse>ffFFFFFF</colordiffuse>
                        				</control>
                        				<control type="label">
								<posx>2%</posx>
								<posy>0</posy>
								<width>96%</width>
								<height>72</height>
                            					<aligny>center</aligny>
                            					<font>Font24Bold</font>
                            					<textcolor>black</textcolor>
                            					<selectedcolor>black</selectedcolor>
                            					<label>$INFO[listitem.label]</label>
                            					<shadowcolor></shadowcolor>
                        				</control>
                    				</focusedlayout>
                			</control>
                        		<control type="label">
						<animation type="windowopen">
            						<effect type="fade" start="0" end="100" delay="300" time="300"/>
        					</animation>
						<animation type="windowclose">
            						<effect type="fade" start="100" end="0" delay="0" time="100"/>
        					</animation>
						<right>288</right>
						<bottom>108</bottom>
						<height>36</height>
                            			<aligny>center</aligny>
                            			<font>Font20Bold</font>
                            			<textcolor>textActive</textcolor>
                            			<selectedcolor>black</selectedcolor>
                            			<label>$LOCALIZE[1022]</label>
                            			<shadowcolor></shadowcolor>
                        		</control>
            				<control type="edit" id="12">
						<animation type="windowopen">
            						<effect type="fade" start="0" end="100" delay="300" time="300"/>
        					</animation>
						<animation type="windowclose">
            						<effect type="fade" start="100" end="0" delay="0" time="100"/>
        					</animation>
                				<description>Default Edit</description>
						<onup>10</onup>
						<onleft>9000</onleft>
						<left>0</left>
						<right>288</right>
						<bottom>36</bottom>
						<height>72</height>
                     				<font>Font24Bold</font>
						<textoffsetx>24</textoffsetx>
            				</control>
			<control type="group">
						<animation type="windowopen">
            						<effect type="fade" start="0" end="100" delay="400" time="300"/>
        					</animation>
						<animation type="windowclose">
            						<effect type="fade" start="100" end="0" delay="0" time="100"/>
        					</animation>
						<right>36</right>
						<bottom>36</bottom>
						<width>180</width>
						<height>486</height>
				<include content="TempEvoModelListVerticalRounded">
					<param name="modelkey_size" value="180" />
					<param name="modelkey_color" value="40000000" />
					<param name="dimensionkey_size" value="dim180" />
				</include>
			</control>
            				<control type="grouplist" id="9000">
						<animation type="windowopen">
            						<effect type="fade" start="0" end="100" delay="400" time="300"/>
        					</animation>
						<animation type="windowclose">
            						<effect type="fade" start="100" end="0" delay="0" time="100"/>
        					</animation>
                				<description>control area</description>
						<right>36</right>
						<bottom>54</bottom>
						<width>180</width>
						<height>486</height>
						<align>right</align>
						<onleft>10</onleft>
						<onleft>10</onleft>
                				<onup>9000</onup>
                				<ondown>9000</ondown>
						<control type="button" id="11">
							<description>Browse</description>
							<width>180</width>
							<height>54</height>
							<font>Font22Bold</font>
							<align>center</align>
							<label>$LOCALIZE[1024]</label>
						</control>
						<control type="button" id="13">
							<description>Add</description>
							<width>180</width>
							<height>54</height>
							<font>Font22Bold</font>
							<align>center</align>
							<label>$LOCALIZE[15019]</label>
						</control>
						<control type="button" id="14">
							<description>Remove</description>
							<width>180</width>
							<height>54</height>
							<font>Font22Bold</font>
							<align>center</align>
							<label>$LOCALIZE[1210]</label>
						</control>
                				<control type="image" id="140999">
							<height>2</height>
                    					<texture>colors/white.png</texture>
                    					<colordiffuse>highlight</colordiffuse>
               					</control>
						<control type="button" id="18">
							<description>OK</description>
							<width>180</width>
							<height>54</height>
							<font>Font22Bold</font>
							<align>center</align>
							<label>$LOCALIZE[186]</label>
						</control>
						<control type="button" id="19">
							<description>Cancel</description>
							<width>180</width>
							<height>54</height>
							<font>Font22Bold</font>
							<align>center</align>
							<label>$LOCALIZE[222]</label>
						</control>
            				</control>
               			</control>
			</control>
            	</control>
	</include>
	<include name="DialogSubtitles">
        	<control type="group" id="9999">
				<animation effect="Slide" start="0,0" end="-576,0" tween="cubic" easing="out" time="300" delay="0" condition="Window.IsActive(selectdialog)">Conditional</animation>
				<animation effect="Slide" start="0,900" end="0,0" tween="cubic" easing="out" time="300" delay="600" condition="![Window.IsActive(filebrowser) | Window.IsActive(sliderdialog)]">Conditional</animation>
			<right>192</right>
			<bottom>108</bottom>
			<height>864</height>
			<control type="group">
					<animation type="windowopen">
            					<effect type="slide" start="0,504" end="0,0" tween="cubic" easing="out" time="400"/>
            					<effect type="zoom" start="25" end="100" center="192,864" tween="cubic" easing="inout" time="300" delay="500"/>
					</animation>
					<animation type="windowclose">
            					<effect type="slide" start="0,0" end="0,504" tween="cubic" easing="out" time="300" delay="300"/>
            					<effect type="zoom" start="100" end="25" center="192,864" tween="cubic" easing="inout" time="300"/>
					</animation>
           <left>192</left>
				<include content="TempEvoModelDialogRounded" condition="!window.isactive(fullscreenvideo)">
					<param name="modelkey_size" value="180" />
					<param name="modelkey_color" value="sorotdark" />
					<param name="dimensionkey_size" value="dim180" />
				</include>
				<include content="TempEvoModelDialogRounded" condition="window.isactive(fullscreenvideo)">
					<param name="modelkey_size" value="180" />
					<param name="modelkey_color" value="CC000000" />
					<param name="dimensionkey_size" value="dim180" />
				</include>
			<control type="group">
                         			<posy>108</posy>
                    		<left>96</left>
               				<control type="label">
						<animation type="windowopen">
            						<effect type="fade" start="0" end="100" delay="0" time="1"/>
            						<effect type="fade" start="100" end="0" delay="500" time="300"/>
        					</animation>
						<animation type="windowclose">
            						<effect type="fade" start="0" end="100" delay="0" time="300"/>
            						<effect type="fade" start="100" end="0" delay="600" time="1"/>
        					</animation>
                         			<description>TitleWindow</description>
						<right>96</right>
			<bottom>108</bottom>
                         			<height>576</height>
                         			<font>Font180Bold</font>
						<aligny>center</aligny>
		    			<wrapmultiline>true</wrapmultiline>
                     				<textcolor>FFFFFFFF</textcolor>
						<label>$LOCALIZE[287][CR]$INFO[Player.Filename]</label>
             				</control>
             				</control>
				<control type="group" id="9001">
                    		<left>36</left>
               				<control type="label" id="100">
						<animation type="windowopen">
            						<effect type="fade" start="0" end="100" delay="300" time="300"/>
            						<effect type="Slide" start="0,720" end="0,0" tween="cubic" easing="out" time="300" delay="300"/>
        					</animation>
						<animation type="windowclose">
            						<effect type="fade" start="100" end="0" delay="0" time="100"/>
        					</animation>
                         			<description>TitleWindow</description>
						<right>36</right>
                         			<posy>0</posy>
                         			<font>Font36Bold</font>
                         			<height>90</height>
						<aligny>center</aligny>
                     				<textcolor>FFFFFFFF</textcolor>
						<label>$LOCALIZE[24012]</label>
             				</control>
            		<control type="image">
						<animation type="windowopen">
            						<effect type="fade" start="0" end="100" delay="300" time="300"/>
        					</animation>
						<animation type="windowclose">
            						<effect type="fade" start="100" end="0" delay="0" time="100"/>
        					</animation>
                		<description>Separator</description>
                         			<posy>90</posy>
						<right>36</right>
	                       	<height>2</height>
                		<texture>colors/white.png</texture>
                		<aspectratio>stretch</aspectratio>
            		</control>
			<control type="group">
						<right>324</right>
						<bottom>36</bottom>
						<height>702</height>
					<control type="list" id="150">
						<animation type="windowopen">
            						<effect type="fade" start="0" end="100" delay="300" time="300"/>
        					</animation>
						<animation type="windowclose">
            						<effect type="fade" start="100" end="0" delay="0" time="100"/>
        					</animation>
				<left>0</left>
				<top>0</top>
				<width>324</width>
	                       	<height>702</height>
						<onleft>noop</onleft>
						<ondown>noop</ondown>
						<onup>noop</onup>
						<onright>120</onright>
						<orientation>vertical</orientation>
						<scrolltime tween="cubic" easing="out">500</scrolltime>
	                			<itemlayout width="324" height="72">
	                        			<control type="label">
		                        			<posx>0</posx>
		                        			<posy>0</posy>
		                        			<width>324</width>
		                        			<height>72</height>
		                        			<aligny>center</aligny>
		                        			<font>Font28Bold</font>
                                     <textoffsetx>24</textoffsetx>
		                        			<textcolor>textActive</textcolor>
		                        			<label>$INFO[ListItem.Label]</label>
		           				</control>
	                			</itemlayout>
	                			<focusedlayout width="324" height="72">
							<control type="image">
            							<include>TempEvoFocusedItemFadeReversed</include>
	                        				<posx>0</posx>
	                        				<posy>0</posy>
		                        			<height>72</height>
	                        				<aspectratio>stretch</aspectratio>
	                        				<texture>colors/white.png</texture>
	                        				<bordersize>0</bordersize>
	                       					<colordiffuse>40eaeaea</colordiffuse>
	                    				</control>
							<control type="image">
            							<include>TempEvoFocusedItemFade</include>
	                        				<posx>0</posx>
	                        				<posy>0</posy>
		                        			<height>72</height>
	                        				<aspectratio>stretch</aspectratio>
	                        				<texture>colors/white.png</texture>
	                        				<bordersize>0</bordersize>
	                       					<colordiffuse>80FFFFFF</colordiffuse>
	                    				</control>
	                        			<control type="label">
		                        			<posx>0</posx>
		                        			<posy>0</posy>
		                        			<width>324</width>
		                        			<height>72</height>
		                        			<aligny>center</aligny>
		                        			<font>Font28Bold</font>
                                     <textoffsetx>24</textoffsetx>
		                        			<textcolor>textActive</textcolor>
		                        			<label>$INFO[ListItem.Label]</label>
		           				</control>
						</focusedlayout>
					</control>
				<control type="list" id="120">
						<left>342</left>
						<height>702</height>
					<onleft>150</onleft>
					<onright>9000</onright>
					<onup>120</onup>
					<ondown>120</ondown>
					<scrolltime>200</scrolltime>
	                		<itemlayout height="96">
	                        		<control type="label">
		                        		<posy>0</posy>
		                        		<posx>0</posx>
		                        		<width>auto</width>
		                        		<height>54</height>
		                        		<align>left</align>
		                        		<aligny>center</aligny>
		                        		<font>Font24Bold</font>
		                        		<textoffsetx>18</textoffsetx>
		                        		<textcolor>textActive</textcolor>
		                        		<label>$INFO[ListItem.Label2]</label>
		           			</control>
	                <control type="group">
		                        		<right>360</right>
	                        		<control type="label">
		                        		<posx>0</posx>
		                        		<posy>45</posy>
		                        		<width>auto</width>
		                        		<height>36</height>
		                        		<align>left</align>
		                        		<aligny>center</aligny>
		                        		<font>Font22Regular</font>
		                        		<textoffsetx>18</textoffsetx>
		                        		<textcolor>textActive</textcolor>
		                        		<label>$INFO[ListItem.Label]</label>
		           			</control>
		           			</control>
	                        		<control type="label">
							<visible>ListItem.property(hearing_imp)</visible>
		                        		<right>122</right>
		                        		<posy>45</posy>
		                        		<width>36</width>
		                        		<height>36</height>
		                        		<align>left</align>
		                        		<aligny>center</aligny>
		                        		<font>Font22Regular</font>
		                        		<textoffsetx>0</textoffsetx>
		                        		<textcolor>textActive</textcolor>
		                        		<label>CC</label>
		           			</control>
	                        		<control type="label">
							<visible>ListItem.property(sync)</visible>
		                        		<right>150</right>
		                        		<posy>45</posy>
		                        		<width>72</width>
		                        		<height>36</height>
		                        		<align>left</align>
		                        		<aligny>center</aligny>
		                        		<font>Font22Regular</font>
		                        		<textoffsetx>0</textoffsetx>
		                        		<textcolor>textActive</textcolor>
		                        		<label>SYNC</label>
		           			</control>
						<control type="image">
							<right>18</right>
							<top>42</top>
							<width>100</width>
							<height>45</height>
							<texture fallback="flags/starrating/rating0.png">$INFO[ListItem.ActualIcon,flags/starrating/rating,.png]</texture>
							<aspectratio>keep</aspectratio>
						</control>
	                		</itemlayout>
	                		<focusedlayout height="96">
				<control type="group">
					<include condition="!Skin.HasSetting(NoAnimationInSkin)">TempEvoFocusedItemFade</include>
					<include content="TempEvoModelListHorizontalRounded">
						<param name="modelkey_size" value="90" />
						<param name="modelkey_color" value="sorotan" />
						<param name="dimensionkey_size" value="dim90" />
					</include>
				</control>
	                        		<control type="label">
		                        		<posy>0</posy>
		                        		<posx>0</posx>
		                        		<width>auto</width>
		                        		<height>54</height>
		                        		<align>left</align>
		                        		<aligny>center</aligny>
		                        		<font>Font24Bold</font>
		                        		<textoffsetx>18</textoffsetx>
		                        		<textcolor>textActive</textcolor>
		                        		<label>$INFO[ListItem.Label2]</label>
		           			</control>
	                <control type="group">
		                        		<right>360</right>
	                        		<control type="label">
		                        		<posx>0</posx>
		                        		<posy>45</posy>
		                        		<width>auto</width>
		                        		<height>36</height>
		                        		<align>left</align>
		                        		<aligny>center</aligny>
		                        		<font>Font22Regular</font>
		                        		<textoffsetx>18</textoffsetx>
		                        		<textcolor>textActive</textcolor>
		                        		<label>$INFO[ListItem.Label]</label>
		           			</control>
		           			</control>
	                        		<control type="label">
							<visible>ListItem.property(hearing_imp)</visible>
		                        		<right>122</right>
		                        		<posy>45</posy>
		                        		<width>36</width>
		                        		<height>36</height>
		                        		<align>left</align>
		                        		<aligny>center</aligny>
		                        		<font>Font22Regular</font>
		                        		<textoffsetx>0</textoffsetx>
		                        		<textcolor>textActive</textcolor>
		                        		<label>CC</label>
		           			</control>
	                        		<control type="label">
							<visible>ListItem.property(sync)</visible>
		                        		<right>150</right>
		                        		<posy>45</posy>
		                        		<width>72</width>
		                        		<height>36</height>
		                        		<align>left</align>
		                        		<aligny>center</aligny>
		                        		<font>Font22Regular</font>
		                        		<textoffsetx>0</textoffsetx>
		                        		<textcolor>textActive</textcolor>
		                        		<label>SYNC</label>
		           			</control>
						<control type="image">
							<right>18</right>
							<top>42</top>
							<width>100</width>
							<height>45</height>
							<texture fallback="flags/starrating/rating0.png">$INFO[ListItem.ActualIcon,flags/starrating/rating,.png]</texture>
							<aspectratio>keep</aspectratio>
						</control>
	                		</focusedlayout>
				</control>
            				</control>
			<control type="group">
						<animation type="windowopen">
            						<effect type="fade" start="0" end="100" delay="400" time="300"/>
        					</animation>
						<animation type="windowclose">
            						<effect type="fade" start="100" end="0" delay="0" time="100"/>
        					</animation>
						<right>36</right>
						<bottom>36</bottom>
						<width>216</width>
						<height>702</height>
				<include content="TempEvoModelListVerticalRounded">
					<param name="modelkey_size" value="216" />
					<param name="modelkey_color" value="40000000" />
					<param name="dimensionkey_size" value="dim216" />
				</include>
			</control>
                <control type="label" id="140">
						<right>54</right>
						<bottom>486</bottom>
						<width>180</width>
						<height>144</height>
                    <font>Font24Bold</font>
                    <textcolor>textActive</textcolor>
                    <wrapmultiline>true</wrapmultiline>
                </control>
            				<control type="grouplist" id="9000">
						<animation type="windowopen">
            						<effect type="fade" start="0" end="100" delay="400" time="300"/>
        					</animation>
						<animation type="windowclose">
            						<effect type="fade" start="100" end="0" delay="0" time="100"/>
        					</animation>
                				<description>control area</description>
						<right>36</right>
						<bottom>54</bottom>
						<width>216</width>
						<height>126</height>
						<align>right</align>
						<onleft>120</onleft>
                				<onup>9000</onup>
                				<ondown>9000</ondown>
						<control type="button" id="160">
							<width>216</width>
							<height>54</height>
							<font>Font22Bold</font>
							<align>center</align>
						<label>$LOCALIZE[24120]</label>
						</control>
						<control type="button" id="99">
							<description>Cancel</description>
							<width>216</width>
							<height>54</height>
							<font>Font22Bold</font>
							<align>center</align>
						<label>$LOCALIZE[222]</label>
						<onclick>Dialog.Close(subtitlesearch)</onclick>
						</control>
            				</control>
               			</control>
			</control>
		</control>
	</include>
	<include name="SmartPlaylistEditor">
        	<control type="group" id="9999">
			<animation effect="Slide" start="0,0" end="-504,0" tween="cubic" easing="out" time="180" delay="0" condition="Window.IsActive(selectdialog)">Conditional</animation>
			<animation effect="Slide" start="0,900" end="0,0" tween="cubic" easing="out" time="180" delay="600" condition="![Window.IsActive(filebrowser) | Window.IsActive(smartplaylistrule) | Window.IsActive(sliderdialog) | Window.IsActive(subtitlesearch) | Window.IsActive(filebrowser)]">Conditional</animation>
           		<left>64</left>
			<right>64</right>
			<bottom>0</bottom>
			<height>936</height>
			<control type="group">
				<animation type="windowopen">
            				<effect type="slide" start="0,936" end="0,0" tween="cubic" easing="out" time="360"/>
				</animation>
				<animation type="windowclose">
            				<effect type="slide" start="0,0" end="0,936" tween="cubic" easing="out" time="360"/>
				</animation>
				<control type="group">
					<animation effect="fade" start="100" end="0" time="300" delay="0" condition="Player.hasMedia + !Player.Paused + [Window.isActive(VideoFullScreen.xml)]">Conditional</animation>
					<include content="TempEvoModelDialogTopRounded">
						<param name="modelkey_size" value="216" />
						<param name="modelkey_color" value="sorotbright" />
						<param name="dimensionkey_size" value="dim216" />
					</include>
				</control>
				<include content="TempEvoModelDialogTopRounded">
					<param name="modelkey_size" value="216" />
					<param name="modelkey_color" value="CC000000" />
					<param name="dimensionkey_size" value="dim216" />
				</include>
				<control type="group" id="9001">
                    			<left>36</left>
                    			<left>36</left>
        				<control type="label" id="2">
						<animation type="windowopen">
            						<effect type="fade" start="0" end="100" delay="200" time="200"/>
        					</animation>
						<animation type="windowclose">
            						<effect type="fade" start="100" end="0" delay="0" time="100"/>
        					</animation>
                         			<description>TitleWindow</description>
						<posx>0</posx>
                         			<posy>36</posy>
                         			<font>Font42Bold</font>
                         			<width>auto</width>
                         			<height>72</height>
						<aligny>center</aligny>
                     				<textcolor>FFFFFFFF</textcolor>
						<label></label>
             				</control>
            				<control type="group">
						<right>288</right>
						<bottom>0</bottom>
						<height>792</height>
            				<control type="grouplist" id="500">
						<animation type="windowopen">
            						<effect type="fade" start="0" end="100" delay="300" time="300"/>
        					</animation>
						<animation type="windowclose">
            						<effect type="fade" start="100" end="0" delay="0" time="100"/>
        					</animation>
                				<description>control area</description>
						<left>0</left>
						<bottom>0</bottom>
					<width>540</width>
						<height>792</height>
						<onright>10</onright>
						<onleft>noop</onleft>
						<scrolltime tween="cubic" easing="out">500</scrolltime>
				<control type="button" id="22">
					<description>Set Playlist type</description>
					<width>540</width>
				<texturefocus colordiffuse="40eaeaea">colors/white.png</texturefocus>
				<focusedcolor>textActive</focusedcolor>
              <font>Font24Bold</font>
					<label>$LOCALIZE[467]</label>
				</control>
				<control type="button" id="12">
					<description>Name Button</description>
					<label>$LOCALIZE[21433]</label>
					<width>540</width>
				<texturefocus colordiffuse="40eaeaea">colors/white.png</texturefocus>
				<focusedcolor>textActive</focusedcolor>
              <font>Font24Bold</font>
				</control>
				<control type="label" id="1101">
					<description>Name Label</description>
					<width>540</width>
              <textoffsetx>24</textoffsetx>
              <font>Font28Regular</font>
					<label>$LOCALIZE[31521]</label>
				</control>
				<control type="button" id="16">
					<label>$LOCALIZE[21424]</label>
					<width>540</width>
				<texturefocus colordiffuse="40eaeaea">colors/white.png</texturefocus>
				<focusedcolor>textActive</focusedcolor>
              <font>Font24Bold</font>
				</control>
				<control type="button" id="17">
					<label>$LOCALIZE[21427]</label>
					<width>540</width>
				<texturefocus colordiffuse="40eaeaea">colors/white.png</texturefocus>
				<focusedcolor>textActive</focusedcolor>
              <font>Font24Bold</font>
				</control>
				<control type="button" id="18">
					<label>$LOCALIZE[21429]</label>
					<width>540</width>
				<texturefocus colordiffuse="40eaeaea">colors/white.png</texturefocus>
				<focusedcolor>textActive</focusedcolor>
              <font>Font24Bold</font>
				</control>
				<control type="button" id="19">
					<width>540</width>
				<texturefocus colordiffuse="40eaeaea">colors/white.png</texturefocus>
				<focusedcolor>textActive</focusedcolor>
              <font>Font24Bold</font>
					<label>$LOCALIZE[31108]</label>
				</control>
				<control type="button" id="23">
					<width>540</width>
				<texturefocus colordiffuse="40eaeaea">colors/white.png</texturefocus>
				<focusedcolor>textActive</focusedcolor>
              <font>Font24Bold</font>
					<label>$LOCALIZE[21458]</label>
				</control>
				<control type="radiobutton" id="24">
				<texturefocus colordiffuse="40eaeaea">colors/white.png</texturefocus>
				<focusedcolor>textActive</focusedcolor>
                     		<font>Font24Bold</font>
					<label>$LOCALIZE[467]: $LOCALIZE[21459]</label>
				</control>
            				</control>
			<control type="textbox">
				<left>576</left>
				<bottom>0</bottom>
				<height>162</height>
				<aligny>top</aligny>
				<label>$LOCALIZE[31522]</label>
				<textcolor>grey</textcolor>
				<font>Font20Regular</font>
			</control>
				<control type="panel" id="10">
					<bottom>180</bottom>
					<left>576</left>
					<height>612</height>
					<onleft>500</onleft>
					<onright>9000</onright>
					<onup>noop</onup>
					<ondown>noop</ondown>
					<orientation>vertical</orientation>
					<scrolltime tween="cubic" easing="out">500</scrolltime>
	                		<itemlayout height="72">
						<control type="image">
							<posx>0</posx>
							<posy>0</posy>
							<width>72</width>
							<height>72</height>
							<texture>$INFO[ListItem.icon]</texture>
							<colordiffuse>FFFFFFFF</colordiffuse>
							<bordersize>6</bordersize>
							<aspectratio>scale</aspectratio>
						</control>
	                        		<control type="label">
		                        		<posx>72</posx>
		                        		<posy>0</posy>
		                        		<width>auto</width>
		                        		<height>72</height>
		                        		<align>left</align>
		                        		<aligny>center</aligny>
		                        		<font>Font24Bold</font>
		                        		<textoffsetx>18</textoffsetx>
		                        		<textcolor>textActive</textcolor>
		                        		<label>$INFO[ListItem.Label]</label>
		           			</control>
	                		</itemlayout>
	                		<focusedlayout height="72">
	                        		<control type="group">
							<include condition="!Skin.HasSetting(NoAnimationInSkin)">TempEvoFocusedItemFade</include>
		<control type="group">
			<control type="image">
				<left>0</left>
				<posy>0</posy>
				<width>72</width>
				<height>72</height>
				<aspectratio>stretch</aspectratio>
				<texture>shape/dim72/roundedleft.png</texture>
				<bordersize>0</bordersize>
				<colordiffuse>40eaeaea</colordiffuse>
			</control>
			<control type="group">
				<right>72</right>
				<control type="image">
	                        	<left>72</left>
	                        	<posy>0</posy>
	                        	<aspectratio>stretch</aspectratio>
	                        	<texture>colors/white.png</texture>
	                        	<bordersize>0</bordersize>
	                       		<colordiffuse>40eaeaea</colordiffuse>
	                    	</control>
			</control>
			<control type="image">
				<right>0</right>
				<posy>0</posy>
				<width>72</width>
				<height>72</height>
				<aspectratio>stretch</aspectratio>
				<texture>shape/dim72/roundedright.png</texture>
				<bordersize>0</bordersize>
				<colordiffuse>40eaeaea</colordiffuse>
			</control>
		</control>
		           			</control>
						<control type="image">
							<posx>0</posx>
							<posy>0</posy>
							<width>72</width>
							<height>72</height>
							<texture>$INFO[ListItem.icon]</texture>
							<colordiffuse>FFFFFFFF</colordiffuse>
							<bordersize>6</bordersize>
							<aspectratio>scale</aspectratio>
						</control>
	                        		<control type="label">
		                        		<posx>72</posx>
		                        		<posy>0</posy>
		                        		<width>auto</width>
		                        		<height>72</height>
		                        		<align>left</align>
		                        		<aligny>center</aligny>
		                        		<font>Font24Bold</font>
		                        		<textoffsetx>18</textoffsetx>
		                        		<textcolor>textActive</textcolor>
		                        		<label>$INFO[ListItem.Label]</label>
		           			</control>
	                		</focusedlayout>
	            		</control>
            				</control>
				<control type="group">
						<animation type="windowopen">
            						<effect type="fade" start="0" end="100" delay="400" time="300"/>
        					</animation>
						<animation type="windowclose">
            						<effect type="fade" start="100" end="0" delay="0" time="100"/>
        					</animation>
						<right>0</right>
						<bottom>0</bottom>
						<width>252</width>
						<height>936</height>
			<include content="TempEvoModelDialogTopRightRounded">
				<param name="modelkey_size" value="216" />
				<param name="modelkey_color" value="80000000" />
				<param name="dimensionkey_size" value="dim216" />
			</include>
			</control>
            				<control type="grouplist" id="9000">
						<animation type="windowopen">
            						<effect type="fade" start="0" end="100" delay="400" time="300"/>
        					</animation>
						<animation type="windowclose">
            						<effect type="fade" start="100" end="0" delay="0" time="100"/>
        					</animation>
                				<description>control area</description>
						<right>36</right>
						<bottom>54</bottom>
						<width>216</width>
						<height>612</height>
						<align>right</align>
						<onleft>10</onleft>
                				<onup>9000</onup>
                				<ondown>9000</ondown>
						<control type="button" id="20">
							<description>OK</description>
							<width>216</width>
							<font>Font22Bold</font>
	                				<height>54</height>
							<align>left</align>
							<label>$LOCALIZE[186]</label>
						</control>
						<control type="button" id="21">
							<description>Cancel</description>
							<width>216</width>
							<font>Font22Bold</font>
	                				<height>54</height>
							<align>left</align>
							<label>$LOCALIZE[222]</label>
						</control>
            				</control>
               			</control>
			</control>
		</control>
	</include>
	<include name="SmartPlaylistRule">
        	<control type="group" id="9999">
			<animation effect="Slide" start="0,0" end="-504,0" tween="cubic" easing="out" time="180" delay="0" condition="Window.IsActive(selectdialog)">Conditional</animation>
			<animation effect="Slide" start="0,900" end="0,0" tween="cubic" easing="out" time="180" delay="600" condition="![Window.IsActive(filebrowser) | Window.IsActive(sliderdialog) | Window.IsActive(subtitlesearch) | Window.IsActive(filebrowser)]">Conditional</animation>
           		<left>64</left>
			<right>64</right>
			<bottom>0</bottom>
			<height>936</height>
			<control type="group">
				<animation type="windowopen">
            				<effect type="slide" start="0,936" end="0,0" tween="cubic" easing="out" time="360"/>
				</animation>
				<animation type="windowclose">
            				<effect type="slide" start="0,0" end="0,936" tween="cubic" easing="out" time="360"/>
				</animation>
				<control type="group">
					<animation effect="fade" start="100" end="0" time="300" delay="0" condition="Player.hasMedia + !Player.Paused + [Window.isActive(VideoFullScreen.xml)]">Conditional</animation>
					<include content="TempEvoModelDialogTopRounded">
						<param name="modelkey_size" value="216" />
						<param name="modelkey_color" value="sorotbright" />
						<param name="dimensionkey_size" value="dim216" />
					</include>
				</control>
				<include content="TempEvoModelDialogTopRounded">
					<param name="modelkey_size" value="216" />
					<param name="modelkey_color" value="CC000000" />
					<param name="dimensionkey_size" value="dim216" />
				</include>
				<control type="group" id="9001">
                    			<left>36</left>
                    			<left>36</left>
        				<control type="label" id="2">
						<animation type="windowopen">
            						<effect type="fade" start="0" end="100" delay="200" time="200"/>
        					</animation>
						<animation type="windowclose">
            						<effect type="fade" start="100" end="0" delay="0" time="100"/>
        					</animation>
                         			<description>TitleWindow</description>
						<posx>0</posx>
                         			<posy>36</posy>
                         			<font>Font42Bold</font>
                         			<width>auto</width>
                         			<height>72</height>
						<aligny>center</aligny>
                     				<textcolor>FFFFFFFF</textcolor>
						<label>$LOCALIZE[21421] - $LOCALIZE[21422]</label>
             				</control>

			<control type="grouplist" id="9001">
						<animation type="windowopen">
            						<effect type="fade" start="0" end="100" delay="400" time="300"/>
        					</animation>
						<animation type="windowclose">
            						<effect type="fade" start="100" end="0" delay="0" time="100"/>
        					</animation>
						<right>288</right>
						<bottom>0</bottom>
						<height>792</height>
				<onup>noop</onup>
				<ondown>noop</ondown>
						<onright>9000</onright>
				<orientation>vertical</orientation>
				<control type="button" id="15">
						<width>100%</width>
					<description>Rule Field</description>
							<height>72</height>
							<font>Font28Bold</font>
				</control>
				<control type="button" id="16">
					<description>Rule operator</description>
						<width>100%</width>
							<height>72</height>
							<font>Font28Bold</font>
				</control>
				<control type="grouplist" id="9002">
					<left>30</left>
					<top>200</top>
					<orientation>horizontal</orientation>
            				<control type="edit" id="17">
						<animation type="windowopen">
            						<effect type="fade" start="0" end="100" delay="300" time="300"/>
        					</animation>
						<animation type="windowclose">
            						<effect type="fade" start="100" end="0" delay="0" time="100"/>
        					</animation>
                				<description>Default Edit</description>
						<onup>16</onup>
						<left>0</left>
						<width>540</width>
						<right>216</right>
						<bottom>36</bottom>
						<height>72</height>
                     				<font>Font24Bold</font>
						<textoffsetx>24</textoffsetx>
						<hinttext>$LOCALIZE[31145]</hinttext>
            				</control>
					<control type="button" id="20">
						<description>Browse Button</description>
						<width>300</width>
						<onright>9000</onright>
							<font>Font24Bold</font>
						<align>center</align>
						<label>$LOCALIZE[1024]</label>
					</control>
				</control>
               			</control>
				<control type="group">
						<animation type="windowopen">
            						<effect type="fade" start="0" end="100" delay="400" time="300"/>
        					</animation>
						<animation type="windowclose">
            						<effect type="fade" start="100" end="0" delay="0" time="100"/>
        					</animation>
						<right>0</right>
						<bottom>0</bottom>
						<width>252</width>
						<height>936</height>
			<include content="TempEvoModelDialogTopRightRounded">
				<param name="modelkey_size" value="216" />
				<param name="modelkey_color" value="80000000" />
				<param name="dimensionkey_size" value="dim216" />
			</include>
			</control>
            				<control type="grouplist" id="9000">
						<animation type="windowopen">
            						<effect type="fade" start="0" end="100" delay="400" time="300"/>
        					</animation>
						<animation type="windowclose">
            						<effect type="fade" start="100" end="0" delay="0" time="100"/>
        					</animation>
                				<description>control area</description>
						<right>36</right>
						<bottom>54</bottom>
						<width>216</width>
						<height>612</height>
						<align>right</align>
						<onleft>9001</onleft>
                				<onup>9000</onup>
                				<ondown>9000</ondown>
						<control type="button" id="18">
							<description>OK</description>
							<width>216</width>
							<font>Font22Bold</font>
	                				<height>54</height>
							<align>left</align>
							<label>$LOCALIZE[186]</label>
						</control>
						<control type="button" id="19">
							<description>Cancel</description>
							<width>216</width>
							<font>Font22Bold</font>
	                				<height>54</height>
							<align>left</align>
							<label>$LOCALIZE[222]</label>
						</control>
            				</control>
               			</control>
			</control>
		</control>
	</include>
	<include name="FileBrowser">
        	<control type="group" id="9999">
			<animation effect="Slide" start="0,0" end="-504,0" tween="cubic" easing="out" time="180" delay="0" condition="Window.IsActive(selectdialog)">Conditional</animation>
			<animation effect="Slide" start="0,900" end="0,0" tween="cubic" easing="out" time="180" delay="600" condition="![Window.IsActive(dialogsetting) | Window.IsActive(sliderdialog) | Window.IsActive(subtitlesearch)]">Conditional</animation>
			<animation effect="Slide" start="0,0" end="-396,0" tween="cubic" easing="out" time="180" delay="0" condition="Window.IsActive(selectdialog)">Conditional</animation>
           		<left>64</left>
			<right>64</right>
			<bottom>0</bottom>
			<height>936</height>
			<control type="group">
				<animation type="windowopen">
            				<effect type="slide" start="0,936" end="0,0" tween="cubic" easing="out" time="360"/>
				</animation>
				<animation type="windowclose">
            				<effect type="slide" start="0,0" end="0,936" tween="cubic" easing="out" time="360"/>
				</animation>
				<control type="group">
					<animation effect="fade" start="100" end="0" time="300" delay="0" condition="Player.hasMedia + !Player.Paused + [Window.isActive(VideoFullScreen.xml)]">Conditional</animation>
					<include content="TempEvoModelDialogTopRounded">
						<param name="modelkey_size" value="216" />
						<param name="modelkey_color" value="sorotbright" />
						<param name="dimensionkey_size" value="dim216" />
					</include>
				</control>
				<include content="TempEvoModelDialogTopRounded">
					<param name="modelkey_size" value="216" />
					<param name="modelkey_color" value="CC000000" />
					<param name="dimensionkey_size" value="dim216" />
				</include>
				<control type="group" id="9001">
                    			<left>36</left>
                    			<left>36</left>
        				<control type="label" id="411">
						<animation type="windowopen">
            						<effect type="fade" start="0" end="100" delay="200" time="200"/>
        					</animation>
						<animation type="windowclose">
            						<effect type="fade" start="100" end="0" delay="0" time="100"/>
        					</animation>
                         			<description>TitleWindow</description>
						<posx>0</posx>
                         			<posy>36</posy>
                         			<font>Font42Bold</font>
                         			<width>auto</width>
                         			<height>72</height>
						<aligny>center</aligny>
                     				<textcolor>FFFFFFFF</textcolor>
						<label></label>
             				</control>
					<control type="panel" id="450">
						<animation type="windowopen">
            						<effect type="fade" start="0" end="100" delay="300" time="300"/>
        					</animation>
						<animation type="windowclose">
            						<effect type="fade" start="100" end="0" delay="0" time="100"/>
        					</animation>
                    				<left>-18</left>
						<right>198</right>
						<bottom>1</bottom>
						<height>828</height>
						<onright>9000</onright>
						<pagecontrol>60</pagecontrol>
						<itemlayout height="78">
	                        			<control type="group">
                        					<height>72</height>
                    						<control type="image">
                        						<posx>0</posx>
                        						<posy>0</posy>
                        						<width>72</width>
                        						<height>72</height>
                        						<aspectratio scalediffuse="false">scale</aspectratio>
                        						<texture diffuse="shape/dim72/roundedsquare.png" background="true">$INFO[Listitem.icon]</texture>
                    						</control>
                    						<control type="label">
                        						<posx>78</posx>
                        						<posy>0</posy>
                        						<width>1360</width>
                        						<height>72</height>
                        						<aligny>center</aligny>
                        						<font>Font28Bold</font>
                        						<textcolor>textActive</textcolor>
                        						<shadowcolor></shadowcolor>
                        						<label>$INFO[ListItem.Label]</label>
                    						</control>
		           				</control>
                				</itemlayout>
                				<focusedlayout height="78">
	                        			<control type="group">
                        					<height>72</height>
	                        				<control type="group">
									<include condition="!Skin.HasSetting(NoAnimationInSkin)">TempEvoFocusedItemFade</include>
									<include content="TempEvoModelListHorizontalRounded">
										<param name="modelkey_size" value="72" />
										<param name="modelkey_color" value="sorotan" />
										<param name="dimensionkey_size" value="dim72" />
									</include>
		           					</control>
                    						<control type="image">
                        						<posx>0</posx>
                        						<posy>0</posy>
                        						<width>72</width>
                        						<height>72</height>
                        						<aspectratio scalediffuse="false">scale</aspectratio>
                        						<texture diffuse="shape/dim72/roundedsquare.png" background="true">$INFO[Listitem.icon]</texture>
                    						</control>
                    						<control type="label">
                        						<posx>78</posx>
                        						<posy>0</posy>
                        						<width>1360</width>
                        						<height>72</height>
                        						<aligny>center</aligny>
                        						<font>Font28Bold</font>
                        						<textcolor>textActive</textcolor>
                        						<shadowcolor></shadowcolor>
                        						<label>$INFO[ListItem.Label]</label>
                    						</control>
		           				</control>
                				</focusedlayout>
            				</control>
					<control type="panel" id="451">
						<animation type="windowopen">
            						<effect type="fade" start="0" end="100" delay="300" time="300"/>
        					</animation>
						<animation type="windowclose">
            						<effect type="fade" start="100" end="0" delay="0" time="100"/>
        					</animation>
                    				<left>-18</left>
						<right>198</right>
						<bottom>1</bottom>
						<height>828</height>
						<onright>9000</onright>
						<pagecontrol>60</pagecontrol>
						<itemlayout height="78">
	                        			<control type="group">
                        					<height>72</height>
                    						<control type="image">
                        						<posx>0</posx>
                        						<posy>0</posy>
                        						<width>72</width>
                        						<height>72</height>
                        						<aspectratio scalediffuse="false">scale</aspectratio>
                        						<texture diffuse="shape/dim72/roundedsquare.png">$INFO[Listitem.icon]</texture>
                    						</control>
                    						<control type="label">
                        						<posx>78</posx>
                        						<posy>0</posy>
                        						<width>1360</width>
                        						<height>72</height>
                        						<aligny>center</aligny>
                        						<font>Font28Bold</font>
                        						<textcolor>textActive</textcolor>
                        						<shadowcolor></shadowcolor>
                        						<label>$INFO[ListItem.Label]</label>
                    						</control>
		           				</control>
                				</itemlayout>
                				<focusedlayout height="78">
	                        			<control type="group">
                        					<height>72</height>
	                        				<control type="group">
									<include condition="!Skin.HasSetting(NoAnimationInSkin)">TempEvoFocusedItemFade</include>
									<include content="TempEvoModelListHorizontalRounded">
										<param name="modelkey_size" value="72" />
										<param name="modelkey_color" value="sorotan" />
										<param name="dimensionkey_size" value="dim72" />
									</include>
		           					</control>
                    						<control type="image">
                        						<posx>0</posx>
                        						<posy>0</posy>
                        						<width>72</width>
                        						<height>72</height>
                        						<aspectratio scalediffuse="false">scale</aspectratio>
                        						<texture diffuse="shape/dim72/roundedsquare.png">$INFO[Listitem.icon]</texture>
                    						</control>
                    						<control type="label">
                        						<posx>78</posx>
                        						<posy>0</posy>
                        						<width>1360</width>
                        						<height>72</height>
                        						<aligny>center</aligny>
                        						<font>Font28Bold</font>
                        						<textcolor>textActive</textcolor>
                        						<shadowcolor></shadowcolor>
                        						<label>$INFO[ListItem.Label]</label>
                    						</control>
		           				</control>
                				</focusedlayout>
            				</control>
					<control type="group">
						<animation type="windowopen">
            						<effect type="fade" start="0" end="100" delay="0" time="300"/>
        					</animation>
						<animation type="windowclose">
            						<effect type="fade" start="100" end="0" delay="0" time="100"/>
        					</animation>
						<right>0</right>
						<bottom>0</bottom>
						<width>180</width>
						<height>936</height>
						<include content="TempEvoModelListVerticalRounded">
							<param name="modelkey_size" value="180" />
							<param name="modelkey_color" value="40000000" />
							<param name="dimensionkey_size" value="dim180" />
						</include>
					</control>
            				<control type="grouplist" id="9000">
                				<description>control area</description>
						<right>18</right>
						<bottom>0</bottom>
						<width>162</width>
						<height>828</height>
						<onleft>5</onleft>
                				<onup>9000</onup>
                				<ondown>9000</ondown>
						<control type="button" id="413">
							<description>OK</description>
							<width>162</width>
							<height>54</height>
							<font>Font20Bold</font>
							<textcolor>textActive</textcolor>
							<focusedcolor>textActive</focusedcolor>
							<textoffsetx>9</textoffsetx>
			    				<texturefocus colordiffuse="highlight">colors/white.png</texturefocus>
			    				<texturenofocus colordiffuse="00ffffff">colors/white.png</texturenofocus>
                        				<label>$LOCALIZE[186]</label>
						</control>
						<control type="button" id="414">
							<description>Cancel</description>
							<width>162</width>
							<height>54</height>
							<font>Font20Bold</font>
							<textcolor>textActive</textcolor>
							<focusedcolor>textActive</focusedcolor>
							<textoffsetx>9</textoffsetx>
			    				<texturefocus colordiffuse="highlight">colors/white.png</texturefocus>
			    				<texturenofocus colordiffuse="00ffffff">colors/white.png</texturenofocus>
                        				<label>$LOCALIZE[222]</label>
						</control>
						<control type="button" id="415">
							<description>Clear / Settings</description>
							<width>162</width>
							<height>54</height>
							<font>Font20Bold</font>
							<textcolor>textActive</textcolor>
							<focusedcolor>textActive</focusedcolor>
							<textoffsetx>9</textoffsetx>
			    				<texturefocus colordiffuse="highlight">colors/white.png</texturefocus>
			    				<texturenofocus colordiffuse="00ffffff">colors/white.png</texturenofocus>
                        				<label>$LOCALIZE[119]</label>
						</control>
						<control type="button" id="416">
							<description>Clear / Settings</description>
							<width>162</width>
							<height>54</height>
							<font>Font20Bold</font>
							<textcolor>textActive</textcolor>
							<focusedcolor>textActive</focusedcolor>
							<textoffsetx>9</textoffsetx>
			    				<texturefocus colordiffuse="highlight">colors/white.png</texturefocus>
			    				<texturenofocus colordiffuse="00ffffff">colors/white.png</texturenofocus>
                        				<label>$LOCALIZE[749]</label>
						</control>
            				</control>
               			</control>
			</control>
            	</control>
	</include>
</includes>