<?xml version="1.0" encoding="UTF-8"?>
<includes>
<!--Expression for Video Window-->
	<expression name="TempEvoVideoYoutubeFileList">container.content(files) + String.Contains(container.folderpath,plugin://plugin.video.youtube)</expression>
	<expression name="TempEvoVideoYoutubeVideoList">container.content(videos) + String.Contains(container.folderpath,plugin://plugin.video.youtube)</expression>

	<expression name="TempEvoVideoGenre">container.content(genres) + String.Contains(container.folderpath,videodb://)</expression>
	<expression name="TempEvoVideoYear">container.content(years) + String.Contains(container.folderpath,videodb://)</expression>
	<expression name="TempEvoVideoActor">container.content(actors) + String.Contains(container.folderpath,videodb://)</expression>
	<expression name="TempEvoVideoDirector">container.content(directors) + String.Contains(container.folderpath,videodb://)</expression>
	<expression name="TempEvoVideoTag">container.content(tags) + String.Contains(container.folderpath,videodb://)</expression>
	<expression name="TempEvoVideoCountry">container.content(countries) + String.Contains(container.folderpath,videodb://)</expression>
	<expression name="TempEvoVideoSet">container.content(sets) + String.Contains(container.folderpath,videodb://)</expression>
	<expression name="TempEvoVideoVersion">container.content(videoversions) + String.Contains(container.folderpath,videodb://)</expression>
	<expression name="TempEvoVideoStudio">container.content(studios) + String.Contains(container.folderpath,videodb://)</expression>
	<expression name="TempEvoVideoPosterList">[container.content(tvshows) | container.content(movies)] + ![String.Contains(container.folderpath,videodb://tvshows/titles) | String.Contains(container.folderpath,videodb://movies/titles/)]</expression>
	<expression name="TempEvoVideoMovieList">container.content(movies) + !String.Contains(container.folderpath,videodb://movies/titles)</expression>
	<expression name="TempEvoVideoLandscapeList">container.content(musicvideos) + !String.Contains(container.folderpath,videodb://musicvideos/titles)</expression>
	<expression name="TempEvoVideoActorList">[container.content(artists) | container.content(actors) | container.content(directors)]</expression>
	<expression name="TempEvoVideoAlbumList">container.content(albums)</expression>
	<expression name="TempEvoVideoEpisodeList">container.content(episodes) + !String.Contains(container.folderpath,videodb://tvshows/titles)</expression>
	<expression name="TempEvoVideoSeasonList">container.content(seasons) + !String.Contains(container.folderpath,videodb://tvshows/titles)</expression>
		
	<expression name="TempEvoVideoMenu">String.isEqual(container.folderpath,library://video/) | String.isEqual(container.folderpath,videodb://)</expression>
	<expression name="TempEvoVideoMenuList">!String.isEqual(container.folderpath,library://video/) + String.Contains(container.folderpath,library://video/)</expression>
	<expression name="TempEvoVideoMenuList2">String.isEqual(container.folderpath,videodb://tvshows/) | String.isEqual(container.folderpath,videodb://movies/) | String.isEqual(container.folderpath,videodb://musicvideos/)</expression>
	<expression name="TempEvoVideoMusic">container.content(musicvideos) + [String.Contains(container.folderpath,videodb://musicvideos/titles)]</expression>
	<expression name="TempEvoVideoTVShows">container.content(tvshows) + String.Contains(container.folderpath,videodb://tvshows/titles)</expression>
	<expression name="TempEvoVideoTVShowSeason">container.content(seasons) + String.Contains(container.folderpath,videodb://tvshows/titles/)</expression>
	<expression name="TempEvoVideoTVShowEpisode">container.content(episodes) + String.Contains(container.folderpath,videodb://tvshows/titles/)</expression>
	<expression name="TempEvoVideoMovie">container.content(movies) + String.Contains(container.folderpath,videodb://movies/titles/)</expression>
	<expression name="TempEvoVideoFileList">[container.content(files) + !String.Contains(container.folderpath,plugin://plugin.video.youtube)] | String.Contains(Container.folderpath,sources://video/)</expression>
	<expression name="TempEvoVideoFileSource">container.content(sources) | String.Contains(Container.folderpath,videodb://sources/)  | String.Contains(Container.folderpath,sources://video/)</expression>
	<expression name="TempEvoVideoSmartPlaylist">container.content(playlists) + String.Contains(container.folderpath,special://videoplaylists/)</expression>
	<expression name="TempEvoVideoAddon">[container.content(addons) + String.Contains(container.folderpath,addons://sources/video)] | [String.Contains(container.folderpath,plugin://) + !$EXP[TempEvoForYoutube]]</expression>
	<expression name="TempEvoForYoutube">$EXP[TempEvoVideoYoutubeFileList] | $EXP[TempEvoVideoYoutubeVideoList]</expression>

<!--Expression for Music Window-->
	<expression name="TempEvoMusicMenu">String.isEqual(container.folderpath,library://music/) | String.isEqual(container.folderpath,musicdb://)</expression>
	<expression name="TempEvoMusicVideoMenu">String.isEqual(container.folderpath,library://music/musicvideos/)</expression>
	<expression name="TempEvoVideoinMusicMenu">String.Contains(container.folderpath,videodb://)</expression>
	<expression name="TempEvoMusicGenre">container.content(genres) + String.Contains(container.folderpath,musicdb://)</expression>
	<expression name="TempEvoMusicGenreArtist">container.content(artists) + String.Contains(container.folderpath,musicdb://genres/)</expression>
	<expression name="TempEvoMusicGenreAlbum">container.content(albums) + String.Contains(container.folderpath,musicdb://genres/)</expression>
	<expression name="TempEvoMusicGenreSong">container.content(songs) + String.Contains(container.folderpath,musicdb://genres/)</expression>
	<expression name="TempEvoMusicYear">container.content(years) + String.Contains(container.folderpath,musicdb://)</expression>
	<expression name="TempEvoMusicYearAlbum">container.content(albums) + String.Contains(container.folderpath,musicdb://years/)</expression>
	<expression name="TempEvoMusicYearSong">container.content(songs) + String.Contains(container.folderpath,musicdb://years/)</expression>
	<expression name="TempEvoMusicArtist">[container.content(artists) + [String.Contains(container.folderpath,musicdb://) | String.Contains(Container.folderpath,special://profile/playlists)]] + ![$EXP[TempEvoMusicGenreArtist]]</expression>
	<expression name="TempEvoMusicArtistCatalogue">container.content(albums) + String.Contains(container.folderpath,albumartistsonly)</expression>
	<expression name="TempEvoMusicAlbum">[container.content(albums) + [String.Contains(container.folderpath,musicdb://) | String.Contains(Container.folderpath,special://profile/playlists)]] + ![$EXP[TempEvoMusicGenreAlbum] | $EXP[TempEvoMusicYearAlbum] | $EXP[TempEvoMusicTop100Album] | $EXP[TempEvoMusicPlaylistGenAlbum]]</expression>
	<expression name="TempEvoMusicSongAlbum">container.content(songs) + String.Contains(Container.folderpath,albumid) + !String.Contains(Container.folderpath,xsp)</expression>
	<expression name="TempEvoMusicDiskAlbum">container.content(albums) + !String.IsEqual(container.folderpath,musicdb://albums/) + [String.Contains(container.folderpath,musicdb://albums/) | String.Contains(Container.folderpath,albumid)] + ![String.Contains(Container.folderpath,xsp)]</expression>
	<expression name="TempEvoMusicSong">container.content(songs) + [String.Contains(Container.folderpath,musicdb://) | String.Contains(Container.folderpath,spotify)] + !String.Contains(Container.folderpath,albumid)</expression>
	<expression name="TempEvoMusicSongTrack">container.content(songs) + String.isEqual(Container.folderpath,musicdb://songs/) + !String.Contains(Container.folderpath,albumid)</expression>
	<expression name="TempEvoMusicSongSingle">container.content(songs) + String.isEqual(Container.folderpath,musicdb://singles/) + !String.Contains(Container.folderpath,albumid)</expression>
	<expression name="TempEvoMusicFile">[container.content(files) | String.Contains(Container.folderpath,sources://music/)] + !Window.IsActive(musicplaylisteditor)</expression>
	<expression name="TempEvoMusicFileSource">container.content(sources) | String.Contains(Container.folderpath,musicdb://sources/)</expression>
	<expression name="TempEvoMusicTop100">String.Contains(Container.folderpath,library://music/top100)</expression>
	<expression name="TempEvoMusicTop100Album">container.content(albums) + String.Contains(container.folderpath,musicdb://albums/?xsp)</expression>
	<expression name="TempEvoMusicTop100Song">container.content(songs) + String.Contains(container.folderpath,musicdb://songs/?xsp)</expression>
	<expression name="TempEvoMusicPlaylistGenAlbum">container.content(albums) + [String.Contains(container.folderpath,musicdb://recentlyaddedalbums) | String.Contains(container.folderpath,musicdb://recentlyplayedalbums)]</expression>
	<expression name="TempEvoMusicPlaylistGenSong">container.content(songs) + [String.Contains(container.folderpath,musicdb://recentlyaddedalbums) | String.Contains(container.folderpath,musicdb://recentlyplayedalbums)]</expression>
	<expression name="TempEvoMusicCompilationAlbum">container.content(albums) + String.Contains(container.folderpath,compilation=true)</expression>
	<expression name="TempEvoMusicCompilationSong">container.content(songs) + String.Contains(container.folderpath,compilation=true)</expression>
	<expression name="TempEvoMusicPlaylist">Window.IsActive(musicplaylist)</expression>
	<expression name="TempEvoMusicSmartPlaylist">container.content(playlists) + String.Contains(container.folderpath,special://musicplaylists/)</expression>
	<expression name="TempEvoMusicSmartPlaylistM3U">container.content(songs) + String.Contains(container.folderpath,special://profile/playlists/music/) + String.Contains(container.folderpath,m3u)</expression>
	<expression name="TempEvoMusicPlaylistEditor">Window.IsActive(musicplaylisteditor)</expression>
	<expression name="TempEvoMusicRole">String.isEqual(container.folderpath,library://music/musicroles/)</expression>
	<expression name="TempEvoMusicAddon">[container.content(addons) + String.Contains(container.folderpath,addons://sources/audio)] | String.Contains(container.folderpath,plugin://)</expression>
	<!--expression for featured playlist-->
	<expression name="TempEvoMusicSongAlbumFP">container.content(songs) + String.Contains(Container.folderpath,albumid) + String.Contains(Container.folderpath,xsp)</expression>
	<expression name="TempEvoMusicDiskAlbumFP">container.content(albums) + !String.IsEqual(container.folderpath,musicdb://albums/) + [String.Contains(container.folderpath,musicdb://albums/) | String.Contains(Container.folderpath,albumid)] + String.Contains(Container.folderpath,xsp)</expression>
	<expression name="TempEvoMusicAlbumLastPlayed">container.content(albums) + String.Contains(container.folderpath,special://skin/extras/playlists/App/Music_lastplayedAlbums.xsp)</expression>
	<expression name="TempEvoMusicAlbumMostPlayed">container.content(albums) + String.Contains(container.folderpath,special://skin/extras/playlists/App/Music_mostplayedAlbums.xsp)</expression>
	<expression name="TempEvoMusicAlbumLastAdded">container.content(albums) + String.Contains(container.folderpath,special://skin/extras/playlists/App/Music_addedAlbums.xsp)</expression>
	<expression name="TempEvoMusicAlbumMostLiked">container.content(albums) + String.Contains(container.folderpath,special://skin/extras/playlists/App/Music_userratedAlbums.xsp)</expression>
	<expression name="TempEvoMusicTopRecommendation">container.content(albums) + String.Contains(container.folderpath,special://skin/extras/playlists/App/Music_recommendedAlbums.xsp)</expression>
	
	<expression name="TempEvoMusicSongLastPlayed">container.content(songs) + String.Contains(container.folderpath,special://skin/extras/playlists/App/Music_lastplayedSongs.xsp)</expression>
	<expression name="TempEvoMusicSongMostPlayed">container.content(songs) + String.Contains(container.folderpath,special://skin/extras/playlists/App/Music_mostplayedSongs.xsp)</expression>
	<expression name="TempEvoMusicSongLastAdded">container.content(songs) + String.Contains(container.folderpath,special://skin/extras/playlists/App/Music_addedSongs.xsp)</expression>
	<expression name="TempEvoMusicSongMostLiked">container.content(songs) + String.Contains(container.folderpath,special://skin/extras/playlists/App/Music_userratedSongs.xsp)</expression>
	<expression name="TempEvoMusicTopRecommendationForSong">container.content(songs) + String.Contains(container.folderpath,special://skin/extras/playlists/App/Music_recommendedSongs.xsp)</expression>



	<expression name="listitem_has_episode_info">!String.IsEmpty(ListItem.Episode) | !String.IsEmpty(ListItem.EpisodeName) | !String.IsEmpty(ListItem.Season)</expression>
	<expression name="listitem_has_epg_event_info">!String.IsEmpty(ListItem.EpgEventTitle) | !String.IsEmpty(ListItem.TitleExtraInfo) | $EXP[listitem_has_episode_info]</expression>
</includes>


 
