<?xml version="1.0" encoding="UTF-8"?>
<includes>
	<include name="MyPVRChannels">
		<!--Main content listing-->
        	<control type="group" id="9999">
			<include condition="!Skin.HasSetting(NoAnimationInSkin)">TempEvoListBounceAnimation</include>
			<include condition="!Skin.HasSetting(NoAnimationInSkin)">fadeInOut</include>
			<right>64</right>
			<left>64</left>
                 	<bottom>0</bottom>
			<height>864</height>
			<control type="panel" id="50">
					<include condition="!Skin.HasSetting(NoAnimationInSkin)">TempEvoSlideFadeDownTwoWayFast</include>
				<include condition="!Skin.HasSetting(NoAnimationInSkin)" content="TempEvoSlideFadeDownTwoWayFastVisibleControl">
					<param name="control_id" value="500" />
				</include>
                   		<left>0</left>
                   		<right>0</right>
                 		<bottom>0</bottom>
				<height>864</height>
				<onleft condition="!Skin.HasSetting(TempEvoMusicSideMenu)">Skin.Setbool(TempEvoOpenSideMenu)</onleft>
				<onleft condition="!Skin.HasSetting(TempEvoMusicSideMenu)">Control.SetFocus(599)</onleft>
				<onfocus>Skin.Reset(TempEvoOpenSideMenu)</onfocus>
            			<onright>5009</onright>
				<ondown>20001</ondown>
				<onup>20000</onup>
				<pagecontrol>5009</pagecontrol>
				<orientation>vertical</orientation>
				<scrolltime tween="cubic" easing="out">500</scrolltime>
	               		 <itemlayout height="126" condition="Window.IsActive(TVChannels)" infoupdate="0">
						<control type="image">
							<posx>0</posx>
							<posy>0</posy>
							<width>192</width>
							<height>108</height>
							<texture>shape/dim180/roundedlandscape.png</texture>
							<colordiffuse>FFCCCCCC</colordiffuse>
						</control>
						<control type="image">
							<posx>0</posx>
							<posy>0</posy>
							<width>192</width>
							<height>108</height>
							<texture background="true">$INFO[ListItem.icon]</texture>
							<bordersize>18</bordersize>
							<aspectratio>keep</aspectratio>
						</control>
						<control type="image">
							<posx>0</posx>
							<posy>0</posy>
							<width>192</width>
							<height>108</height>
							<texture diffuse="shape/dim180/roundedlandscape.png" background="true">$INFO[ListItem.EPGEventIcon]</texture>
							<bordersize>0</bordersize>
							<aspectratio>keep</aspectratio>
						</control>
							<control type="label">
								<posy>0</posy>
	                        				<right>0</right>
								<width>auto</width>
								<height>108</height>
								<align>right</align>
								<aligny>center</aligny>
								<font>Font108Bold</font>
								<textcolor>40FFFFFF</textcolor>
								<textoffsetx>9</textoffsetx>
								<label>$INFO[ListItem.CurrentItem]</label>
							</control>
							<control type="label">
								<posy>8</posy>
	                        				<posx>192</posx>
								<width>auto</width>
								<height>54</height>
								<aligny>center</aligny>
								<font>Font36Bold</font>
								<textcolor>FFFFFFFF</textcolor>
								<textoffsetx>36</textoffsetx>
								<label>$INFO[ListItem.Label]</label>
							</control>
							<control type="label">
								<posy>54</posy>
	                        				<posx>192</posx>
								<width>auto</width>
								<height>36</height>
								<aligny>center</aligny>
								<font>Font24Regular</font>
								<textcolor>FFFFFFFF</textcolor>
								<textoffsetx>36</textoffsetx>
								<label>$INFO[ListItem.Title]</label>
							</control>
							<control type="progress">
	                        				<left>228</left>
	                        				<right>18</right>
								<bottom>24</bottom>
		                				<height>6</height>
		                				<texturebg colordiffuse="overlay">colors/white.png</texturebg>
		                				<midtexture colordiffuse="highlight">colors/white.png</midtexture>
								<visible>ListItem.HasEpg + !ListItem.IsRecording</visible>
								<info>ListItem.Progress</info>
		            				</control>
					</itemlayout>
					<focusedlayout height="126" condition="Window.IsActive(TVChannels)" infoupdate="0">
							<control type="group">
								<height>108</height>
								<control type="group">
									<include condition="!Skin.HasSetting(NoAnimationInSkin)">TempEvoFocusedItemFade</include>
									<include content="TempEvoModelListHorizontalRounded">
										<param name="modelkey_size" value="108" />
										<param name="modelkey_color" value="sorotan" />
										<param name="dimensionkey_size" value="dim108" />
									</include>
								</control>
						<control type="image">
							<posx>0</posx>
							<posy>0</posy>
							<width>192</width>
							<height>108</height>
							<texture>shape/dim180/roundedlandscape.png</texture>
							<colordiffuse>FFCCCCCC</colordiffuse>
						</control>
						<control type="image">
							<posx>0</posx>
							<posy>0</posy>
							<width>192</width>
							<height>108</height>
							<texture background="true">$INFO[ListItem.icon]</texture>
							<bordersize>18</bordersize>
							<aspectratio>keep</aspectratio>
						</control>
						<control type="image">
							<posx>0</posx>
							<posy>0</posy>
							<width>192</width>
							<height>108</height>
							<texture diffuse="shape/dim180/roundedlandscape.png" background="true">$INFO[ListItem.EPGEventIcon]</texture>
							<bordersize></bordersize>
							<aspectratio>keep</aspectratio>
						</control>
						<control type="label">
								<posy>0</posy>
	                        				<right>0</right>
								<height>108</height>
								<align>right</align>
								<aligny>center</aligny>
								<font>Font108Bold</font>
								<textcolor>40FFFFFF</textcolor>
								<textoffsetx>9</textoffsetx>
								<label>$INFO[ListItem.CurrentItem]</label>
							</control>
							<control type="label">
								<posy>8</posy>
	                        				<posx>192</posx>
								<width>auto</width>
								<height>54</height>
								<aligny>center</aligny>
								<font>Font36Bold</font>
								<textcolor>FFFFFFFF</textcolor>
								<textoffsetx>36</textoffsetx>
								<label>$INFO[ListItem.Label]</label>
							</control>
							<control type="label">
								<posy>54</posy>
	                        				<posx>192</posx>
								<width>auto</width>
								<height>36</height>
								<aligny>center</aligny>
								<font>Font24Regular</font>
								<textcolor>FFFFFFFF</textcolor>
								<textoffsetx>36</textoffsetx>
								<label>$INFO[ListItem.Title]</label>
							</control>
							<control type="progress">
	                        				<left>228</left>
	                        				<right>18</right>
								<bottom>6</bottom>
		                				<height>6</height>
		                				<texturebg colordiffuse="overlay">colors/white.png</texturebg>
		                				<midtexture colordiffuse="highlight">colors/white.png</midtexture>
								<visible>ListItem.HasEpg + !ListItem.IsRecording</visible>
								<info>ListItem.Progress</info>
		            				</control>
						</control>
	                	</focusedlayout>
	               		<itemlayout width="540" height="108" condition="Window.IsActive(RadioChannels)">
						<control type="image">
	                        			<posx>0</posx>
	                        			<posy>0</posy>
							<width>108</width>
							<height>108</height>
	                        			<aspectratio>stretch</aspectratio>
	                        			<texture>colors/black.png</texture>
	                        			<bordersize>9</bordersize>
	                       				<colordiffuse>FFFFFFFF</colordiffuse>
	                    			</control>
	                        		<control type="label">
		                        		<posx>108</posx>
		                        		<posy>18</posy>
		                        		<width>auto</width>
		                        		<height>72</height>
		                        		<align>left</align>
		                        		<aligny>center</aligny>
		                        		<font>Font28Bold</font>
		                        		<textcolor>textActive</textcolor>
							<textoffsetx>18</textoffsetx>
		                        		<label>$INFO[ListItem.ChannelName]</label>
		           			</control>
	                        		<control type="label">
		                        		<posx>108</posx>
		                        		<posy>72</posy>
		                        		<width>auto</width>
		                        		<height>36</height>
		                        		<align>left</align>
		                        		<aligny>center</aligny>
		                        		<font>Font22Regular</font>
		                        		<textcolor>FFFFFFFF</textcolor>
							<textoffsetx>18</textoffsetx>
		                        		<label>$INFO[ListItem.Title]</label>
		           			</control>
	                	</itemlayout>
	                	<focusedlayout width="540" height="108" condition="Window.IsActive(RadioChannels)">
						<control type="image">
	                        			<posx>0</posx>
	                        			<posy>0</posy>
	                        			<aspectratio>stretch</aspectratio>
	                        			<texture>colors/white.png</texture>
	                        			<bordersize>9</bordersize>
	                       				<colordiffuse>highlight</colordiffuse>
	                    			</control>
						<control type="image">
	                        			<posx>0</posx>
	                        			<posy>0</posy>
							<width>108</width>
							<height>108</height>
	                        			<aspectratio>stretch</aspectratio>
	                        			<texture>colors/black.png</texture>
	                        			<bordersize>9</bordersize>
	                       				<colordiffuse>FFFFFFFF</colordiffuse>
	                    			</control>
						<control type="image">
							<left>0</left>
							<posy>0</posy>
							<width>108</width>
							<height>108</height>
							<texture>$INFO[ListItem.icon]</texture>
							<colordiffuse>FFFFFFFF</colordiffuse>
							<bordersize>9</bordersize>
							<aspectratio>scale</aspectratio>
						</control>
	                        		<control type="label">
		                        		<posx>108</posx>
		                        		<posy>18</posy>
		                        		<width>auto</width>
		                        		<height>72</height>
		                        		<align>left</align>
		                        		<aligny>center</aligny>
		                        		<font>Font28Bold</font>
		                        		<textcolor>textActive</textcolor>
							<textoffsetx>18</textoffsetx>
		                        		<label>$INFO[ListItem.ChannelName]</label>
		           			</control>
	                        		<control type="label">
		                        		<posx>108</posx>
		                        		<posy>72</posy>
		                        		<width>auto</width>
		                        		<height>36</height>
		                        		<align>left</align>
		                        		<aligny>center</aligny>
		                        		<font>Font22Regular</font>
		                        		<textcolor>FFFFFFFF</textcolor>
							<textoffsetx>18</textoffsetx>
		                        		<label>$INFO[ListItem.Title]</label>
		           			</control>
	                	</focusedlayout>
	            	</control>
			<include>UniversalViewList</include>
            	</control>
		<control type="group">
			<visible>!String.IsEmpty(PVR.ChannelNumberInput)</visible>
			<animation type="Visible">
				<effect type="slide" start="-360,0" end="0,0" tween="quadratic" easing="out" time="180" delay="0"/>
			</animation>
			<animation type="Hidden">
				<effect type="slide" start="0,0" end="-360,0" tween="quadratic" easing="out" time="360" delay="0"/>
			</animation>
			<top>180</top>
                    	<left>0</left>
			<width>360</width>
			<height>289</height>
			<include content="TempEvoModelDialogRightRounded">
				<param name="modelkey_size" value="144" />
				<param name="modelkey_color" value="CC000000" />
				<param name="dimensionkey_size" value="dim144" />
			</include>
			<control type="label">
				<posx>64</posx>
		    		<width>252</width>
				<height>108</height>
				<font>Font36Medium</font>
				<aligny>center</aligny>
				<textcolor>FFFFFFFF</textcolor>
				<wrapmultiline>true</wrapmultiline>
				<shadowcolor></shadowcolor>
				<label>$LOCALIZE[19103]</label>
			</control>
			<control type="label">
				<bottom>0</bottom>
				<right>18</right>
		    		<width>324</width>
				<height>180</height>
				<font>Font180Bold</font>
				<aligny>center</aligny>
				<align>right</align>
				<textcolor>CC808080</textcolor>
				<shadowcolor></shadowcolor>
				<label>$INFO[PVR.ChannelNumberInput]</label>
			</control>
		</control>
        <control type="group">
			<visible>!Skin.HasSetting(HideScrollBaronSkin)</visible>
            <include condition="!Skin.HasSetting(NoAnimationInSkin)">fadeInOutVisible</include>
			<include content="DefaultScrollbars">
				<param name="visible_verticalbar">Control.IsVisible(50)|Control.IsVisible(501)|Control.IsVisible(502)|Control.IsVisible(503)|Control.IsVisible(504)|Control.IsVisible(505)|Control.IsVisible(506)</param>
				<param name="control_HeightVer">864</param>
			</include>
		</control>
		<include content="DefaultWindowHeader">
			<param name="visible_control">true</param>
			<param name="header_label" value="$LOCALIZE[31591]"/>
			<param name="subheader_label" value="$VAR[TempEvoTitleViewPVR]"/>
			<param name="pos_left" value="64"/>
		</include>
		<!--Universal Status Bar-->
		<include>StatusBarandTimeDisplay</include>
	</include>
    <include name="MyPVRGuide">
		<!--Main content listing-->
        	<control type="group" id="9999">
			<include condition="!Skin.HasSetting(NoAnimationInSkin)">TempEvoListBounceAnimation</include>
			<include condition="!Skin.HasSetting(NoAnimationInSkin)">fadeInOut</include>
			<right>64</right>
			<left>64</left>
                 	<bottom>0</bottom>
			<height>882</height>
			<control type="epggrid" id="51">
				<include condition="!Skin.HasSetting(NoAnimationInSkin)">TempEvoSlideFadeDownTwoWayFast</include>
				<include condition="!Skin.HasSetting(NoAnimationInSkin)">TempEvoSlideFadeDownTwoWayFastVisible</include>
				<description>EPG Grid</description>
                   		<left>0</left>
                   		<right>-64</right>
                 		<bottom>0</bottom>
				<height>882</height>
				<onleft condition="!Skin.HasSetting(TempEvoMusicSideMenu)">Skin.Setbool(TempEvoOpenSideMenu)</onleft>
				<onleft condition="!Skin.HasSetting(TempEvoMusicSideMenu)">Control.SetFocus(599)</onleft>
				<onfocus>Skin.Reset(TempEvoOpenSideMenu)</onfocus>
            			<onright>5009</onright>
				<ondown>20001</ondown>
				<onup>20000</onup>
				<pagecontrol>5009</pagecontrol>
				<timeblocks>30</timeblocks>
				<progresstexture colordiffuse="80000000">colors/white.png</progresstexture>
				<rulerunit>6</rulerunit>
				<rulerlayout height="72" width="216">
						<control type="label" id="2">
							<visible>String.Contains(ListItem.Label,:)</visible>
							<posx>0</posx>
							<posy>18</posy>
							<width>216</width>
							<height>54</height>
							<font>Font32Bold</font>
							<textcolor>66FFFFFF</textcolor>
							<label>$INFO[ListItem.Label]</label>
						</control>
					</rulerlayout>
					<rulerdatelayout height="36" width="540">
						<control type="label">
							<posx>0</posx>
							<posy>0</posy>
							<width>540</width>
							<align>left</align>
							<height>36</height>
							<font>Font32Bold</font>
							<textcolor>textActive</textcolor>
							<label>$INFO[ListItem.Label]</label>
						</control>
					</rulerdatelayout>
					<channellayout height="63" width="378">
						<control type="group">
							<width>360</width>
							<height>54</height>
							<control type="label">
								<posx>0</posx>
								<width>360</width>
								<height>54</height>
								<font>Font36Bold</font>
								<textoffsetx>9</textoffsetx>
								<textcolor>textActive</textcolor>
								<selectedcolor>textActive</selectedcolor>
								<shadowcolor></shadowcolor>
								<label>$INFO[ListItem.ChannelName]</label>
							</control>
						</control>
					</channellayout>
					<focusedchannellayout height="63" width="378">
						<control type="group">
							<width>360</width>
							<height>54</height>
							<control type="group">
								<include condition="!Skin.HasSetting(NoAnimationInSkin)">TempEvoFocusedItemFade</include>
								<include content="TempEvoModelListHorizontalRounded">
									<param name="modelkey_size" value="54" />
									<param name="modelkey_color" value="sorotan" />
									<param name="dimensionkey_size" value="dim72" />
								</include>
							</control>
							<control type="label">
								<posx>0</posx>
								<width>360</width>
								<height>54</height>
								<font>Font36Bold</font>
								<textoffsetx>9</textoffsetx>
								<textcolor>textActive</textcolor>
								<selectedcolor>textActive</selectedcolor>
								<shadowcolor></shadowcolor>
								<label>$INFO[ListItem.ChannelName]</label>
							</control>
						</control>
					</focusedchannellayout>
					<itemlayout height="63" width="315">
						<control type="image" id="2">
							<left>0</left>
							<posy>0</posy>
							<width>306</width>
							<height>54</height>
							<aspectratio>stretch</aspectratio>
							<texture>colors/white.png</texture>
							<bordersize>0</bordersize>
							<colordiffuse>80000000</colordiffuse>
						</control>
						<control type="label" id="1">
							<posx>0</posx>
							<width>306</width>
							<height>54</height>
							<font>Font28Medium</font>
							<textoffsetx>9</textoffsetx>
							<textcolor>textActive</textcolor>
							<selectedcolor>textActive</selectedcolor>
							<shadowcolor></shadowcolor>
							<label>$INFO[ListItem.Label]</label>
						</control>
						<control type="image" id="14">
							<visible>ListItem.HasTimer</visible>
							<animation effect="fade" start="30" end="100" time="1000" condition="true" pulse="true">conditional</animation>
							<left>0</left>
							<posy>0</posy>
							<width>306</width>
							<height>54</height>
							<aspectratio>stretch</aspectratio>
							<texture>colors/white.png</texture>
							<bordersize>0</bordersize>
							<colordiffuse>overlay</colordiffuse>
						</control>
					</itemlayout>
					<focusedlayout height="63" width="315">
						<control type="image" id="2">
							<include condition="!Skin.HasSetting(NoAnimationInSkin)">TempEvoFocusedItemFade</include>
							<left>0</left>
							<posy>0</posy>
							<width>306</width>
							<height>54</height>
							<aspectratio>stretch</aspectratio>
							<texture>colors/white.png</texture>
							<bordersize>0</bordersize>
							<colordiffuse>sorotan</colordiffuse>
						</control>
						<control type="label" id="1">
							<posx>0</posx>
							<width>306</width>
							<height>54</height>
							<font>Font28Medium</font>
							<textoffsetx>9</textoffsetx>
							<textcolor>textActive</textcolor>
							<selectedcolor>textActive</selectedcolor>
							<shadowcolor></shadowcolor>
							<label>$INFO[ListItem.Label]</label>
						</control>
				</focusedlayout>
			</control>
            	</control>
		<control type="group">
			<visible>!String.IsEmpty(PVR.ChannelNumberInput)</visible>
			<animation type="Visible">
				<effect type="slide" start="-360,0" end="0,0" tween="quadratic" easing="out" time="180" delay="0"/>
			</animation>
			<animation type="Hidden">
				<effect type="slide" start="0,0" end="-360,0" tween="quadratic" easing="out" time="360" delay="0"/>
			</animation>
			<top>180</top>
                    	<left>0</left>
			<width>360</width>
			<height>289</height>
			<include content="TempEvoModelDialogRightRounded">
				<param name="modelkey_size" value="144" />
				<param name="modelkey_color" value="CC000000" />
				<param name="dimensionkey_size" value="dim144" />
			</include>
			<control type="label">
				<posx>64</posx>
		    		<width>252</width>
				<height>108</height>
				<font>Font36Medium</font>
				<aligny>center</aligny>
				<textcolor>FFFFFFFF</textcolor>
				<wrapmultiline>true</wrapmultiline>
				<shadowcolor></shadowcolor>
				<label>$LOCALIZE[19103]</label>
			</control>
			<control type="label">
				<bottom>0</bottom>
				<right>18</right>
		    		<width>324</width>
				<height>180</height>
				<font>Font180Bold</font>
				<aligny>center</aligny>
				<align>right</align>
				<textcolor>CC808080</textcolor>
				<shadowcolor></shadowcolor>
				<label>$INFO[PVR.ChannelNumberInput]</label>
			</control>
		</control>
		<include content="DefaultWindowHeader">
			<param name="visible_control">true</param>
			<param name="header_label" value="$LOCALIZE[31591]"/>
			<param name="subheader_label" value="$VAR[TempEvoTitleViewPVR]"/>
			<param name="pos_left" value="64"/>
		</include>
		<!--Universal Status Bar-->
		<include>StatusBarandTimeDisplay</include>
	</include>
</includes>
