<?xml version="1.0" encoding="UTF-8"?>
<includes>
<!--Visualisation-->
    	<include name="MusicVisualisation">
        	<control type="group" id="9999">
			<!--Layout 0 - Background-->
			<control type="group">
				<include>fadeInOut</include>
				<control type="visualisation" id="2">
					<include>fadeInOutVisible</include>
					<visible>Visualisation.Enabled</visible>
					<description>visualisation</description>
					<width>100%</width>
					<height>100%</height>
				</control>
				<control type="image">
					<visible>!Visualisation.Enabled</visible>
					<include>fadeInOutVisible</include>
					<left>0</left>
					<top>0</top>
					<texture background="true">$INFO[Player.Art(fanart)]</texture>
					<aspectratio>scale</aspectratio>
					<colordiffuse>FFFFFFFF</colordiffuse>
				</control>
				<control type="group">
					<animation type="Conditional" condition="!String.isEmpty(Player.Art(fanart))">
            					<effect type="fade" start="100" end="25" time="180" delay="0"/>
					</animation>
					<visible>!Visualisation.Enabled</visible>
					<visible>!Skin.HasSetting(DisableHomemadeViz)</visible>
					<width>100%</width>
					<height>100%</height>
					<include>TempEvoMuVizHomemadeVisualizer</include>
				</control>
				<control type="image">
					<include>fadeInOutVisible</include>
					<include>dimensionsFullscreen</include>
					<texture>colors/black.png</texture>
					<aspectratio>stretch</aspectratio>
					<colordiffuse>80FFFFFF</colordiffuse>
				</control>
			</control>
			<!--Layout 1 - Content-->
			<control type="group">
					<visible>!Visualisation.Enabled</visible>
				<visible>!Skin.HasSetting(TempEvoMuVizSettoSimpleOSD)</visible>
					<include>TempEvoSlideFadeDownTwoWayFastVisible</include>
				<bottom>144</bottom>
           			<left>64</left>
				<right>64</right>
				<height>792</height>
				<control type="group">
					<animation type="windowopen">
						<effect type="fade" start="0" end="100" time="180" delay="0"/>
            					<effect type="Slide" start="0,-72" end="0,0" tween="cubic" easing="inout" time="180" delay="0"/>
					</animation>
					<animation type="windowclose">
						<effect type="fade" start="100" end="0" time="180" delay="330"/>
            					<effect type="Slide" start="0,0" end="0,72" tween="cubic" easing="inout" time="180" delay="330"/>
        				</animation>
					<animation type="Conditional" condition="!Window.isactive(musicosd) + Player.HasDuration + !Player.Paused + !Window.isactive(script-cu-lrclyrics-main.xml)">
            					<effect type="slide" start="0,0" end="0,24" tween="cubic" easing="inout" time="180" delay="0"/>
					</animation>
					<animation type="Conditional" condition="!Window.isactive(musicosd) + Player.HasDuration + !Player.Paused + Window.isactive(script-cu-lrclyrics-main.xml)">
            					<effect type="slide" start="0,0" end="0,60" tween="cubic" easing="inout" time="180" delay="0"/>
					</animation>
					<posx>-5</posx>
					<posy>66</posy>
					<width>658</width>
					<height>648</height>
	                        	<control type="group">
						<animation type="Conditional" condition="!Window.isactive(musicosd) + Player.HasDuration + !Player.Paused">
            						<effect type="zoom" start="75" end="100" center="auto" tween="cubic" easing="inout" time="180" delay="0"/>
						</animation>
						<left>-9</left>
						<right>-9</right>
						<bottom>0</bottom>
						<height>18</height>
						<include content="TempEvoModelListHorizontalRound">
							<param name="modelkey_size" value="18" />
							<param name="modelkey_color" value="overlay" />
							<param name="dimensionkey_size" value="dim72" />
						</include>
						<control type="image">
						<animation effect="slide" end="640,0" tween="sine" easing="inout" time="180" condition="String.isEqual(Player.progress,100)" reversible="false">Conditional</animation>
						<animation effect="slide" end="633.6,0" tween="sine" easing="inout" time="180" condition="String.isEqual(Player.progress,99)" reversible="true">Conditional</animation>
						<animation effect="slide" end="627.2,0" tween="sine" easing="inout" time="180" condition="String.isEqual(Player.progress,98)" reversible="true">Conditional</animation>
						<animation effect="slide" end="620.8,0" tween="sine" easing="inout" time="180" condition="String.isEqual(Player.progress,97)" reversible="true">Conditional</animation>
						<animation effect="slide" end="614.4,0" tween="sine" easing="inout" time="180" condition="String.isEqual(Player.progress,96)" reversible="true">Conditional</animation>
						<animation effect="slide" end="608,0" tween="sine" easing="inout" time="180" condition="String.isEqual(Player.progress,95)" reversible="true">Conditional</animation>
						<animation effect="slide" end="601.6,0" tween="sine" easing="inout" time="180" condition="String.isEqual(Player.progress,94)" reversible="true">Conditional</animation>
						<animation effect="slide" end="595.2,0" tween="sine" easing="inout" time="180" condition="String.isEqual(Player.progress,93)" reversible="true">Conditional</animation>
						<animation effect="slide" end="588.8,0" tween="sine" easing="inout" time="180" condition="String.isEqual(Player.progress,92)" reversible="true">Conditional</animation>
						<animation effect="slide" end="582.4,0" tween="sine" easing="inout" time="180" condition="String.isEqual(Player.progress,91)" reversible="true">Conditional</animation>
						<animation effect="slide" end="576,0" tween="sine" easing="inout" time="180" condition="String.isEqual(Player.progress,90)" reversible="true">Conditional</animation>
						<animation effect="slide" end="569.6,0" tween="sine" easing="inout" time="180" condition="String.isEqual(Player.progress,89)" reversible="true">Conditional</animation>
						<animation effect="slide" end="563.2,0" tween="sine" easing="inout" time="180" condition="String.isEqual(Player.progress,88)" reversible="true">Conditional</animation>
						<animation effect="slide" end="556.8,0" tween="sine" easing="inout" time="180" condition="String.isEqual(Player.progress,87)" reversible="true">Conditional</animation>
						<animation effect="slide" end="550.4,0" tween="sine" easing="inout" time="180" condition="String.isEqual(Player.progress,86)" reversible="true">Conditional</animation>
						<animation effect="slide" end="544,0" tween="sine" easing="inout" time="180" condition="String.isEqual(Player.progress,85)" reversible="true">Conditional</animation>
						<animation effect="slide" end="537.6,0" tween="sine" easing="inout" time="180" condition="String.isEqual(Player.progress,84)" reversible="true">Conditional</animation>
						<animation effect="slide" end="531.2,0" tween="sine" easing="inout" time="180" condition="String.isEqual(Player.progress,83)" reversible="true">Conditional</animation>
						<animation effect="slide" end="524.8,0" tween="sine" easing="inout" time="180" condition="String.isEqual(Player.progress,82)" reversible="true">Conditional</animation>
						<animation effect="slide" end="518.4,0" tween="sine" easing="inout" time="180" condition="String.isEqual(Player.progress,81)" reversible="true">Conditional</animation>
						<animation effect="slide" end="512,0" tween="sine" easing="inout" time="180" condition="String.isEqual(Player.progress,80)" reversible="true">Conditional</animation>
						<animation effect="slide" end="505.6,0" tween="sine" easing="inout" time="180" condition="String.isEqual(Player.progress,79)" reversible="true">Conditional</animation>
						<animation effect="slide" end="499.2,0" tween="sine" easing="inout" time="180" condition="String.isEqual(Player.progress,78)" reversible="true">Conditional</animation>
						<animation effect="slide" end="492.8,0" tween="sine" easing="inout" time="180" condition="String.isEqual(Player.progress,77)" reversible="true">Conditional</animation>
						<animation effect="slide" end="486.4,0" tween="sine" easing="inout" time="180" condition="String.isEqual(Player.progress,76)" reversible="true">Conditional</animation>
						<animation effect="slide" end="480,0" tween="sine" easing="inout" time="180" condition="String.isEqual(Player.progress,75)" reversible="true">Conditional</animation>
						<animation effect="slide" end="473.6,0" tween="sine" easing="inout" time="180" condition="String.isEqual(Player.progress,74)" reversible="true">Conditional</animation>
						<animation effect="slide" end="467.2,0" tween="sine" easing="inout" time="180" condition="String.isEqual(Player.progress,73)" reversible="true">Conditional</animation>
						<animation effect="slide" end="460.8,0" tween="sine" easing="inout" time="180" condition="String.isEqual(Player.progress,72)" reversible="true">Conditional</animation>
						<animation effect="slide" end="454.4,0" tween="sine" easing="inout" time="180" condition="String.isEqual(Player.progress,71)" reversible="true">Conditional</animation>
						<animation effect="slide" end="448,0" tween="sine" easing="inout" time="180" condition="String.isEqual(Player.progress,70)" reversible="true">Conditional</animation>
						<animation effect="slide" end="441.6,0" tween="sine" easing="inout" time="180" condition="String.isEqual(Player.progress,69)" reversible="true">Conditional</animation>
						<animation effect="slide" end="435.2,0" tween="sine" easing="inout" time="180" condition="String.isEqual(Player.progress,68)" reversible="true">Conditional</animation>
						<animation effect="slide" end="428.8,0" tween="sine" easing="inout" time="180" condition="String.isEqual(Player.progress,67)" reversible="true">Conditional</animation>
						<animation effect="slide" end="422.4,0" tween="sine" easing="inout" time="180" condition="String.isEqual(Player.progress,66)" reversible="true">Conditional</animation>
						<animation effect="slide" end="416,0" tween="sine" easing="inout" time="180" condition="String.isEqual(Player.progress,65)" reversible="true">Conditional</animation>
						<animation effect="slide" end="409.6,0" tween="sine" easing="inout" time="180" condition="String.isEqual(Player.progress,64)" reversible="true">Conditional</animation>
						<animation effect="slide" end="403.2,0" tween="sine" easing="inout" time="180" condition="String.isEqual(Player.progress,63)" reversible="true">Conditional</animation>
						<animation effect="slide" end="396.8,0" tween="sine" easing="inout" time="180" condition="String.isEqual(Player.progress,62)" reversible="true">Conditional</animation>
						<animation effect="slide" end="390.4,0" tween="sine" easing="inout" time="180" condition="String.isEqual(Player.progress,61)" reversible="true">Conditional</animation>
						<animation effect="slide" end="384,0" tween="sine" easing="inout" time="180" condition="String.isEqual(Player.progress,60)" reversible="true">Conditional</animation>
						<animation effect="slide" end="377.6,0" tween="sine" easing="inout" time="180" condition="String.isEqual(Player.progress,59)" reversible="true">Conditional</animation>
						<animation effect="slide" end="371.2,0" tween="sine" easing="inout" time="180" condition="String.isEqual(Player.progress,58)" reversible="true">Conditional</animation>
						<animation effect="slide" end="364.8,0" tween="sine" easing="inout" time="180" condition="String.isEqual(Player.progress,57)" reversible="true">Conditional</animation>
						<animation effect="slide" end="358.4,0" tween="sine" easing="inout" time="180" condition="String.isEqual(Player.progress,56)" reversible="true">Conditional</animation>
						<animation effect="slide" end="352,0" tween="sine" easing="inout" time="180" condition="String.isEqual(Player.progress,55)" reversible="true">Conditional</animation>
						<animation effect="slide" end="345.6,0" tween="sine" easing="inout" time="180" condition="String.isEqual(Player.progress,54)" reversible="true">Conditional</animation>
						<animation effect="slide" end="339.2,0" tween="sine" easing="inout" time="180" condition="String.isEqual(Player.progress,53)" reversible="true">Conditional</animation>
						<animation effect="slide" end="332.8,0" tween="sine" easing="inout" time="180" condition="String.isEqual(Player.progress,52)" reversible="true">Conditional</animation>
						<animation effect="slide" end="326.4,0" tween="sine" easing="inout" time="180" condition="String.isEqual(Player.progress,51)" reversible="true">Conditional</animation>
						<animation effect="slide" end="320,0" tween="sine" easing="inout" time="180" condition="String.isEqual(Player.progress,50)" reversible="true">Conditional</animation>
						<animation effect="slide" end="313.6,0" tween="sine" easing="inout" time="180" condition="String.isEqual(Player.progress,49)" reversible="true">Conditional</animation>
						<animation effect="slide" end="307.2,0" tween="sine" easing="inout" time="180" condition="String.isEqual(Player.progress,48)" reversible="true">Conditional</animation>
						<animation effect="slide" end="300.8,0" tween="sine" easing="inout" time="180" condition="String.isEqual(Player.progress,47)" reversible="true">Conditional</animation>
						<animation effect="slide" end="294.4,0" tween="sine" easing="inout" time="180" condition="String.isEqual(Player.progress,46)" reversible="true">Conditional</animation>
						<animation effect="slide" end="288,0" tween="sine" easing="inout" time="180" condition="String.isEqual(Player.progress,45)" reversible="true">Conditional</animation>
						<animation effect="slide" end="281.6,0" tween="sine" easing="inout" time="180" condition="String.isEqual(Player.progress,44)" reversible="true">Conditional</animation>
						<animation effect="slide" end="275.2,0" tween="sine" easing="inout" time="180" condition="String.isEqual(Player.progress,43)" reversible="true">Conditional</animation>
						<animation effect="slide" end="268.8,0" tween="sine" easing="inout" time="180" condition="String.isEqual(Player.progress,42)" reversible="true">Conditional</animation>
						<animation effect="slide" end="262.4,0" tween="sine" easing="inout" time="180" condition="String.isEqual(Player.progress,41)" reversible="true">Conditional</animation>
						<animation effect="slide" end="256,0" tween="sine" easing="inout" time="180" condition="String.isEqual(Player.progress,40)" reversible="true">Conditional</animation>
						<animation effect="slide" end="249.6,0" tween="sine" easing="inout" time="180" condition="String.isEqual(Player.progress,39)" reversible="true">Conditional</animation>
						<animation effect="slide" end="243.2,0" tween="sine" easing="inout" time="180" condition="String.isEqual(Player.progress,38)" reversible="true">Conditional</animation>
						<animation effect="slide" end="236.8,0" tween="sine" easing="inout" time="180" condition="String.isEqual(Player.progress,37)" reversible="true">Conditional</animation>
						<animation effect="slide" end="230.4,0" tween="sine" easing="inout" time="180" condition="String.isEqual(Player.progress,36)" reversible="true">Conditional</animation>
						<animation effect="slide" end="224,0" tween="sine" easing="inout" time="180" condition="String.isEqual(Player.progress,35)" reversible="true">Conditional</animation>
						<animation effect="slide" end="217.6,0" tween="sine" easing="inout" time="180" condition="String.isEqual(Player.progress,34)" reversible="true">Conditional</animation>
						<animation effect="slide" end="211.2,0" tween="sine" easing="inout" time="180" condition="String.isEqual(Player.progress,33)" reversible="true">Conditional</animation>
						<animation effect="slide" end="204.8,0" tween="sine" easing="inout" time="180" condition="String.isEqual(Player.progress,32)" reversible="true">Conditional</animation>
						<animation effect="slide" end="198.4,0" tween="sine" easing="inout" time="180" condition="String.isEqual(Player.progress,31)" reversible="true">Conditional</animation>
						<animation effect="slide" end="192,0" tween="sine" easing="inout" time="180" condition="String.isEqual(Player.progress,30)" reversible="true">Conditional</animation>
						<animation effect="slide" end="185.6,0" tween="sine" easing="inout" time="180" condition="String.isEqual(Player.progress,29)" reversible="true">Conditional</animation>
						<animation effect="slide" end="179.2,0" tween="sine" easing="inout" time="180" condition="String.isEqual(Player.progress,28)" reversible="true">Conditional</animation>
						<animation effect="slide" end="172.8,0" tween="sine" easing="inout" time="180" condition="String.isEqual(Player.progress,27)" reversible="true">Conditional</animation>
						<animation effect="slide" end="166.4,0" tween="sine" easing="inout" time="180" condition="String.isEqual(Player.progress,26)" reversible="true">Conditional</animation>
						<animation effect="slide" end="160,0" tween="sine" easing="inout" time="180" condition="String.isEqual(Player.progress,25)" reversible="true">Conditional</animation>
						<animation effect="slide" end="153.6,0" tween="sine" easing="inout" time="180" condition="String.isEqual(Player.progress,24)" reversible="true">Conditional</animation>
						<animation effect="slide" end="147.2,0" tween="sine" easing="inout" time="180" condition="String.isEqual(Player.progress,23)" reversible="true">Conditional</animation>
						<animation effect="slide" end="140.8,0" tween="sine" easing="inout" time="180" condition="String.isEqual(Player.progress,22)" reversible="true">Conditional</animation>
						<animation effect="slide" end="134.4,0" tween="sine" easing="inout" time="180" condition="String.isEqual(Player.progress,21)" reversible="true">Conditional</animation>
						<animation effect="slide" end="128,0" tween="sine" easing="inout" time="180" condition="String.isEqual(Player.progress,20)" reversible="true">Conditional</animation>
						<animation effect="slide" end="121.6,0" tween="sine" easing="inout" time="180" condition="String.isEqual(Player.progress,19)" reversible="true">Conditional</animation>
						<animation effect="slide" end="115.2,0" tween="sine" easing="inout" time="180" condition="String.isEqual(Player.progress,18)" reversible="true">Conditional</animation>
						<animation effect="slide" end="108.8,0" tween="sine" easing="inout" time="180" condition="String.isEqual(Player.progress,17)" reversible="true">Conditional</animation>
						<animation effect="slide" end="102.4,0" tween="sine" easing="inout" time="180" condition="String.isEqual(Player.progress,16)" reversible="true">Conditional</animation>
						<animation effect="slide" end="96,0" tween="sine" easing="inout" time="180" condition="String.isEqual(Player.progress,15)" reversible="true">Conditional</animation>
						<animation effect="slide" end="89.6,0" tween="sine" easing="inout" time="180" condition="String.isEqual(Player.progress,14)" reversible="true">Conditional</animation>
						<animation effect="slide" end="83.2,0" tween="sine" easing="inout" time="180" condition="String.isEqual(Player.progress,13)" reversible="true">Conditional</animation>
						<animation effect="slide" end="76.8,0" tween="sine" easing="inout" time="180" condition="String.isEqual(Player.progress,12)" reversible="true">Conditional</animation>
						<animation effect="slide" end="70.4,0" tween="sine" easing="inout" time="180" condition="String.isEqual(Player.progress,11)" reversible="true">Conditional</animation>
						<animation effect="slide" end="64,0" tween="sine" easing="inout" time="180" condition="String.isEqual(Player.progress,10)" reversible="true">Conditional</animation>
						<animation effect="slide" end="57.6,0" tween="sine" easing="inout" time="180" condition="String.isEqual(Player.progress,9)" reversible="true">Conditional</animation>
						<animation effect="slide" end="51.2,0" tween="sine" easing="inout" time="180" condition="String.isEqual(Player.progress,8)" reversible="true">Conditional</animation>
						<animation effect="slide" end="44.8,0" tween="sine" easing="inout" time="180" condition="String.isEqual(Player.progress,7)" reversible="true">Conditional</animation>
						<animation effect="slide" end="38.4,0" tween="sine" easing="inout" time="180" condition="String.isEqual(Player.progress,6)" reversible="true">Conditional</animation>
						<animation effect="slide" end="32,0" tween="sine" easing="inout" time="180" condition="String.isEqual(Player.progress,5)" reversible="true">Conditional</animation>
						<animation effect="slide" end="25.6,0" tween="sine" easing="inout" time="180" condition="String.isEqual(Player.progress,4)" reversible="true">Conditional</animation>
						<animation effect="slide" end="19.2,0" tween="sine" easing="inout" time="180" condition="String.isEqual(Player.progress,3)" reversible="true">Conditional</animation>
						<animation effect="slide" end="12.8,0" tween="sine" easing="inout" time="180" condition="String.isEqual(Player.progress,2)" reversible="true">Conditional</animation>
						<animation effect="slide" end="6.4,0" tween="sine" easing="inout" time="180" condition="String.isEqual(Player.progress,1)" reversible="true">Conditional</animation>
						<animation effect="slide" end="0,0" tween="sine" easing="inout" time="180" condition="String.isEqual(Player.progress,0)" reversible="true">Conditional</animation>
	                        			<left>9</left>
	                        			<bottom>0</bottom>
	                        			<aspectratio>stretch</aspectratio>
							<width>18</width>
							<height>18</height>
	                        			<texture>shape/statusbar/circle18px.png</texture>
	                        			<bordersize>0</bordersize>
	                       				<colordiffuse>sorotan</colordiffuse>
	                    			</control>
		           		</control>
					<control type="group">
						<include>fadeInOutVisible</include>
						<visible>Window.isactive(script-cu-lrclyrics-main.xml)</visible>
	                        		<left>9</left>
	                        		<right>9</right>
	                        		<bottom>18</bottom>
                   				<height>108</height>
                   	 			<control type="label">
	                        			<bottom>62</bottom>
                					<font>Font18Medium</font>
                    					<width>auto</width>
                   					<height>20</height>
		    					<label>$INFO[MusicPlayer.Album]</label>
                    				</control>
                   	 			<control type="label">
	                        			<bottom>27</bottom>
                					<font>Font24Bold</font>
                    					<width>auto</width>
                   					<height>36</height>
		    					<label>$INFO[Player.Title]</label>
                    				</control>
                   	 			<control type="label">
	                        			<bottom>2</bottom>
                					<font>Font20Medium</font>
                    					<width>auto</width>
                   					<height>28</height>
		    					<label>$INFO[MusicPlayer.Artist]</label>
                    				</control>
					</control>
				</control>
				<control type="group">
					<animation type="windowopen">
						<effect type="fade" start="0" end="100" time="180" delay="0"/>
            					<effect type="Slide" start="0,-72" end="0,0" tween="cubic" easing="inout" time="180" delay="0"/>
					</animation>
					<animation type="windowclose">
						<effect type="fade" start="100" end="0" time="180" delay="330"/>
            					<effect type="Slide" start="0,0" end="0,72" tween="cubic" easing="inout" time="180" delay="330"/>
        				</animation>
					<animation type="Conditional" condition="!Window.isactive(musicosd) + Player.HasDuration + !Player.Paused + !Window.isactive(script-cu-lrclyrics-main.xml)">
            					<effect type="slide" start="0,0" end="0,-18" tween="cubic" easing="inout" time="180" delay="0"/>
					</animation>
					<animation type="Conditional" condition="!Window.isactive(musicosd) + Player.HasDuration + !Player.Paused + Window.isactive(script-cu-lrclyrics-main.xml)">
            					<effect type="slide" start="0,0" end="0,-54" tween="cubic" easing="inout" time="180" delay="0"/>
					</animation>
					<animation type="Conditional" condition="Window.isactive(musicosd) + Skin.HasSetting(Satumuvizminiinfo) + Window.isactive(script-cu-lrclyrics-main.xml)">
            					<effect type="slide" start="0,0" end=",-396" tween="cubic" easing="inout" time="400" delay="0"/>
					</animation>
					<posx>0</posx>
					<posy>72</posy>
					<width>648</width>
					<height>648</height>
					<control type="image">
						<width>648</width>
						<height>648</height>
						<aspectratio>stretch</aspectratio>
						<texture colordiffuse="black">shape/dimHD/roundedsquarehalf.png</texture>
					</control>
					<control type="image">
						<width>648</width>
						<height>648</height>
						<aspectratio scalediffuse="false">keep</aspectratio>
						<texture fallback="DefaultAlbumCover.png" diffuse="shape/dimHD/roundedsquarehalf.png" background="true">$INFO[MusicPlayer.Cover]</texture>
					</control>
				</control>
				<control type="grouplist">
					<include>fadeInOutVisible</include>
					<visible>!Window.isactive(script-cu-lrclyrics-main.xml)</visible>
					<animation type="windowopen">
						<effect type="fade" start="0" end="100" time="180" delay="0"/>
            					<effect type="Slide" start="0,-72" end="0,0" tween="cubic" easing="inout" time="180" delay="0"/>
					</animation>
					<animation type="windowclose">
						<effect type="fade" start="100" end="0" time="180" delay="330"/>
            					<effect type="Slide" start="0,0" end="0,72" tween="cubic" easing="inout" time="180" delay="330"/>
        				</animation>
					<left>684</left>
					<posy>0</posy>
					<height>792</height>
                    			<align>center</align>
                        		<itemgap>0</itemgap>
                   	 		<control type="textbox">
                				<font>Font28Medium</font>
                    				<width>auto</width>
                   				<height>auto</height>
		    				<label>$INFO[MusicPlayer.Album]</label>
                    			</control>
                   	 		<control type="textbox">
                				<font>Font60Bold</font>
                    				<width>auto</width>
                   				<height>auto</height>
		    				<label>$INFO[Player.Title]</label>
                    			</control>
                   	 		<control type="textbox">
                				<font>Font36Medium</font>
                    				<width>auto</width>
                   				<height>auto</height>
		    				<label>$INFO[MusicPlayer.Artist]</label>
                    			</control>
				</control>
			</control>
            	</control>
		<!--Universal Status Bar-->
				<control type="group">
			<visible>![Skin.HasSetting(TempEvoMuVizSettoSimpleOSD)+ !Window.isActive(musicosd)]</visible>
		<include>StatusBarandTimeDisplay</include>
            	</control>
    	</include>
<!--Visualisation-->
    	<include name="TempEvoMuVizHomemadeVisualizer">
		<!--Preset Pil and Bean-->
		<control type="group">
			<visible>Integer.IsOdd(MusicPlayer.PlaylistPosition)</visible>
			<include>fadeInOutVisible</include>
			<control type="group">
                    		<control type="wraplist" id="1901">
                			<autoscroll>true</autoscroll>
					<scrolltime tween="Linear">7500</scrolltime>
                    			<posy>0</posy>
	    				<posx>0</posx>
					<width>100%</width>
                   			<height>126</height>
					<enable>false</enable>
					<orientation>horizontal</orientation>
	    				<itemlayout width="1638" height="126">
						<control type="image">
	    						<posx>0</posx>
	                        			<bordersize>18</bordersize>
							<width>396</width>
							<height>126</height>
							<aspectratio>keep</aspectratio>
							<texture colordiffuse="highlight">shape/dim180/longbean.png</texture>
						</control>
						<control type="image">
	    						<posx>396</posx>
	                        			<bordersize>18</bordersize>
							<width>126</width>
							<height>126</height>
							<aspectratio>keep</aspectratio>
							<texture colordiffuse="highlight">shape/dim180/circle.png</texture>
						</control>
						<control type="image">
	    						<posx>522</posx>
	                        			<bordersize>18</bordersize>
							<width>216</width>
							<height>126</height>
							<aspectratio>keep</aspectratio>
							<texture colordiffuse="highlight">shape/dim180/pil.png</texture>
						</control>
						<control type="image">
	    						<posx>738</posx>
	                        			<bordersize>18</bordersize>
							<width>126</width>
							<height>126</height>
							<aspectratio>keep</aspectratio>
							<texture colordiffuse="highlight">shape/dim180/circle.png</texture>
						</control>
						<control type="image">
	    						<posx>864</posx>
	                        			<bordersize>18</bordersize>
							<width>306</width>
							<height>126</height>
							<aspectratio>keep</aspectratio>
							<texture colordiffuse="highlight">shape/dim180/bean.png</texture>
						</control>
						<control type="image">
	    						<posx>1170</posx>
	                        			<bordersize>18</bordersize>
							<width>126</width>
							<height>126</height>
							<aspectratio>keep</aspectratio>
							<texture colordiffuse="highlight">shape/dim180/circle.png</texture>
						</control>
						<control type="image">
	    						<posx>1296</posx>
	                        			<bordersize>18</bordersize>
							<width>216</width>
							<height>126</height>
							<aspectratio>keep</aspectratio>
							<texture colordiffuse="highlight">shape/dim180/pil.png</texture>
						</control>
						<control type="image">
	    						<posx>1512</posx>
	                        			<bordersize>18</bordersize>
							<width>126</width>
							<height>126</height>
							<aspectratio>keep</aspectratio>
							<texture colordiffuse="highlight">shape/dim180/circle.png</texture>
						</control>
                			</itemlayout>
	    				<focusedlayout width="1638" height="126">
						<control type="image">
	    						<posx>0</posx>
	                        			<bordersize>18</bordersize>
							<width>396</width>
							<height>126</height>
							<aspectratio>keep</aspectratio>
							<texture colordiffuse="highlight">shape/dim180/longbean.png</texture>
						</control>
						<control type="image">
	    						<posx>396</posx>
	                        			<bordersize>18</bordersize>
							<width>126</width>
							<height>126</height>
							<aspectratio>keep</aspectratio>
							<texture colordiffuse="highlight">shape/dim180/circle.png</texture>
						</control>
						<control type="image">
	    						<posx>522</posx>
	                        			<bordersize>18</bordersize>
							<width>216</width>
							<height>126</height>
							<aspectratio>keep</aspectratio>
							<texture colordiffuse="highlight">shape/dim180/pil.png</texture>
						</control>
						<control type="image">
	    						<posx>738</posx>
	                        			<bordersize>18</bordersize>
							<width>126</width>
							<height>126</height>
							<aspectratio>keep</aspectratio>
							<texture colordiffuse="highlight">shape/dim180/circle.png</texture>
						</control>
						<control type="image">
	    						<posx>864</posx>
	                        			<bordersize>18</bordersize>
							<width>306</width>
							<height>126</height>
							<aspectratio>keep</aspectratio>
							<texture colordiffuse="highlight">shape/dim180/bean.png</texture>
						</control>
						<control type="image">
	    						<posx>1170</posx>
	                        			<bordersize>18</bordersize>
							<width>126</width>
							<height>126</height>
							<aspectratio>keep</aspectratio>
							<texture colordiffuse="highlight">shape/dim180/circle.png</texture>
						</control>
						<control type="image">
	    						<posx>1296</posx>
	                        			<bordersize>18</bordersize>
							<width>216</width>
							<height>126</height>
							<aspectratio>keep</aspectratio>
							<texture colordiffuse="highlight">shape/dim180/pil.png</texture>
						</control>
						<control type="image">
	    						<posx>1512</posx>
	                        			<bordersize>18</bordersize>
							<width>126</width>
							<height>126</height>
							<aspectratio>keep</aspectratio>
							<texture colordiffuse="highlight">shape/dim180/circle.png</texture>
						</control>
                			</focusedlayout>
					<content>
						<item id="0">
							<thumb />
						</item>
						<item id="1">
							<thumb />
						</item>
						<item id="2">
							<thumb />
						</item>
					</content>
                    		</control>
                    		<control type="wraplist" id="1902">
					<animation type="Conditional" condition="true">
            					<effect type="rotate" start="0" end="180" center="auto" time="0"/>
					</animation>
                			<autoscroll>true</autoscroll>
					<scrolltime tween="Linear">8000</scrolltime>
                    			<posy>126</posy>
	    				<posx>0</posx>
					<width>100%</width>
                   			<height>126</height>
					<enable>false</enable>
					<orientation>horizontal</orientation>
	    				<itemlayout width="1638" height="126">
						<control type="image">
	    						<posx>0</posx>
	                        			<bordersize>18</bordersize>
							<width>396</width>
							<height>126</height>
							<aspectratio>keep</aspectratio>
							<texture colordiffuse="highlight">shape/dim180/longbean.png</texture>
						</control>
						<control type="image">
	    						<posx>396</posx>
	                        			<bordersize>18</bordersize>
							<width>126</width>
							<height>126</height>
							<aspectratio>keep</aspectratio>
							<texture colordiffuse="highlight">shape/dim180/circle.png</texture>
						</control>
						<control type="image">
	    						<posx>522</posx>
	                        			<bordersize>18</bordersize>
							<width>216</width>
							<height>126</height>
							<aspectratio>keep</aspectratio>
							<texture colordiffuse="highlight">shape/dim180/pil.png</texture>
						</control>
						<control type="image">
	    						<posx>738</posx>
	                        			<bordersize>18</bordersize>
							<width>126</width>
							<height>126</height>
							<aspectratio>keep</aspectratio>
							<texture colordiffuse="highlight">shape/dim180/circle.png</texture>
						</control>
						<control type="image">
	    						<posx>864</posx>
	                        			<bordersize>18</bordersize>
							<width>306</width>
							<height>126</height>
							<aspectratio>keep</aspectratio>
							<texture colordiffuse="highlight">shape/dim180/bean.png</texture>
						</control>
						<control type="image">
	    						<posx>1170</posx>
	                        			<bordersize>18</bordersize>
							<width>126</width>
							<height>126</height>
							<aspectratio>keep</aspectratio>
							<texture colordiffuse="highlight">shape/dim180/circle.png</texture>
						</control>
						<control type="image">
	    						<posx>1296</posx>
	                        			<bordersize>18</bordersize>
							<width>216</width>
							<height>126</height>
							<aspectratio>keep</aspectratio>
							<texture colordiffuse="highlight">shape/dim180/pil.png</texture>
						</control>
						<control type="image">
	    						<posx>1512</posx>
	                        			<bordersize>18</bordersize>
							<width>126</width>
							<height>126</height>
							<aspectratio>keep</aspectratio>
							<texture colordiffuse="highlight">shape/dim180/circle.png</texture>
						</control>
                			</itemlayout>
	    				<focusedlayout width="1638" height="126">
						<control type="image">
	    						<posx>0</posx>
	                        			<bordersize>18</bordersize>
							<width>396</width>
							<height>126</height>
							<aspectratio>keep</aspectratio>
							<texture colordiffuse="highlight">shape/dim180/longbean.png</texture>
						</control>
						<control type="image">
	    						<posx>396</posx>
	                        			<bordersize>18</bordersize>
							<width>126</width>
							<height>126</height>
							<aspectratio>keep</aspectratio>
							<texture colordiffuse="highlight">shape/dim180/circle.png</texture>
						</control>
						<control type="image">
	    						<posx>522</posx>
	                        			<bordersize>18</bordersize>
							<width>216</width>
							<height>126</height>
							<aspectratio>keep</aspectratio>
							<texture colordiffuse="highlight">shape/dim180/pil.png</texture>
						</control>
						<control type="image">
	    						<posx>738</posx>
	                        			<bordersize>18</bordersize>
							<width>126</width>
							<height>126</height>
							<aspectratio>keep</aspectratio>
							<texture colordiffuse="highlight">shape/dim180/circle.png</texture>
						</control>
						<control type="image">
	    						<posx>864</posx>
	                        			<bordersize>18</bordersize>
							<width>306</width>
							<height>126</height>
							<aspectratio>keep</aspectratio>
							<texture colordiffuse="highlight">shape/dim180/bean.png</texture>
						</control>
						<control type="image">
	    						<posx>1170</posx>
	                        			<bordersize>18</bordersize>
							<width>126</width>
							<height>126</height>
							<aspectratio>keep</aspectratio>
							<texture colordiffuse="highlight">shape/dim180/circle.png</texture>
						</control>
						<control type="image">
	    						<posx>1296</posx>
	                        			<bordersize>18</bordersize>
							<width>216</width>
							<height>126</height>
							<aspectratio>keep</aspectratio>
							<texture colordiffuse="highlight">shape/dim180/pil.png</texture>
						</control>
						<control type="image">
	    						<posx>1512</posx>
	                        			<bordersize>18</bordersize>
							<width>126</width>
							<height>126</height>
							<aspectratio>keep</aspectratio>
							<texture colordiffuse="highlight">shape/dim180/circle.png</texture>
						</control>
                			</focusedlayout>
					<content>
						<item id="0">
							<thumb />
						</item>
						<item id="1">
							<thumb />
						</item>
						<item id="2">
							<thumb />
						</item>
					</content>
                    		</control>
                    		<control type="wraplist" id="1903">
                			<autoscroll>true</autoscroll>
					<scrolltime tween="Linear">7000</scrolltime>
                    			<posy>252</posy>
	    				<posx>0</posx>
					<width>100%</width>
                   			<height>126</height>
					<enable>false</enable>
					<orientation>horizontal</orientation>
	    				<itemlayout width="1818" height="126">
						<control type="image">
	    						<posx>0</posx>
	                        			<bordersize>18</bordersize>
							<width>306</width>
							<height>126</height>
							<aspectratio>keep</aspectratio>
							<texture colordiffuse="highlight">shape/dim180/bean.png</texture>
						</control>
						<control type="image">
	    						<posx>306</posx>
	                        			<bordersize>18</bordersize>
							<width>126</width>
							<height>126</height>
							<aspectratio>keep</aspectratio>
							<texture colordiffuse="highlight">shape/dim180/circle.png</texture>
						</control>
						<control type="image">
	    						<posx>432</posx>
	                        			<bordersize>18</bordersize>
							<width>396</width>
							<height>126</height>
							<aspectratio>keep</aspectratio>
							<texture colordiffuse="highlight">shape/dim180/longbean.png</texture>
						</control>
						<control type="image">
	    						<posx>828</posx>
	                        			<bordersize>18</bordersize>
							<width>126</width>
							<height>126</height>
							<aspectratio>keep</aspectratio>
							<texture colordiffuse="highlight">shape/dim180/circle.png</texture>
						</control>
						<control type="image">
	    						<posx>954</posx>
	                        			<bordersize>18</bordersize>
							<width>216</width>
							<height>126</height>
							<aspectratio>keep</aspectratio>
							<texture colordiffuse="highlight">shape/dim180/pil.png</texture>
						</control>
						<control type="image">
	    						<posx>1170</posx>
	                        			<bordersize>18</bordersize>
							<width>126</width>
							<height>126</height>
							<aspectratio>keep</aspectratio>
							<texture colordiffuse="highlight">shape/dim180/circle.png</texture>
						</control>
						<control type="image">
	    						<posx>1296</posx>
	                        			<bordersize>18</bordersize>
							<width>396</width>
							<height>126</height>
							<aspectratio>keep</aspectratio>
							<texture colordiffuse="highlight">shape/dim180/longbean.png</texture>
						</control>
						<control type="image">
	    						<posx>1692</posx>
	                        			<bordersize>18</bordersize>
							<width>126</width>
							<height>126</height>
							<aspectratio>keep</aspectratio>
							<texture colordiffuse="highlight">shape/dim180/circle.png</texture>
						</control>
                			</itemlayout>
	    				<focusedlayout width="1818" height="126">
						<control type="image">
	    						<posx>0</posx>
	                        			<bordersize>18</bordersize>
							<width>306</width>
							<height>126</height>
							<aspectratio>keep</aspectratio>
							<texture colordiffuse="highlight">shape/dim180/bean.png</texture>
						</control>
						<control type="image">
	    						<posx>306</posx>
	                        			<bordersize>18</bordersize>
							<width>126</width>
							<height>126</height>
							<aspectratio>keep</aspectratio>
							<texture colordiffuse="highlight">shape/dim180/circle.png</texture>
						</control>
						<control type="image">
	    						<posx>432</posx>
	                        			<bordersize>18</bordersize>
							<width>396</width>
							<height>126</height>
							<aspectratio>keep</aspectratio>
							<texture colordiffuse="highlight">shape/dim180/longbean.png</texture>
						</control>
						<control type="image">
	    						<posx>828</posx>
	                        			<bordersize>18</bordersize>
							<width>126</width>
							<height>126</height>
							<aspectratio>keep</aspectratio>
							<texture colordiffuse="highlight">shape/dim180/circle.png</texture>
						</control>
						<control type="image">
	    						<posx>954</posx>
	                        			<bordersize>18</bordersize>
							<width>216</width>
							<height>126</height>
							<aspectratio>keep</aspectratio>
							<texture colordiffuse="highlight">shape/dim180/pil.png</texture>
						</control>
						<control type="image">
	    						<posx>1170</posx>
	                        			<bordersize>18</bordersize>
							<width>126</width>
							<height>126</height>
							<aspectratio>keep</aspectratio>
							<texture colordiffuse="highlight">shape/dim180/circle.png</texture>
						</control>
						<control type="image">
	    						<posx>1296</posx>
	                        			<bordersize>18</bordersize>
							<width>396</width>
							<height>126</height>
							<aspectratio>keep</aspectratio>
							<texture colordiffuse="highlight">shape/dim180/longbean.png</texture>
						</control>
						<control type="image">
	    						<posx>1692</posx>
	                        			<bordersize>18</bordersize>
							<width>126</width>
							<height>126</height>
							<aspectratio>keep</aspectratio>
							<texture colordiffuse="highlight">shape/dim180/circle.png</texture>
						</control>
                			</focusedlayout>
					<content>
						<item id="0">
							<thumb />
						</item>
						<item id="1">
							<thumb />
						</item>
						<item id="2">
							<thumb />
						</item>
					</content>
                    		</control>
                    		<control type="wraplist" id="1904">
					<animation type="Conditional" condition="true">
            					<effect type="rotate" start="0" end="180" center="auto" time="0"/>
					</animation>
                			<autoscroll>true</autoscroll>
					<scrolltime tween="Linear">9000</scrolltime>
                    			<posy>378</posy>
	    				<posx>0</posx>
					<width>100%</width>
                   			<height>126</height>
					<enable>false</enable>
					<orientation>horizontal</orientation>
	    				<itemlayout width="1818" height="126">
						<control type="image">
	    						<posx>0</posx>
	                        			<bordersize>18</bordersize>
							<width>306</width>
							<height>126</height>
							<aspectratio>keep</aspectratio>
							<texture colordiffuse="highlight">shape/dim180/bean.png</texture>
						</control>
						<control type="image">
	    						<posx>306</posx>
	                        			<bordersize>18</bordersize>
							<width>126</width>
							<height>126</height>
							<aspectratio>keep</aspectratio>
							<texture colordiffuse="highlight">shape/dim180/circle.png</texture>
						</control>
						<control type="image">
	    						<posx>432</posx>
	                        			<bordersize>18</bordersize>
							<width>396</width>
							<height>126</height>
							<aspectratio>keep</aspectratio>
							<texture colordiffuse="highlight">shape/dim180/longbean.png</texture>
						</control>
						<control type="image">
	    						<posx>828</posx>
	                        			<bordersize>18</bordersize>
							<width>126</width>
							<height>126</height>
							<aspectratio>keep</aspectratio>
							<texture colordiffuse="highlight">shape/dim180/circle.png</texture>
						</control>
						<control type="image">
	    						<posx>954</posx>
	                        			<bordersize>18</bordersize>
							<width>216</width>
							<height>126</height>
							<aspectratio>keep</aspectratio>
							<texture colordiffuse="highlight">shape/dim180/pil.png</texture>
						</control>
						<control type="image">
	    						<posx>1170</posx>
	                        			<bordersize>18</bordersize>
							<width>126</width>
							<height>126</height>
							<aspectratio>keep</aspectratio>
							<texture colordiffuse="highlight">shape/dim180/circle.png</texture>
						</control>
						<control type="image">
	    						<posx>1296</posx>
	                        			<bordersize>18</bordersize>
							<width>396</width>
							<height>126</height>
							<aspectratio>keep</aspectratio>
							<texture colordiffuse="highlight">shape/dim180/longbean.png</texture>
						</control>
						<control type="image">
	    						<posx>1692</posx>
	                        			<bordersize>18</bordersize>
							<width>126</width>
							<height>126</height>
							<aspectratio>keep</aspectratio>
							<texture colordiffuse="highlight">shape/dim180/circle.png</texture>
						</control>
                			</itemlayout>
	    				<focusedlayout width="1818" height="126">
						<control type="image">
	    						<posx>0</posx>
	                        			<bordersize>18</bordersize>
							<width>306</width>
							<height>126</height>
							<aspectratio>keep</aspectratio>
							<texture colordiffuse="highlight">shape/dim180/bean.png</texture>
						</control>
						<control type="image">
	    						<posx>306</posx>
	                        			<bordersize>18</bordersize>
							<width>126</width>
							<height>126</height>
							<aspectratio>keep</aspectratio>
							<texture colordiffuse="highlight">shape/dim180/circle.png</texture>
						</control>
						<control type="image">
	    						<posx>432</posx>
	                        			<bordersize>18</bordersize>
							<width>396</width>
							<height>126</height>
							<aspectratio>keep</aspectratio>
							<texture colordiffuse="highlight">shape/dim180/longbean.png</texture>
						</control>
						<control type="image">
	    						<posx>828</posx>
	                        			<bordersize>18</bordersize>
							<width>126</width>
							<height>126</height>
							<aspectratio>keep</aspectratio>
							<texture colordiffuse="highlight">shape/dim180/circle.png</texture>
						</control>
						<control type="image">
	    						<posx>954</posx>
	                        			<bordersize>18</bordersize>
							<width>216</width>
							<height>126</height>
							<aspectratio>keep</aspectratio>
							<texture colordiffuse="highlight">shape/dim180/pil.png</texture>
						</control>
						<control type="image">
	    						<posx>1170</posx>
	                        			<bordersize>18</bordersize>
							<width>126</width>
							<height>126</height>
							<aspectratio>keep</aspectratio>
							<texture colordiffuse="highlight">shape/dim180/circle.png</texture>
						</control>
						<control type="image">
	    						<posx>1296</posx>
	                        			<bordersize>18</bordersize>
							<width>396</width>
							<height>126</height>
							<aspectratio>keep</aspectratio>
							<texture colordiffuse="highlight">shape/dim180/longbean.png</texture>
						</control>
						<control type="image">
	    						<posx>1692</posx>
	                        			<bordersize>18</bordersize>
							<width>126</width>
							<height>126</height>
							<aspectratio>keep</aspectratio>
							<texture colordiffuse="highlight">shape/dim180/circle.png</texture>
						</control>
                			</focusedlayout>
					<content>
						<item id="0">
							<thumb />
						</item>
						<item id="1">
							<thumb />
						</item>
						<item id="2">
							<thumb />
						</item>
					</content>
                    		</control>
                    		<control type="wraplist" id="1905">
                			<autoscroll>true</autoscroll>
					<scrolltime tween="Linear">8400</scrolltime>
                    			<posy>504</posy>
	    				<posx>0</posx>
					<width>100%</width>
                   			<height>126</height>
					<enable>false</enable>
					<orientation>horizontal</orientation>
	    				<itemlayout width="1944" height="126">
						<control type="image">
	    						<posx>0</posx>
	                        			<bordersize>18</bordersize>
							<width>126</width>
							<height>126</height>
							<aspectratio>keep</aspectratio>
							<texture colordiffuse="highlight">shape/dim180/circle.png</texture>
						</control>
						<control type="image">
	    						<posx>126</posx>
	                        			<bordersize>18</bordersize>
							<width>396</width>
							<height>126</height>
							<aspectratio>keep</aspectratio>
							<texture colordiffuse="highlight">shape/dim180/longbean.png</texture>
						</control>
						<control type="image">
	    						<posx>522</posx>
	                        			<bordersize>18</bordersize>
							<width>126</width>
							<height>126</height>
							<aspectratio>keep</aspectratio>
							<texture colordiffuse="highlight">shape/dim180/circle.png</texture>
						</control>
						<control type="image">
	    						<posx>648</posx>
	                        			<bordersize>18</bordersize>
							<width>306</width>
							<height>126</height>
							<aspectratio>keep</aspectratio>
							<texture colordiffuse="highlight">shape/dim180/bean.png</texture>
						</control>
						<control type="image">
	    						<posx>954</posx>
	                        			<bordersize>18</bordersize>
							<width>126</width>
							<height>126</height>
							<aspectratio>keep</aspectratio>
							<texture colordiffuse="highlight">shape/dim180/circle.png</texture>
						</control>
						<control type="image">
	    						<posx>1080</posx>
	                        			<bordersize>18</bordersize>
							<width>216</width>
							<height>126</height>
							<aspectratio>keep</aspectratio>
							<texture colordiffuse="highlight">shape/dim180/pil.png</texture>
						</control>
						<control type="image">
	    						<posx>1296</posx>
	                        			<bordersize>18</bordersize>
							<width>126</width>
							<height>126</height>
							<aspectratio>keep</aspectratio>
							<texture colordiffuse="highlight">shape/dim180/circle.png</texture>
						</control>
						<control type="image">
	    						<posx>1422</posx>
	                        			<bordersize>18</bordersize>
							<width>396</width>
							<height>126</height>
							<aspectratio>keep</aspectratio>
							<texture colordiffuse="highlight">shape/dim180/longbean.png</texture>
						</control>
						<control type="image">
	    						<posx>1818</posx>
	                        			<bordersize>18</bordersize>
							<width>126</width>
							<height>126</height>
							<aspectratio>keep</aspectratio>
							<texture colordiffuse="highlight">shape/dim180/circle.png</texture>
						</control>
                			</itemlayout>
	    				<focusedlayout width="1944" height="126">
						<control type="image">
	    						<posx>0</posx>
	                        			<bordersize>18</bordersize>
							<width>126</width>
							<height>126</height>
							<aspectratio>keep</aspectratio>
							<texture colordiffuse="highlight">shape/dim180/circle.png</texture>
						</control>
						<control type="image">
	    						<posx>126</posx>
	                        			<bordersize>18</bordersize>
							<width>396</width>
							<height>126</height>
							<aspectratio>keep</aspectratio>
							<texture colordiffuse="highlight">shape/dim180/longbean.png</texture>
						</control>
						<control type="image">
	    						<posx>522</posx>
	                        			<bordersize>18</bordersize>
							<width>126</width>
							<height>126</height>
							<aspectratio>keep</aspectratio>
							<texture colordiffuse="highlight">shape/dim180/circle.png</texture>
						</control>
						<control type="image">
	    						<posx>648</posx>
	                        			<bordersize>18</bordersize>
							<width>306</width>
							<height>126</height>
							<aspectratio>keep</aspectratio>
							<texture colordiffuse="highlight">shape/dim180/bean.png</texture>
						</control>
						<control type="image">
	    						<posx>954</posx>
	                        			<bordersize>18</bordersize>
							<width>126</width>
							<height>126</height>
							<aspectratio>keep</aspectratio>
							<texture colordiffuse="highlight">shape/dim180/circle.png</texture>
						</control>
						<control type="image">
	    						<posx>1080</posx>
	                        			<bordersize>18</bordersize>
							<width>216</width>
							<height>126</height>
							<aspectratio>keep</aspectratio>
							<texture colordiffuse="highlight">shape/dim180/pil.png</texture>
						</control>
						<control type="image">
	    						<posx>1296</posx>
	                        			<bordersize>18</bordersize>
							<width>126</width>
							<height>126</height>
							<aspectratio>keep</aspectratio>
							<texture colordiffuse="highlight">shape/dim180/circle.png</texture>
						</control>
						<control type="image">
	    						<posx>1422</posx>
	                        			<bordersize>18</bordersize>
							<width>396</width>
							<height>126</height>
							<aspectratio>keep</aspectratio>
							<texture colordiffuse="highlight">shape/dim180/longbean.png</texture>
						</control>
						<control type="image">
	    						<posx>1818</posx>
	                        			<bordersize>18</bordersize>
							<width>126</width>
							<height>126</height>
							<aspectratio>keep</aspectratio>
							<texture colordiffuse="highlight">shape/dim180/circle.png</texture>
						</control>
                			</focusedlayout>
					<content>
						<item id="0">
							<thumb />
						</item>
						<item id="1">
							<thumb />
						</item>
						<item id="2">
							<thumb />
						</item>
					</content>
                    		</control>
                    		<control type="wraplist" id="1906">
					<animation type="Conditional" condition="true">
            					<effect type="rotate" start="0" end="180" center="auto" time="0"/>
					</animation>
                			<autoscroll>true</autoscroll>
					<scrolltime tween="Linear">6500</scrolltime>
                    			<posy>630</posy>
	    				<posx>0</posx>
					<width>100%</width>
                   			<height>126</height>
					<enable>false</enable>
					<orientation>horizontal</orientation>
	    				<itemlayout width="1944" height="126">
						<control type="image">
	    						<posx>0</posx>
	                        			<bordersize>18</bordersize>
							<width>126</width>
							<height>126</height>
							<aspectratio>keep</aspectratio>
							<texture colordiffuse="highlight">shape/dim180/circle.png</texture>
						</control>
						<control type="image">
	    						<posx>126</posx>
	                        			<bordersize>18</bordersize>
							<width>396</width>
							<height>126</height>
							<aspectratio>keep</aspectratio>
							<texture colordiffuse="highlight">shape/dim180/longbean.png</texture>
						</control>
						<control type="image">
	    						<posx>522</posx>
	                        			<bordersize>18</bordersize>
							<width>126</width>
							<height>126</height>
							<aspectratio>keep</aspectratio>
							<texture colordiffuse="highlight">shape/dim180/circle.png</texture>
						</control>
						<control type="image">
	    						<posx>648</posx>
	                        			<bordersize>18</bordersize>
							<width>306</width>
							<height>126</height>
							<aspectratio>keep</aspectratio>
							<texture colordiffuse="highlight">shape/dim180/bean.png</texture>
						</control>
						<control type="image">
	    						<posx>954</posx>
	                        			<bordersize>18</bordersize>
							<width>126</width>
							<height>126</height>
							<aspectratio>keep</aspectratio>
							<texture colordiffuse="highlight">shape/dim180/circle.png</texture>
						</control>
						<control type="image">
	    						<posx>1080</posx>
	                        			<bordersize>18</bordersize>
							<width>216</width>
							<height>126</height>
							<aspectratio>keep</aspectratio>
							<texture colordiffuse="highlight">shape/dim180/pil.png</texture>
						</control>
						<control type="image">
	    						<posx>1296</posx>
	                        			<bordersize>18</bordersize>
							<width>126</width>
							<height>126</height>
							<aspectratio>keep</aspectratio>
							<texture colordiffuse="highlight">shape/dim180/circle.png</texture>
						</control>
						<control type="image">
	    						<posx>1422</posx>
	                        			<bordersize>18</bordersize>
							<width>396</width>
							<height>126</height>
							<aspectratio>keep</aspectratio>
							<texture colordiffuse="highlight">shape/dim180/longbean.png</texture>
						</control>
						<control type="image">
	    						<posx>1818</posx>
	                        			<bordersize>18</bordersize>
							<width>126</width>
							<height>126</height>
							<aspectratio>keep</aspectratio>
							<texture colordiffuse="highlight">shape/dim180/circle.png</texture>
						</control>
                			</itemlayout>
	    				<focusedlayout width="1944" height="126">
						<control type="image">
	    						<posx>0</posx>
	                        			<bordersize>18</bordersize>
							<width>126</width>
							<height>126</height>
							<aspectratio>keep</aspectratio>
							<texture colordiffuse="highlight">shape/dim180/circle.png</texture>
						</control>
						<control type="image">
	    						<posx>126</posx>
	                        			<bordersize>18</bordersize>
							<width>396</width>
							<height>126</height>
							<aspectratio>keep</aspectratio>
							<texture colordiffuse="highlight">shape/dim180/longbean.png</texture>
						</control>
						<control type="image">
	    						<posx>522</posx>
	                        			<bordersize>18</bordersize>
							<width>126</width>
							<height>126</height>
							<aspectratio>keep</aspectratio>
							<texture colordiffuse="highlight">shape/dim180/circle.png</texture>
						</control>
						<control type="image">
	    						<posx>648</posx>
	                        			<bordersize>18</bordersize>
							<width>306</width>
							<height>126</height>
							<aspectratio>keep</aspectratio>
							<texture colordiffuse="highlight">shape/dim180/bean.png</texture>
						</control>
						<control type="image">
	    						<posx>954</posx>
	                        			<bordersize>18</bordersize>
							<width>126</width>
							<height>126</height>
							<aspectratio>keep</aspectratio>
							<texture colordiffuse="highlight">shape/dim180/circle.png</texture>
						</control>
						<control type="image">
	    						<posx>1080</posx>
	                        			<bordersize>18</bordersize>
							<width>216</width>
							<height>126</height>
							<aspectratio>keep</aspectratio>
							<texture colordiffuse="highlight">shape/dim180/pil.png</texture>
						</control>
						<control type="image">
	    						<posx>1296</posx>
	                        			<bordersize>18</bordersize>
							<width>126</width>
							<height>126</height>
							<aspectratio>keep</aspectratio>
							<texture colordiffuse="highlight">shape/dim180/circle.png</texture>
						</control>
						<control type="image">
	    						<posx>1422</posx>
	                        			<bordersize>18</bordersize>
							<width>396</width>
							<height>126</height>
							<aspectratio>keep</aspectratio>
							<texture colordiffuse="highlight">shape/dim180/longbean.png</texture>
						</control>
						<control type="image">
	    						<posx>1818</posx>
	                        			<bordersize>18</bordersize>
							<width>126</width>
							<height>126</height>
							<aspectratio>keep</aspectratio>
							<texture colordiffuse="highlight">shape/dim180/circle.png</texture>
						</control>
                			</focusedlayout>
					<content>
						<item id="0">
							<thumb />
						</item>
						<item id="1">
							<thumb />
						</item>
						<item id="2">
							<thumb />
						</item>
					</content>
                    		</control>
              	 	</control>
			                <control type="fadelabel">
                    			<posy>756</posy>
				                  <width>auto</width>
                       	    <height>180</height>
                        	    <font>Font144Regular</font>
                        	    <textcolor>highlight</textcolor>
                          	 <shadowcolor></shadowcolor>
				                  <label>$INFO[Player.Title] • $INFO[Player.Title] • $INFO[Player.Title] • $INFO[Player.Title] • $INFO[Player.Title] • $INFO[Player.Title] • $INFO[Player.Title] • $INFO[Player.Title] • $INFO[Player.Title] • $INFO[Player.Title]</label>
		                   </control>
			                <control type="fadelabel">
                    			<posy>900</posy>
				                  <width>auto</width>
                       	    <height>180</height>
                        	    <font>Font144Regular</font>
                        	    <textcolor>highlight</textcolor>
                          	 <shadowcolor></shadowcolor>
				                  <label>$INFO[MusicPlayer.Artist]$INFO[MusicPlayer.Album, • ,]$INFO[MusicPlayer.Genre, • ,]$INFO[MusicPlayer.Year, • ,]$INFO[MusicPlayer.Artist, • ,]$INFO[MusicPlayer.Album, • ,]$INFO[MusicPlayer.Genre, • ,]$INFO[MusicPlayer.Year]</label>
		                   </control>
					<control type="label">
						<right>324</right>
						<bottom>0</bottom>
						<width>480</width>
						<align>right</align>
                       	 			<height>144</height>
                        			<font>Font96Bold</font>
                        			<textcolor>FFFFFFFF</textcolor>
						<aligny>center</aligny>
                        			<shadowcolor></shadowcolor>
						<label>$INFO[Player.Time]</label>
					</control>
					<control type="label">
						<right>0</right>
                				<bottom>72</bottom>
						<width>324</width>
                       	 			<height>20</height>
                        			<font>Font72Bold</font>
                        			<textcolor>FFFFFFFF</textcolor>
						<aligny>center</aligny>
                        			<shadowcolor></shadowcolor>
						<label>$INFO[Player.Duration]</label>
					</control>
               	</control>




		<!--Preset Circular Blur-->
		<control type="group">
			<visible>Integer.IsEven(MusicPlayer.PlaylistPosition)</visible>
			<include>fadeInOutVisible</include>
			<control type="group">
				<control type="image">
   	 				<posx>-512</posx>
    					<posy>-512</posy>
    					<width>512</width>
    					<height>512</height>
    					<texture colordiffuse="sorotbright">masks/circularblur.png</texture>
					<animation type="Conditional" condition="true" loop="true">
            					<effect type="slide" start="0,0" end="512,512" tween="linear" time="2000"/>
            					<effect type="slide" end="2160,512" tween="linear" time="10000" delay="2000"/>
            					<effect type="slide" end="-2160,216" tween="linear" time="10000" delay="12000"/>
            					<effect type="slide" end="-512,720" tween="linear" time="2000" delay="22000"/>
					</animation>
				</control>
				<control type="image">
   	 				<posx>2880</posx>
    					<posy>-512</posy>
    					<width>512</width>
    					<height>512</height>
    					<texture colordiffuse="sorotdark">masks/circularblur.png</texture>
					<animation type="Conditional" condition="true" loop="true">
            					<effect type="slide" start="0,0" end="0,512" tween="linear" time="2000"/>
            					<effect type="slide" end="-512,1440" tween="linear" time="10000" delay="2000"/>
            					<effect type="slide" end="-720,-1440" tween="linear" time="10000" delay="12000"/>
            					<effect type="slide" end="-512,720" tween="linear" time="5000" delay="22000"/>
            					<effect type="slide" end="-512,720" tween="linear" time="5000" delay="27000"/>
            					<effect type="slide" end="-720,-1440" tween="linear" time="10000" delay="32000"/>
					</animation>
				</control>
				<control type="image">
   	 				<posx>-720</posx>
    					<posy>-720</posy>
    					<width>720</width>
    					<height>720</height>
    					<texture colordiffuse="sorotan">masks/circularblur.png</texture>
					<animation type="Conditional" condition="true" loop="true">
            					<effect type="slide" start="0,0" end="3360,2520" tween="linear" time="28000"/>
					</animation>
				</control>
				<control type="image">
   	 				<posx>1080</posx>
    					<posy>-512</posy>
    					<width>512</width>
    					<height>512</height>
    					<texture>masks/circularblur.png</texture>
					<animation type="Conditional" condition="true" loop="true">
            					<effect type="slide" start="0,0" end="-1220,2160" tween="linear" time="10000" delay="5000"/>
					</animation>
				</control>
				<control type="image">
   	 				<posx>540</posx>
    					<posy>-512</posy>
    					<width>512</width>
    					<height>512</height>
    					<texture colordiffuse="FFFF0000">masks/circularblur.png</texture>
					<animation type="Conditional" condition="true" loop="true">
            					<effect type="slide" start="0,0" end="720,2160" tween="linear" time="10000" delay="8000"/>
					</animation>
				</control>
				<control type="image">
   	 				<posx>360</posx>
    					<posy>1600</posy>
    					<width>512</width>
    					<height>512</height>
    					<texture colordiffuse="FF0000FF">masks/circularblur.png</texture>
					<animation type="Conditional" condition="true" loop="true">
            					<effect type="slide" start="0,0" end="540,-2160" tween="linear" time="10000" delay="0"/>
            					<effect type="slide" end="792,2160" tween="linear" time="10000" delay="10000"/>
					</animation>
				</control>
				<control type="image">
   	 				<posx>3360</posx>
    					<posy>1600</posy>
    					<width>512</width>
    					<height>512</height>
    					<texture colordiffuse="FF00FF00">masks/circularblur.png</texture>
					<animation type="Conditional" condition="true" loop="true">
            					<effect type="slide" start="0,0" end="-720,-512" tween="linear" time="7000"/>
            					<effect type="slide" end="-3880,-720" tween="linear" time="24000" delay="6800"/>
					</animation>
				</control>
				<control type="image">
   	 				<posx>-540</posx>
    					<posy>1080</posy>
    					<width>540</width>
    					<height>540</height>
    					<texture colordiffuse="FFFFFF00">masks/circularblur.png</texture>
					<animation type="Conditional" condition="true" loop="true">
            					<effect type="slide" start="0,0" end="720,-1540" tween="linear" time="3000"/>
            					<effect type="slide" end="2880,-2080" tween="linear" time="12000" delay="2800"/>
					</animation>
				</control>
				<control type="image">
   	 				<posx>2532</posx>
    					<posy>-612</posy>
    					<width>612</width>
    					<height>612</height>
    					<texture colordiffuse="FF00FFFF">masks/circularblur.png</texture>
					<animation type="Conditional" condition="true" loop="true">
            					<effect type="slide" start="0,0" end="-2280,1800" tween="linear" time="9800"/>
            					<effect type="slide" end="-2080,-2100" tween="linear" time="11000" delay="9600"/>
					</animation>
				</control>
				<control type="image">
   	 				<posx>100%</posx>
    					<posy>-612</posy>
    					<width>612</width>
    					<height>612</height>
    					<texture colordiffuse="FFFF00FF">masks/circularblur.png</texture>
					<animation type="Conditional" condition="true" loop="true">
            					<effect type="slide" start="0,0" end="-2440,1800" tween="linear" time="12000"/>
            					<effect type="slide" end="-1080,-3880" tween="linear" time="15000" delay="11900"/>
					</animation>
				</control>
				<control type="image">
   	 				<posx>0</posx>
    					<posy>-720</posy>
    					<width>720</width>
    					<height>720</height>
    					<texture>masks/circularblur.png</texture>
					<animation type="Conditional" condition="true" loop="true">
            					<effect type="slide" start="0,0" end="1440,1800" tween="linear" time="14000"/>
            					<effect type="slide" end="1080,-3880" tween="linear" time="16000" delay="13900"/>
					</animation>
				</control>
				<control type="image">
   	 				<posx>-540</posx>
    					<posy>0</posy>
    					<width>540</width>
    					<height>540</height>
    					<texture colordiffuse="FFFFA500">masks/circularblur.png</texture>
					<animation type="Conditional" condition="true" loop="true">
            					<effect type="slide" start="0,0" end="5400,1800" tween="linear" time="25000"/>
					</animation>
				</control>
				<control type="image">
   	 				<posx>-540</posx>
    					<posy>1600</posy>
    					<width>540</width>
    					<height>540</height>
    					<texture colordiffuse="FFFFC0CB">masks/circularblur.png</texture>
					<animation type="Conditional" condition="true" loop="true">
            					<effect type="slide" start="0,0" end="3200,-2520" tween="linear" time="17000"/>
					</animation>
				</control>
				<control type="image">
   	 				<posx>-540</posx>
    					<posy>540</posy>
    					<width>540</width>
    					<height>540</height>
    					<texture colordiffuse="FF800080">masks/circularblur.png</texture>
					<animation type="Conditional" condition="true" loop="true">
            					<effect type="slide" start="0,0" end="4800,1620" tween="linear" time="14000"/>
					</animation>
				</control>
				<control type="image">
   	 				<posx>1600</posx>
    					<posy>1600</posy>
    					<width>480</width>
    					<height>480</height>
    					<texture colordiffuse="FFA52A2A">masks/circularblur.png</texture>
					<animation type="Conditional" condition="true" loop="true">
            					<effect type="slide" start="0,0" end="-1080,-2520" tween="linear" time="15000"/>
					</animation>
				</control>
				<control type="image">
   	 				<right>0</right>
    					<posy>-612</posy>
    					<width>612</width>
    					<height>612</height>
    					<texture colordiffuse="overlay">masks/circularblur.png</texture>
					<animation type="Conditional" condition="true" loop="true">
            					<effect type="slide" start="0,0" end="-2280,1800" tween="linear" time="9800"/>
            					<effect type="slide" end="-2080,-2100" tween="linear" time="11000" delay="9600"/>
					</animation>
				</control>
              	 	</control>
               	</control>
	</include>

</includes>
