<?xml version="1.0" encoding="UTF-8"?>
<includes>
	<include name="HomeLayout">
		<control type="image">
			<visible>![Control.HasFocus(9001) | Control.HasFocus(9505) | Control.HasFocus(9510) | Control.HasFocus(9515) | Control.HasFocus(9520) | Control.HasFocus(9521) | Control.HasFocus(9522) | Control.HasFocus(9523)] + !System.IdleTime(60)</visible>
			<include condition="!Skin.HasSetting(NoAnimationInSkin)">fadeInOutVisible</include>
			<include>dimensionsFullscreen</include>
			<texture>colors/black.png</texture>
			<colordiffuse>80FFFFFF</colordiffuse>
		</control>
		<control type="grouplist" description="Main" id="9999">
					<include condition="!Skin.HasSetting(NoAnimationInSkin)">SlideFadeDownTwoWayFast</include>
			<animation type="conditional" condition="System.IdleTime(60)">
				<effect type="fade" start="100" end="10" time="180" delay="0"/>
			</animation>
			<left>0</left>
			<right>-64</right>
			<top>0</top>
			<bottom>0</bottom>
			<itemgap>-216</itemgap>
			<defaultcontrol>9001</defaultcontrol>
			<scrolltime tween="cubic" easing="out">500</scrolltime>
			<orientation>vertical</orientation>
			<usecontrolcoords>true</usecontrolcoords>
			<onup>20000</onup>
			<ondown>20001</ondown>
			<onleft>noop</onleft>
			<onright>noop</onright>
			<align>left</align>
			<control type="group" id="9000">
				<height>1080</height>
				<control type="group">
					<left>90</left>
					<bottom>180</bottom>
					<control type="label">
						<bottom>540</bottom>
						<font>Font180Medium</font>
						<height>180</height>
						<aligny>center</aligny>
						<align>left</align>
						<textcolor>FFFFFFFF</textcolor>
						<label>$INFO[System.Time]</label>
					</control>
					<control type="label">
						<bottom>504</bottom>
						<font>Font36Medium</font>
						<height>36</height>
						<aligny>center</aligny>
						<align>left</align>
						<textcolor>FFFFFFFF</textcolor>
						<textoffsetx>8</textoffsetx>
						<label>$INFO[System.Date]</label>
					</control>
				</control>
				<control type="grouplist" id="9599">
					<animation effect="slide" start="0,0" end="0,54" time="180" condition="Window.isActive(volumebar)">Conditional</animation>
					<right>128</right>
					<top>54</top>
					<bottom>180</bottom>
					<width>468</width>
					<itemgap>8</itemgap>
					<onup>20000</onup>
					<ondown>9001</ondown>
					<onleft>noop</onleft>
					<onright>noop</onright>
					<control type="group">
						<width>468</width>
						<height>72</height>
						<control type="button" id="9505">
							<height>72</height>
							<onleft>noop</onleft>
							<onright>noop</onright>
							<onup>noop</onup>
							<ondown>9510</ondown>
							<onfocus>Skin.SetString(HideStatusBaronHome,1)</onfocus>
							<onunfocus>Skin.Reset(HideStatusBaronHome)</onunfocus>
							<onclick>Control.SetFocus(95050)</onclick>
						</control>
						<include content="ModelListHorizontalRounded">
							<param name="modelkey_size" value="72"/>
							<param name="modelkey_color" value="80000000"/>
							<param name="dimensionkey_size" value="dim72"/>
						</include>
						<control type="label">
							<left>18</left>
							<posy>18</posy>
							<width>36</width>
							<height>36</height>
							<font>symbolSize36</font>
							<textcolor>textActive</textcolor>
							<aligny>center</aligny>
							<label></label>
						</control>
						<control type="label">
							<left>72</left>
							<right>72</right>
							<posy>9</posy>
							<height>54</height>
							<font>Font36Bold</font>
							<textcolor>textActive</textcolor>
							<aligny>center</aligny>
							<label>$LOCALIZE[137]</label>
						</control>
						<control type="grouplist" id="95050">
							<posy>9</posy>
							<right>18</right>
							<width>216</width>
							<height>54</height>
							<itemgap>9</itemgap>
							<align>right</align>
							<orientation>horizontal</orientation>
							<control type="button" id="95051">
								<width>54</width>
								<height>54</height>
								<font>symbolSize30</font>
								<textoffsetx>0</textoffsetx>
								<textcolor>textActive</textcolor>
								<aligny>center</aligny>
								<align>center</align>
								<label></label>
								<onleft>noop</onleft>
								<onright>95052</onright>
								<onup>noop</onup>
								<ondown>9510</ondown>
								<onfocus>Skin.SetString(HideStatusBaronHome,1)</onfocus>
								<onunfocus>Skin.Reset(HideStatusBaronHome)</onunfocus>
                                <onclick condition="System.AddonIsEnabled(script.globalsearch)">RunScript(script.globalsearch)</onclick>
                                <onclick condition="System.HasAddon(script.globalsearch) + !System.AddonIsEnabled(script.globalsearch)">EnableAddon(script.globalsearch)</onclick>
                                <onclick condition="!System.HasAddon(script.globalsearch)">InstallAddon(script.globalsearch)</onclick>
							</control>
							<control type="button" id="95052">
								<width>54</width>
								<height>54</height>
								<font>symbolSize30</font>
								<textoffsetx>0</textoffsetx>
								<textcolor>textActive</textcolor>
								<aligny>center</aligny>
								<align>center</align>
								<label></label>
								<onleft>95051</onleft>
								<onright>95053</onright>
								<onup>noop</onup>
								<ondown>9510</ondown>
								<onfocus>Skin.SetString(HideStatusBaronHome,1)</onfocus>
								<onunfocus>Skin.Reset(HideStatusBaronHome)</onunfocus>
                                <onclick>ActivateWindow(addonbrowser,addons://search/,return)</onclick>
							</control>
							<control type="button" id="95053">
								<width>54</width>
								<height>54</height>
								<font>symbolSize30</font>
								<textcolor>textActive</textcolor>
								<textoffsetx>0</textoffsetx>
								<aligny>center</aligny>
								<align>center</align>
								<label></label>
								<onleft>95052</onleft>
								<onright>noop</onright>
								<onup>noop</onup>
								<ondown>9510</ondown>
								<onfocus>Skin.SetString(HideStatusBaronHome,1)</onfocus>
								<onunfocus>Skin.Reset(HideStatusBaronHome)</onunfocus>
                                <onclick condition="System.AddonIsEnabled(plugin.video.youtube)">ActivateWindow(videos,"plugin://plugin.video.youtube/kodion/search/list/",return)</onclick>
                                <onclick condition="System.HasAddon(plugin.video.youtube) + !System.AddonIsEnabled(plugin.video.youtube)">EnableAddon(plugin.video.youtube)</onclick>
                                <onclick condition="!System.HasAddon(plugin.video.youtube)">InstallAddon(plugin.video.youtube)</onclick>
							</control>
						</control>
					</control>
					<control type="group">
						<visible>!Skin.HasSetting(disableWeather)</visible>
						<visible>!String.isEmpty(Weather.Location)</visible>
						<width>468</width>
						<height>72</height>
						<control type="button" id="9510">
							<height>72</height>
							<onleft>noop</onleft>
							<onright>noop</onright>
							<onup>9505</onup>
							<ondown>9515</ondown>
							<onfocus>Skin.SetString(HideStatusBaronHome,1)</onfocus>
							<onunfocus>Skin.Reset(HideStatusBaronHome)</onunfocus>
							<onclick>ActivateWindow(Weather)</onclick>
						</control>
						<include content="ModelListHorizontalRounded">
							<param name="modelkey_size" value="72"/>
							<param name="modelkey_color" value="80000000"/>
							<param name="dimensionkey_size" value="dim72"/>
						</include>
						<control type="label">
							<left>18</left>
							<posy>18</posy>
							<width>24</width>
							<height>36</height>
							<font>symbolSize24</font>
							<textcolor>textActive</textcolor>
							<aligny>center</aligny>
							<label></label>
						</control>
						<control type="label">
							<left>54</left>
							<right>72</right>
							<posy>9</posy>
							<height>24</height>
							<font>Font22Bold</font>
							<textcolor>textActive</textcolor>
							<aligny>center</aligny>
							<label>$LOCALIZE[12600]$INFO[Window(weather).Property(Location), - ,]</label>
						</control>
						<control type="label">
							<left>54</left>
							<right>72</right>
							<posy>36</posy>
							<height>28</height>
							<font>Font24Medium</font>
							<textcolor>textActive</textcolor>
							<aligny>center</aligny>
							<label>[B]$INFO[Weather.Temperature][/B]$INFO[Weather.Conditions,(,)]</label>
						</control>
						<control type="image">
							<right>9</right>
							<bottom>9</bottom>
							<width>54</width>
							<height>54</height>
							<texture>$INFO[Window(weather).Property(Current.ConditionIcon)]</texture>
							<colordiffuse>FFFFFFFF</colordiffuse>
						</control>
					</control>
					<control type="group">
						<visible>Player.HasMedia</visible>
						<width>468</width>
						<height>180</height>
						<control type="button" id="9515">
							<height>180</height>
							<onleft>noop</onleft>
							<onright>noop</onright>
							<onup>9510</onup>
							<ondown>9520</ondown>
							<onfocus>Skin.SetString(HideStatusBaronHome,1)</onfocus>
							<onunfocus>Skin.Reset(HideStatusBaronHome)</onunfocus>
							<onclick>ActivateWindow(PlayerControls)</onclick>
						</control>
						<include content="ModelDialogRounded">
							<param name="modelkey_size" value="72"/>
							<param name="modelkey_color" value="80000000"/>
							<param name="dimensionkey_size" value="dim72"/>
						</include>
						<control type="label">
							<left>18</left>
							<posy>18</posy>
							<width>24</width>
							<height>24</height>
							<font>symbolSize24</font>
							<textcolor>textActive</textcolor>
							<aligny>center</aligny>
							<label>$VAR[IconMediaNotif]</label>
						</control>
						<control type="label">
							<left>54</left>
							<posy>18</posy>
							<height>24</height>
							<font>Font22Bold</font>
							<textcolor>textActive</textcolor>
							<aligny>center</aligny>
							<label>$VAR[MediaDumWatermarkContent]</label>
						</control>
						<control type="label">
							<left>144</left>
							<right>18</right>
							<posy>64</posy>
							<height>28</height>
							<font>Font24Medium</font>
							<textcolor>textActive</textcolor>
							<aligny>center</aligny>
							<label>$VAR[TitleMediaNotif]</label>
						</control>
						<control type="label">
							<left>144</left>
							<right>18</right>
							<posy>96</posy>
							<height>24</height>
							<font>Font20Medium</font>
							<textcolor>textActive</textcolor>
							<aligny>center</aligny>
							<label>$VAR[SubTitleMediaNotif]</label>
						</control>
						<control type="progress">
							<description>Progress Bar</description>
							<left>144</left>
							<right>18</right>
							<bottom>18</bottom>
							<height>18</height>
							<texturebg colordiffuse="sorotdark" border="9">shape/dim90/roundedsquare.png</texturebg>
							<midtexture colordiffuse="80000000" border="9">shape/dim90/roundedsquare.png</midtexture>
							<info>player.progress</info>
						</control>
						<control type="label">
							<left>144</left>
							<right>18</right>
							<bottom>18</bottom>
							<height>18</height>
							<font>Font16Bold</font>
							<textcolor>80FFFFFF</textcolor>
							<aligny>center</aligny>
							<textoffsetx>8</textoffsetx>
							<label>$INFO[Player.Time]$INFO[Player.Duration, / ,]</label>
						</control>
						<control type="image">
							<left>18</left>
							<bottom>18</bottom>
							<width>108</width>
							<height>108</height>
							<aspectratio scalediffuse="false">scale</aspectratio>
							<texture fallback="DefaultAlbumCover.png" diffuse="shape/dim108/roundedsquare.png">$INFO[Player.Art(thumb)]</texture>
							<colordiffuse>FFFFFFFF</colordiffuse>
						</control>
					</control>
					<control type="group">
						<visible>Player.HasVideo</visible>
						<width>468</width>
						<height>266</height>
						<control type="group">
							<right>0</right>
							<posy>0</posy>
							<width>468</width>
							<height>266</height>
							<include content="ModelDialogRounded">
								<param name="modelkey_size" value="144"/>
								<param name="modelkey_color" value="black"/>
								<param name="dimensionkey_size" value="dim144"/>
							</include>
						</control>
						<control type="group">
							<right>4</right>
							<posy>4</posy>
							<width>460</width>
							<height>258</height>
							<control type="image">
								<right>0</right>
								<posy>0</posy>
								<width>460</width>
								<height>258</height>
								<aspectratio>stretch</aspectratio>
								<texture>colors/black.png</texture>
								<bordersize>0</bordersize>
							</control>
							<control type="videowindow">
								<right>0</right>
								<posy>0</posy>
								<width>460</width>
								<height>258</height>
							</control>
							<control type="group">
								<right>0</right>
								<posy>0</posy>
								<width>460</width>
								<height>258</height>
								<include content="MiniModelBorderAllRounded">
									<param name="modelkey_size" value="10"/>
									<param name="modelkey_color" value="black"/>
								</include>
							</control>
						</control>
					</control>
					<control type="group">
						<visible>System.HasMediaDVD</visible>
						<width>468</width>
						<height>145</height>
						<control type="button" id="9520">
							<height>145</height>
							<onleft>9511</onleft>
							<onright>noop</onright>
							<onup>9515</onup>
							<ondown>9001</ondown>
							<onfocus>Skin.SetString(HideStatusBaronHome,1)</onfocus>
							<onunfocus>Skin.Reset(HideStatusBaronHome)</onunfocus>
							<onclick>Control.SetFocus(9521)</onclick>
						</control>
						<include content="ModelDialogRounded">
							<param name="modelkey_size" value="72"/>
							<param name="modelkey_color" value="80000000"/>
							<param name="dimensionkey_size" value="dim72"/>
						</include>
						<control type="button" id="9523">
							<posy>18</posy>
							<right>18</right>
							<description>EjectTray</description>
							<width max="252">auto</width>
							<height>24</height>
							<align>right</align>
							<label>$LOCALIZE[13391]</label>
							<font>Font18Medium</font>
							<onleft>9511</onleft>
							<onright>noop</onright>
							<onup>9515</onup>
							<ondown>9522</ondown>
							<onfocus>Skin.SetString(HideStatusBaronHome,1)</onfocus>
							<onunfocus>Skin.Reset(HideStatusBaronHome)</onunfocus>
							<onclick>EjectTray()</onclick>
						</control>
						<control type="label">
							<left>18</left>
							<posy>18</posy>
							<width>24</width>
							<height>24</height>
							<font>symbolSize24</font>
							<textcolor>textActive</textcolor>
							<aligny>center</aligny>
							<label></label>
						</control>
						<control type="label">
							<left>54</left>
							<posy>18</posy>
							<height>24</height>
							<font>Font22Bold</font>
							<textcolor>textActive</textcolor>
							<aligny>center</aligny>
							<label>$LOCALIZE[427]</label>
						</control>
						<control type="label">
							<left>18</left>
							<right>18</right>
							<posy>54</posy>
							<height>24</height>
							<font>Font24Medium</font>
							<textcolor>textActive</textcolor>
							<aligny>center</aligny>
							<label>$INFO[System.DVDLabel]</label>
						</control>
						<control type="button" id="9521">
							<description>PlayDisc</description>
							<left>18</left>
							<bottom>18</bottom>
							<width>234</width>
							<height>36</height>
							<label>$LOCALIZE[341]</label>
							<font>Font22Medium</font>
							<onleft>noop</onleft>
							<onright>9522</onright>
							<onup>9523</onup>
							<ondown>9001</ondown>
							<onfocus>Skin.SetString(HideStatusBaronHome,1)</onfocus>
							<onunfocus>Skin.Reset(HideStatusBaronHome)</onunfocus>
							<onclick>PlayDisc</onclick>
						</control>
						<control type="button" id="9522">
							<visible>System.HasMediaAudioCD</visible>
							<description>RipCD</description>
							<left>252</left>
							<bottom>18</bottom>
							<width>198</width>
							<height>36</height>
							<label>$LOCALIZE[600]</label>
							<font>Font22Medium</font>
							<onleft>9521</onleft>
							<onright>noop</onright>
							<onup>9523</onup>
							<ondown>9001</ondown>
							<onfocus>Skin.SetString(HideStatusBaronHome,1)</onfocus>
							<onunfocus>Skin.Reset(HideStatusBaronHome)</onunfocus>
							<onclick>RipCD</onclick>
						</control>
					</control>
				</control>
				<control type="fixedlist" id="9001">
					<left>-202</left>
					<right>-64</right>
					<bottom>54</bottom>
					<height>180</height>
					<onleft>noop</onleft>
					<onright>noop</onright>
					<onup>9599</onup>
					<ondown>9011</ondown>
					<onfocus>Skin.SetString(HideStatusBaronHome,1)</onfocus>
					<onunfocus>Skin.Reset(HideStatusBaronHome)</onunfocus>
					<focusposition>1</focusposition>
					<orientation>horizontal</orientation>
					<scrolltime easing="out" tween="sine">240</scrolltime>
					<itemlayout width="306" height="180">
						<control type="group">
							<animation type="conditional" condition="true">
								<effect type="zoom" start="100" end="90" center="0,90" time="0"/>
							</animation>
							<posx>0</posx>
							<posy>0</posy>
							<width>320</width>
							<height>180</height>
							<control type="image">
								<width>320</width>
								<height>180</height>
								<texture>shape/dim180/roundedlandscape.png</texture>
								<colordiffuse>sorotdark</colordiffuse>
								<aspectratio scalediffuse="false">scale</aspectratio>
							</control>
							<control type="image">
								<right>0</right>
								<bottom>0</bottom>
								<width>144</width>
								<height>144</height>
								<texture>$INFO[ListItem.icon]</texture>
								<colordiffuse>80FFFFFF</colordiffuse>
								<bordersize>0</bordersize>
								<aspectratio>keep</aspectratio>
							</control>
							<control type="label">
								<visible>String.isEmpty(ListItem.icon)</visible>
								<right>0</right>
								<bottom>0</bottom>
								<width>144</width>
								<height>144</height>
								<align>center</align>
								<font>symbolSize108</font>
								<textoffsetx>0</textoffsetx>
								<textcolor>80FFFFFF</textcolor>
								<label>$INFO[ListItem.Label2]</label>
							</control>
							<control type="textbox">
								<posx>18</posx>
								<posy>18</posy>
								<width>306</width>
								<height>144</height>
								<align>left</align>
								<aligny>top</aligny>
								<font>Font54Bold</font>
								<textcolor>textActive</textcolor>
								<label>$INFO[ListItem.Label]</label>
							</control>
						</control>
					</itemlayout>
					<focusedlayout width="338" height="180">
						<control type="group">
							<animation type="Focus">
								<effect type="zoom" start="90" end="100" center="0,90" easing="out" time="180" tween="cubic"/>
							</animation>
							<animation type="UnFocus">
								<effect type="zoom" start="100" end="90" center="0,90" easing="out" time="180" tween="cubic"/>
							</animation>
							<posx>0</posx>
							<posy>0</posy>
							<width>320</width>
							<height>180</height>
							<control type="image">
								<width>320</width>
								<height>180</height>
								<texture>shape/dim180/roundedlandscape.png</texture>
								<colordiffuse>sorotdark</colordiffuse>
							</control>
							<control type="image">
								<include condition="!Skin.HasSetting(NoAnimationInSkin)">FocusedItemFade</include>
								<width>320</width>
								<height>180</height>
								<texture>shape/dim180/roundedlandscape.png</texture>
								<colordiffuse>80000000</colordiffuse>
							</control>
							<control type="image">
								<right>0</right>
								<bottom>0</bottom>
								<width>144</width>
								<height>144</height>
								<texture>$INFO[ListItem.icon]</texture>
								<colordiffuse>80FFFFFF</colordiffuse>
								<bordersize>0</bordersize>
								<aspectratio>keep</aspectratio>
							</control>
							<control type="label">
								<visible>String.isEmpty(ListItem.icon)</visible>
								<right>0</right>
								<bottom>0</bottom>
								<width>144</width>
								<height>144</height>
								<align>center</align>
								<font>symbolSize108</font>
								<textoffsetx>0</textoffsetx>
								<textcolor>80FFFFFF</textcolor>
								<label>$INFO[ListItem.Label2]</label>
							</control>
							<control type="textbox">
								<posx>18</posx>
								<posy>18</posy>
								<width>306</width>
								<height>144</height>
								<align>left</align>
								<aligny>top</aligny>
								<font>Font54Bold</font>
								<textcolor>textActive</textcolor>
								<label>$INFO[ListItem.Label]</label>
							</control>
						</control>
					</focusedlayout>
					<content>
						<item id="0">
							<visible>!Skin.HasSetting(disableFavourites)</visible>
							<label>$LOCALIZE[1036]</label>
							<label2></label2>
							<icon>Cakra/Favourites.png</icon>
							<thumb/>
							<property name="status">off</property>
							<property name="VerTitle">favorit</property>
							<onclick>ActivateWindow(favouritesbrowser)</onclick>
						</item>
						<item id="1">
							<visible>!Skin.HasSetting(disableMovies)</visible>
							<property name="id">$NUMBER[2]</property>
							<label>$LOCALIZE[342]</label>
							<label2></label2>
							<icon>Cakra/Movies.png</icon>
							<property name="iconmini"/>
							<property name="nowplaying">$INFO[VideoPlayer.Title]</property>
							<property name="secnowplaying">$INFO[VideoPlayer.Year]</property>
							<property name="VerTitle">film</property>
							<property name="RecomTitle">$INFO[Container(500188).ListItem.Title]</property>
							<visible>[Library.HasContent(Movies)]</visible>
							<onclick>ActivateWindow(videos,videodb://movies/,return)</onclick>
						</item>
						<item id="2">
							<visible>!Skin.HasSetting(disableTVShows)</visible>
							<property name="id">$NUMBER[3]</property>
							<label>$LOCALIZE[20343]</label>
							<label2></label2>
							<icon>Cakra/TVShows.png</icon>
							<property name="iconmini"/>
							<property name="nowplaying">$INFO[VideoPlayer.Title]</property>
							<property name="secnowplaying">$INFO[VideoPlayer.TVShowTitle]</property>
							<property name="VerTitle">acaratv</property>
							<property name="RecomTitle">$INFO[Container(500187).ListItem.Title]</property>
							<visible>[Library.HasContent(TVShows)] + [Library.HasContent(TVshows)]</visible>
							<onclick>ActivateWindow(videos,videodb://tvshows/,return)</onclick>
						</item>
						<item id="3">
							<visible>!Skin.HasSetting(disableMusicVideos)</visible>
							<property name="id">$NUMBER[4]</property>
							<label>$LOCALIZE[20389]</label>
							<label2></label2>
							<icon>Cakra/MusicVideos.png</icon>
							<property name="iconmini"/>
							<property name="nowplaying">$INFO[VideoPlayer.Title]</property>
							<property name="secnowplaying">$INFO[VideoPlayer.Artist]</property>
							<property name="VerTitle">videomusik</property>
							<property name="RecomTitle">$INFO[Container(500189).ListItem.Title]</property>
							<visible>[Library.HasContent(MusicVideos)] + [Library.HasContent(MusicVideos)]</visible>
							<onclick>ActivateWindow(videos,videodb://musicvideos/,return)</onclick>
						</item>
						<item id="4">
							<visible>!Skin.HasSetting(disableMedia)</visible>
							<property name="id">$NUMBER[6]</property>
							<label>$LOCALIZE[2]</label>
							<label2></label2>
							<icon>Cakra/Music.png</icon>
							<property name="iconmini"></property>
							<property name="nowplaying">$INFO[MusicPlayer.Title]</property>
							<property name="secnowplaying">$INFO[MusicPlayer.Artist]</property>
							<property name="VerTitle">musik</property>
							<property name="RecomTitle">$INFO[Container(500199).ListItem.Title]</property>
							<visible>Library.HasContent(Music)</visible>
							<onclick>ActivateWindow(Music,library://music/,return)</onclick>
						</item>
						<item id="5">
							<visible>!Skin.HasSetting(disablePictures)</visible>
							<property name="id">$NUMBER[7]</property>
							<label>$LOCALIZE[1]</label>
							<label2></label2>
							<icon>Cakra/Pictures.png</icon>
							<thumb/>
							<property name="VerTitle">gambar</property>
							<property name="status">off</property>
							<onclick>ActivateWindow(Pictures)</onclick>
						</item>
						<item id="6">
							<visible>!Skin.HasSetting(disableGames)</visible>
							<property name="id">$NUMBER[10]</property>
							<label>$LOCALIZE[10821]</label>
							<label2></label2>
							<icon>Cakra/Games.png</icon>
							<thumb/>
							<property name="VerTitle">gim</property>
							<property name="status">off</property>
							<onclick>ActivateWindow(games)</onclick>
						</item>
						<item id="7">
							<visible>!Skin.HasSetting(disableTV)</visible>
							<property name="id">$NUMBER[8]</property>
							<label>$LOCALIZE[19020]</label>
							<label2></label2>
							<icon>Cakra/LiveTV.png</icon>
							<thumb/>
							<property name="iconmini"/>
							<property name="VerTitle">pvr</property>
							<visible>[System.HasPVRAddon] + PVR.HasTVChannels</visible>
							<onclick>ActivateWindow(TVChannels)</onclick>
						</item>
						<item id="8">
							<visible>!Skin.HasSetting(disableRadio)</visible>
							<property name="id">$NUMBER[8]</property>
							<label>$LOCALIZE[19021]</label>
							<label2></label2>
							<icon>Cakra/Radio.png</icon>
							<thumb/>
							<property name="iconmini"/>
							<property name="VerTitle">pvr</property>
							<visible>[System.HasPVRAddon] + PVR.HasRadioChannels</visible>
							<onclick>ActivateWindow(RadioChannels)</onclick>
						</item>
						<item id="9">
							<visible>!Skin.HasSetting(disableWeather)</visible>
							<property name="id">$NUMBER[11]</property>
							<label>$LOCALIZE[12600]</label>
							<label2></label2>
							<icon>Cakra/Weather.png</icon>
							<thumb>$INFO[Window(weather).Property(Current.ConditionIcon)]</thumb>
							<property name="iconmini"></property>
							<property name="nowplaying">$INFO[Window(weather).Property(Location)]</property>
							<property name="secnowplaying">[B]$INFO[Weather.Temperature][/B]$INFO[Weather.Conditions,(,)]</property>
							<property name="VerTitle">cuaca</property>
							<onclick>ActivateWindow(Weather)</onclick>
						</item>
						<item id="10">
							<label>$LOCALIZE[31133]</label>
							<label2></label2>
							<icon/>
							<thumb/>
							<property name="VerTitle">lain</property>
							<onclick>Control.SetFocus(9191)</onclick>
						</item>
					</content>
				</control>
			</control>
			<include content="WidgetUniversalLayoutHome">
				<param name="pos_left">64</param>
				<param name="pos_top">0</param>
				<param name="id_groupcontrol">9010</param>
				<param name="id_groupdesc" value="menuforexeaddon"/>
				<param name="visible_control" value="System.Platform.Android"/>
				<param name="label_groupcategory" value="[B]$LOCALIZE[0][/B] - $LOCALIZE[20244]"/>
				<param name="id_control" value="9011"/>
				<param name="id_onup" value="9001"/>
				<param name="id_ondown" value="9021"/>
				<param name="control_listcontent" value="androidapp://sources/apps/"/>
				<param name="limit_listcontent" value="12"/>
				<param name="target_listcontent" value="programs"/>
			</include>
			<include content="WidgetMovieLanskapLayoutHome">
				<param name="visible_control" value="[!Skin.HasSetting(disableMovies) + !Skin.HasSetting(disableMoviesWidget1)]"/>
				<param name="pos_left">64</param>
				<param name="pos_top">0</param>
				<param name="id_groupcontrol">9020</param>
				<param name="id_groupdesc" value="continuewachingformovie"/>
				<param name="label_groupcategory" value="[B]$LOCALIZE[31090][/B] - $LOCALIZE[31125]"/>
				<param name="id_control" value="9021"/>
				<param name="id_onup" value="9011"/>
				<param name="id_ondown" value="9031"/>
				<param name="control_label" value="$INFO[Listitem.rating]"/>
				<param name="control_listcontent" value="special://skin/extras/playlists/App/Movies_inprogress.xsp"/>
			</include>
			<include content="WidgetPosterLayoutHome">
				<param name="visible_control" value="[!Skin.HasSetting(disableMovies) + !Skin.HasSetting(disableMoviesWidget2)]"/>
				<param name="pos_left">64</param>
				<param name="pos_top">0</param>
				<param name="id_groupcontrol">9030</param>
				<param name="id_groupdesc" value="recommendationformovie"/>
				<param name="label_groupcategory" value="[B]$LOCALIZE[31090][/B] - $LOCALIZE[31515]"/>
				<param name="id_control" value="9031"/>
				<param name="id_onup" value="9021"/>
				<param name="id_ondown" value="9041"/>
				<param name="control_label" value="$INFO[Listitem.rating]"/>
				<param name="control_listcontent" value="special://skin/extras/playlists/App/Movies_recommended.xsp"/>
			</include>
			<include content="WidgetEpisodeLayoutHome">
				<param name="visible_control" value="[!Skin.HasSetting(disableTVShows) + !Skin.HasSetting(disableTVShowsWidget1)]"/>
				<param name="pos_left">64</param>
				<param name="pos_top">0</param>
				<param name="id_groupcontrol">9040</param>
				<param name="id_groupdesc" value="continuewachingforepisodes"/>
				<param name="label_groupcategory" value="[B]$LOCALIZE[31093][/B] - $LOCALIZE[31061]"/>
				<param name="id_control" value="9041"/>
				<param name="id_onup" value="9031"/>
				<param name="id_ondown" value="9051"/>
				<param name="control_label" value="$INFO[Listitem.rating]"/>
				<param name="control_listcontent" value="special://skin/extras/playlists/App/TVShows_inprogressEpisodes.xsp"/>
			</include>
			<include content="WidgetPosterLayoutHome">
				<param name="visible_control" value="[!Skin.HasSetting(disableTVShows) + !Skin.HasSetting(disableTVShowsWidget2)]"/>
				<param name="pos_left">64</param>
				<param name="pos_top">0</param>
				<param name="id_groupcontrol">9050</param>
				<param name="id_groupdesc" value="recommendationfortvshow"/>
				<param name="label_groupcategory" value="[B]$LOCALIZE[31093][/B] - $LOCALIZE[31515]"/>
				<param name="id_control" value="9051"/>
				<param name="id_onup" value="9041"/>
				<param name="id_ondown" value="9061"/>
				<param name="control_label" value="$INFO[Listitem.rating]"/>
				<param name="control_listcontent" value="special://skin/extras/playlists/App/TVShows_recommended.xsp"/>
			</include>
			<include content="WidgetMusicVideoLayoutHome">
				<param name="visible_control" value="[!Skin.HasSetting(disableMusicVideos) + !Skin.HasSetting(disableMusicVideosWidget1)]"/>
				<param name="pos_left">64</param>
				<param name="pos_top">0</param>
				<param name="id_groupcontrol">9060</param>
				<param name="id_groupdesc" value="recommendationformusicvideos"/>
				<param name="label_groupcategory" value="[B]$LOCALIZE[31095][/B] - $LOCALIZE[31515]"/>
				<param name="id_control" value="9061"/>
				<param name="id_onup" value="9051"/>
				<param name="id_ondown" value="9071"/>
				<param name="control_label" value="$INFO[Listitem.rating]"/>
				<param name="control_listcontent" value="special://skin/extras/playlists/App/MusicVideos_recommended.xsp"/>
			</include>
			<include content="WidgetMusicLayoutHome">
				<param name="visible_control" value="[!Skin.HasSetting(disableMedia) + !Skin.HasSetting(disableMediaMusicWidget1)]"/>
				<param name="pos_left">64</param>
				<param name="pos_top">0</param>
				<param name="id_groupcontrol">9070</param>
				<param name="id_groupdesc" value="recommendationalbumformusic"/>
				<param name="label_groupcategory" value="[B]$LOCALIZE[31096][/B] - $LOCALIZE[31068]"/>
				<param name="id_control" value="9071"/>
				<param name="id_onup" value="9061"/>
				<param name="id_ondown" value="9081"/>
				<param name="label_oncontrol" value="$INFO[ListItem.Album]"/>
				<param name="label2_oncontrol" value="$INFO[ListItem.Artist]"/>
				<param name="control_label" value="$INFO[ListItem.Userrating,☆ ,]"/>
				<param name="control_listcontent" value="special://skin/extras/playlists/App/Music_recommendedAlbums.xsp"/>
				<param name="limit_listcontent" value="12"/>
				<param name="target_listcontent" value="music"/>
			</include>
			<include content="WidgetMusicLayoutHome">
				<param name="visible_control" value="[!Skin.HasSetting(disableMedia) + !Skin.HasSetting(disableMediaMusicWidget2)]"/>
				<param name="pos_left">64</param>
				<param name="pos_top">0</param>
				<param name="id_groupcontrol">9080</param>
				<param name="id_groupdesc" value="recommendationalbumformusic"/>
				<param name="label_groupcategory" value="[B]$LOCALIZE[31096][/B] - $LOCALIZE[31071]"/>
				<param name="id_control" value="9081"/>
				<param name="id_onup" value="9071"/>
				<param name="id_ondown" value="9091"/>
				<param name="label_oncontrol" value="$INFO[ListItem.Title]"/>
				<param name="label2_oncontrol" value="$INFO[ListItem.Artist]"/>
				<param name="control_label" value="$INFO[ListItem.Userrating,☆ ,]"/>
				<param name="control_listcontent" value="special://skin/extras/playlists/App/Music_lastplayedSongs.xsp"/>
				<param name="limit_listcontent" value="12"/>
				<param name="target_listcontent" value="music"/>
			</include>
			<include content="WidgetUniversalLayoutHome">
				<param name="visible_control" value="[!Skin.HasSetting(disableTV) + !Skin.HasSetting(disableTVWidget)]"/>
				<param name="pos_left">64</param>
				<param name="pos_top">0</param>
				<param name="id_groupcontrol">9090</param>
				<param name="id_groupdesc" value="menuforlivetv"/>
				<param name="label_groupcategory" value="[B]$LOCALIZE[31100][/B] - $LOCALIZE[31511]"/>
				<param name="id_control" value="9091"/>
				<param name="id_onup" value="9081"/>
				<param name="id_ondown" value="9101"/>
				<param name="control_listcontent" value="pvr://channels/tv/*?view=lastplayed"/>
				<param name="limit_listcontent" value="12"/>
				<param name="target_listcontent" value="tvchannels"/>
			</include>
			<include content="WidgetUniversalLayoutHome">
				<param name="visible_control" value="[!Skin.HasSetting(disableRadio) + !Skin.HasSetting(disableRadioWidget)]"/>
				<param name="pos_left">64</param>
				<param name="pos_top">0</param>
				<param name="id_groupcontrol">9100</param>
				<param name="id_groupdesc" value="menuforradio"/>
				<param name="label_groupcategory" value="[B]$LOCALIZE[31101][/B] - $LOCALIZE[31511]"/>
				<param name="id_control" value="9101"/>
				<param name="id_onup" value="9091"/>
				<param name="id_ondown" value="9111"/>
				<param name="control_listcontent" value="pvr://channels/radio/*?view=lastplayed"/>
				<param name="limit_listcontent" value="12"/>
				<param name="target_listcontent" value="radiochannels"/>
			</include>
			<include content="WidgetUniversalLayoutHome">
				<param name="visible_control" value="[!Skin.HasSetting(disableGames) + !Skin.HasSetting(disableGamesWidget1)]"/>
				<param name="pos_left">64</param>
				<param name="pos_top">0</param>
				<param name="id_groupcontrol">9110</param>
				<param name="id_groupdesc" value="menuforgameaddon"/>
				<param name="label_groupcategory" value="[B]$LOCALIZE[31104][/B] - $LOCALIZE[35049]"/>
				<param name="id_control" value="9111"/>
				<param name="id_onup" value="9101"/>
				<param name="id_ondown" value="9121"/>
				<param name="control_listcontent" value="addons://sources/game/"/>
				<param name="limit_listcontent" value="12"/>
				<param name="target_listcontent" value="games"/>
			</include>
			<include content="WidgetUniversalLayoutHome">
				<param name="visible_control" value="[!Skin.HasSetting(disableMedia) + !Skin.HasSetting(disableMediaWidget1)]"/>
				<param name="pos_left">64</param>
				<param name="pos_top">0</param>
				<param name="id_groupcontrol">9120</param>
				<param name="id_groupdesc" value="menuforvideoaddon"/>
				<param name="label_groupcategory" value="[B]$LOCALIZE[31104][/B] - $LOCALIZE[1037]"/>
				<param name="id_control" value="9121"/>
				<param name="id_onup" value="9111"/>
				<param name="id_ondown" value="9131"/>
				<param name="control_listcontent" value="addons://sources/video/"/>
				<param name="limit_listcontent" value="12"/>
				<param name="target_listcontent" value="videos"/>
			</include>
			<include content="WidgetUniversalLayoutHome">
				<param name="visible_control" value="[!Skin.HasSetting(disableMedia) + !Skin.HasSetting(disableMediaWidget1)]"/>
				<param name="pos_left">64</param>
				<param name="pos_top">0</param>
				<param name="id_groupcontrol">9130</param>
				<param name="id_groupdesc" value="menuformusicaddon"/>
				<param name="label_groupcategory" value="[B]$LOCALIZE[31104][/B] - $LOCALIZE[1038]"/>
				<param name="id_control" value="9131"/>
				<param name="id_onup" value="9121"/>
				<param name="id_ondown" value="9141"/>
				<param name="control_listcontent" value="addons://sources/audio/"/>
				<param name="limit_listcontent" value="12"/>
				<param name="target_listcontent" value="music"/>
			</include>
			<include content="WidgetUniversalLayoutHome">
				<param name="visible_control" value="[!Skin.HasSetting(disablePictures) + !Skin.HasSetting(disablePicturesWidget1)]"/>
				<param name="pos_left">64</param>
				<param name="pos_top">0</param>
				<param name="id_groupcontrol">9140</param>
				<param name="id_groupdesc" value="menuforpictureaddon"/>
				<param name="label_groupcategory" value="[B]$LOCALIZE[31104][/B] - $LOCALIZE[1039]"/>
				<param name="id_control" value="9141"/>
				<param name="id_onup" value="9131"/>
				<param name="id_ondown" value="9151"/>
				<param name="control_listcontent" value="addons://sources/image/"/>
				<param name="limit_listcontent" value="12"/>
				<param name="target_listcontent" value="pictures"/>
			</include>
			<include content="WidgetUniversalLayoutHome">
				<param name="pos_left">64</param>
				<param name="pos_top">0</param>
				<param name="id_groupcontrol">9150</param>
				<param name="id_groupdesc" value="menuforexeaddon"/>
				<param name="label_groupcategory" value="[B]$LOCALIZE[31104][/B] - $LOCALIZE[1043]"/>
				<param name="id_control" value="9151"/>
				<param name="id_onup" value="9141"/>
				<param name="id_ondown" value="9161"/>
				<param name="control_listcontent" value="addons://sources/executable/"/>
				<param name="limit_listcontent" value="12"/>
				<param name="target_listcontent" value="programs"/>
			</include>
			<include content="WidgetUniversalLayoutHome2">
				<param name="visible_control" value="[!Skin.HasSetting(disableFavourites) + !Skin.HasSetting(disableFavouritesWidget)]"/>
				<param name="pos_left">64</param>
				<param name="pos_top">0</param>
				<param name="id_groupcontrol">9160</param>
				<param name="id_groupdesc" value="menuforaddon"/>
				<param name="label_groupcategory" value="[B]$LOCALIZE[31088][/B] - $LOCALIZE[31514]"/>
				<param name="id_control" value="9161"/>
				<param name="id_onup" value="9151"/>
				<param name="id_ondown" value="9171"/>
				<param name="control_listcontent" value="favourites://"/>
				<param name="limit_listcontent" value="12"/>
				<param name="target_listcontent" value=""/>
			</include>
			<control type="group" id="9170" description="setting">
				<left>64</left>
				<top>0</top>
				<height>504</height>
				<control type="label">
					<animation type="conditional" condition="!Control.HasFocus($PARAM[id_control])">
						<effect type="fade" start="100" end="50" time="180" delay="0"/>
					</animation>
					<posx>36</posx>
					<top>198</top>
					<width>auto</width>
					<height>54</height>
					<align>left</align>
					<aligny>top</aligny>
					<font>Font36Bold</font>
					<textcolor>textActive</textcolor>
					<label>$LOCALIZE[31105]</label>
				</control>
				<control type="fixedlist" id="9171">
					<left>-270</left>
					<right>-180</right>
					<top>270</top>
					<height>180</height>
					<orientation>horizontal</orientation>
					<scrolltime easing="inout" tween="sine">300</scrolltime>
					<focusposition>1</focusposition>
					<onleft>noop</onleft>
					<onright>noop</onright>
					<ondown>9181</ondown>
					<onup>9161</onup>
					<itemlayout width="306" height="180">
						<control type="group">
							<animation type="conditional" condition="true">
								<effect type="zoom" start="100" end="90" center="0,90" time="0"/>
							</animation>
							<posx>0</posx>
							<posy>0</posy>
							<width>320</width>
							<height>180</height>
							<control type="image">
								<width>320</width>
								<height>180</height>
								<texture>shape/dim180/roundedlandscape.png</texture>
								<colordiffuse>sorotdark</colordiffuse>
							</control>
							<control type="image">
								<width>320</width>
								<height>180</height>
								<texture>shape/dim180/roundedlandscape.png</texture>
								<colordiffuse>80000000</colordiffuse>
							</control>
							<control type="image">
								<right>18</right>
								<bottom>18</bottom>
								<width>144</width>
								<height>144</height>
								<texture diffuse="shape/dim144/roundedsquare.png">$INFO[ListItem.icon]</texture>
								<colordiffuse>80FFFFFF</colordiffuse>
								<bordersize>0</bordersize>
								<aspectratio>keep</aspectratio>
							</control>
							<control type="image">
								<visible>String.isEmpty(ListItem.icon)</visible>
								<right>18</right>
								<bottom>18</bottom>
								<width>144</width>
								<height>144</height>
								<texture diffuse="shape/dim144/roundedsquare.png">$INFO[ListItem.thumb]</texture>
								<colordiffuse>80FFFFFF</colordiffuse>
								<bordersize>0</bordersize>
								<aspectratio>keep</aspectratio>
							</control>
							<control type="textbox">
								<posx>18</posx>
								<posy>18</posy>
								<width>288</width>
								<height>144</height>
								<align>left</align>
								<aligny>top</aligny>
								<font>Font54Bold</font>
								<textcolor>textActive</textcolor>
								<label>$INFO[ListItem.Label]</label>
							</control>
						</control>
					</itemlayout>
					<focusedlayout width="338" height="180">
						<control type="group">
							<animation type="Focus">
								<effect type="zoom" start="90" end="100" center="0,90" easing="out" time="180" tween="cubic"/>
							</animation>
							<animation type="UnFocus">
								<effect type="zoom" start="100" end="90" center="0,90" easing="out" time="180" tween="cubic"/>
							</animation>
							<posx>0</posx>
							<posy>0</posy>
							<width>320</width>
							<height>180</height>
							<control type="image">
								<width>320</width>
								<height>180</height>
								<texture>shape/dim180/roundedlandscape.png</texture>
								<colordiffuse>sorotdark</colordiffuse>
							</control>
							<control type="image">
								<width>320</width>
								<height>180</height>
								<texture>shape/dim180/roundedlandscape.png</texture>
								<colordiffuse>80000000</colordiffuse>
							</control>
							<control type="image">
								<include condition="!Skin.HasSetting(NoAnimationInSkin)">FocusedItemFade</include>
								<width>320</width>
								<height>180</height>
								<texture>shape/dim180/roundedlandscape.png</texture>
								<colordiffuse>80000000</colordiffuse>
							</control>
							<control type="image">
								<right>18</right>
								<bottom>18</bottom>
								<width>144</width>
								<height>144</height>
								<texture diffuse="shape/dim144/roundedsquare.png">$INFO[ListItem.icon]</texture>
								<colordiffuse>80FFFFFF</colordiffuse>
								<bordersize>0</bordersize>
								<aspectratio>keep</aspectratio>
							</control>
							<control type="image">
								<visible>String.isEmpty(ListItem.icon)</visible>
								<right>18</right>
								<bottom>18</bottom>
								<width>144</width>
								<height>144</height>
								<texture diffuse="shape/dim144/roundedsquare.png">$INFO[ListItem.thumb]</texture>
								<colordiffuse>80FFFFFF</colordiffuse>
								<bordersize>0</bordersize>
								<aspectratio>keep</aspectratio>
							</control>
							<control type="textbox">
								<posx>18</posx>
								<posy>18</posy>
								<width>288</width>
								<height>144</height>
								<align>left</align>
								<aligny>top</aligny>
								<font>Font54Bold</font>
								<textcolor>textActive</textcolor>
								<label>$INFO[ListItem.Label]</label>
							</control>
						</control>
					</focusedlayout>
					<content>
						<item>
							<label>$LOCALIZE[13200]</label>
							<onclick>ActivateWindow(Profiles)</onclick>
							<icon>home/settings/profiles.png</icon>
							<thumb>home/settings/profiles.png</thumb>
						</item>
						<item>
							<label>$LOCALIZE[14206]</label>
							<onclick>ActivateWindow(InterfaceSettings)</onclick>
							<icon>home/settings/interface.png</icon>
						</item>
						<item>
							<label>$LOCALIZE[14200]</label>
							<onclick>ActivateWindow(PlayerSettings)</onclick>
							<icon>home/settings/player.png</icon>
						</item>
						<item>
							<label>$LOCALIZE[14211]</label>
							<onclick>ActivateWindow(MediaSettings)</onclick>
							<icon>home/settings/media.png</icon>
						</item>
						<item>
							<label>$LOCALIZE[14204]</label>
							<onclick>ActivateWindow(PVRSettings)</onclick>
							<icon>home/settings/livetv.png</icon>
						</item>
						<item>
							<label>$LOCALIZE[15016]</label>
							<visible>System.GetBool(gamesgeneral.enable)</visible>
							<onclick>ActivateWindow(GameSettings)</onclick>
							<icon>home/settings/games.png</icon>
						</item>
						<item>
							<label>$LOCALIZE[14036]</label>
							<onclick>ActivateWindow(ServiceSettings)</onclick>
							<icon>home/settings/network.png</icon>
						</item>
						<item>
							<label>$LOCALIZE[13000]</label>
							<onclick>ActivateWindow(SystemSettings)</onclick>
							<icon>home/settings/system.png</icon>
						</item>
						<item>
							<label>LibreELEC</label>
							<onclick>RunAddon(service.libreelec.settings)</onclick>
							<icon>home/settings/libreelec.png</icon>
							<visible>System.AddonIsEnabled(service.libreelec.settings)</visible>
						</item>
					</content>
				</control>
			</control>
			<control type="group" id="9180" description="other">
				<visible>[!Skin.HasSetting(disableMedia) + !Skin.HasSetting(disableMediaWidget1)]</visible>
				<left>64</left>
				<top>0</top>
				<height>576</height>
				<control type="fixedlist" id="9181">
					<visible>![Skin.HasSetting(disableMedia) + Skin.HasSetting(disableMediaWidget1)]</visible>
					<left>-270</left>
					<right>-180</right>
					<top>270</top>
					<height>180</height>
					<orientation>horizontal</orientation>
					<scrolltime easing="inout" tween="sine">300</scrolltime>
					<focusposition>1</focusposition>
					<onleft>noop</onleft>
					<onright>noop</onright>
					<ondown>9191</ondown>
					<onup>9171</onup>
					<itemlayout width="306" height="180">
						<control type="group">
							<animation type="conditional" condition="true">
								<effect type="zoom" start="100" end="90" center="0,90" time="0"/>
							</animation>
							<posx>0</posx>
							<posy>0</posy>
							<width>320</width>
							<height>180</height>
							<control type="image">
								<width>320</width>
								<height>180</height>
								<texture>shape/dim180/roundedlandscape.png</texture>
								<colordiffuse>sorotdark</colordiffuse>
							</control>
							<control type="image">
								<width>320</width>
								<height>180</height>
								<texture>shape/dim180/roundedlandscape.png</texture>
								<colordiffuse>80000000</colordiffuse>
							</control>
							<control type="image">
								<right>18</right>
								<bottom>18</bottom>
								<width>144</width>
								<height>144</height>
								<texture diffuse="shape/dim144/roundedsquare.png">$INFO[ListItem.icon]</texture>
								<colordiffuse>80FFFFFF</colordiffuse>
								<bordersize>0</bordersize>
								<aspectratio>keep</aspectratio>
							</control>
							<control type="label">
								<visible>String.isEmpty(ListItem.icon)</visible>
								<right>0</right>
								<bottom>0</bottom>
								<width>144</width>
								<height>144</height>
								<align>center</align>
								<font>symbolSize108</font>
								<textoffsetx>0</textoffsetx>
								<textcolor>80FFFFFF</textcolor>
								<label>$INFO[ListItem.Label2]</label>
							</control>
							<control type="textbox">
								<posx>18</posx>
								<posy>18</posy>
								<width>288</width>
								<height>144</height>
								<align>left</align>
								<aligny>top</aligny>
								<font>Font54Bold</font>
								<textcolor>textActive</textcolor>
								<label>$INFO[ListItem.Label]</label>
							</control>
						</control>
					</itemlayout>
					<focusedlayout width="338" height="180">
						<control type="group">
							<animation type="Focus">
								<effect type="zoom" start="90" end="100" center="0,90" easing="out" time="180" tween="cubic"/>
							</animation>
							<animation type="UnFocus">
								<effect type="zoom" start="100" end="90" center="0,90" easing="out" time="180" tween="cubic"/>
							</animation>
							<posx>0</posx>
							<posy>0</posy>
							<width>320</width>
							<height>180</height>
							<control type="image">
								<width>320</width>
								<height>180</height>
								<texture>shape/dim180/roundedlandscape.png</texture>
								<colordiffuse>sorotdark</colordiffuse>
							</control>
							<control type="image">
								<width>320</width>
								<height>180</height>
								<texture>shape/dim180/roundedlandscape.png</texture>
								<colordiffuse>80000000</colordiffuse>
							</control>
							<control type="image">
								<include condition="!Skin.HasSetting(NoAnimationInSkin)">FocusedItemFade</include>
								<width>320</width>
								<height>180</height>
								<texture>shape/dim180/roundedlandscape.png</texture>
								<colordiffuse>80000000</colordiffuse>
							</control>
							<control type="image">
								<right>18</right>
								<bottom>18</bottom>
								<width>144</width>
								<height>144</height>
								<texture diffuse="shape/dim144/roundedsquare.png">$INFO[ListItem.icon]</texture>
								<colordiffuse>80FFFFFF</colordiffuse>
								<bordersize>0</bordersize>
								<aspectratio>keep</aspectratio>
							</control>
							<control type="label">
								<visible>String.isEmpty(ListItem.icon)</visible>
								<right>0</right>
								<bottom>0</bottom>
								<width>144</width>
								<height>144</height>
								<align>center</align>
								<font>symbolSize108</font>
								<textoffsetx>0</textoffsetx>
								<textcolor>80FFFFFF</textcolor>
								<label>$INFO[ListItem.Label2]</label>
							</control>
							<control type="textbox">
								<posx>18</posx>
								<posy>18</posy>
								<width>288</width>
								<height>144</height>
								<align>left</align>
								<aligny>top</aligny>
								<font>Font54Bold</font>
								<textcolor>textActive</textcolor>
								<label>$INFO[ListItem.Label]</label>
							</control>
						</control>
					</focusedlayout>
					<content>
						<item id="1">
							<label>$LOCALIZE[7]</label>
							<label2></label2>
							<icon/>
							<thumb/>
							<onclick>ActivateWindow(filemanager)</onclick>
						</item>
						<item id="2">
							<label>$LOCALIZE[3]</label>
							<label2></label2>
							<icon/>
							<thumb/>
							<onclick>ActivateWindow(Videos,library://video/,return)</onclick>
						</item>
						<item id="3">
							<label>$LOCALIZE[2]</label>
							<label2></label2>
							<icon/>
							<thumb/>
							<onclick>ActivateWindow(Music,Files)</onclick>
						</item>
						<item id="4">
							<label>$LOCALIZE[24001]</label>
							<label2></label2>
							<icon/>
							<thumb/>
							<onclick>ActivateWindow(addonbrowser)</onclick>
						</item>
						<item id="5">
							<label>$LOCALIZE[0]</label>
							<label2></label2>
							<icon/>
							<thumb/>
							<onclick>ActivateWindow(programs)</onclick>
						</item>
					</content>
				</control>
			</control>
			<control type="group" id="9190" description="other">
				<left>64</left>
				<top>0</top>
				<height>576</height>
				<control type="fixedlist" id="9191">
					<left>-270</left>
					<right>-180</right>
					<top>270</top>
					<height>180</height>
					<orientation>horizontal</orientation>
					<scrolltime easing="inout" tween="sine">300</scrolltime>
					<focusposition>1</focusposition>
					<onleft>noop</onleft>
					<onright>noop</onright>
					<ondown>20001</ondown>
					<onup>9181</onup>
					<itemlayout width="306" height="180">
						<control type="group">
							<animation type="conditional" condition="true">
								<effect type="zoom" start="100" end="90" center="0,90" time="0"/>
							</animation>
							<posx>0</posx>
							<posy>0</posy>
							<width>320</width>
							<height>180</height>
							<control type="image">
								<width>320</width>
								<height>180</height>
								<texture>shape/dim180/roundedlandscape.png</texture>
								<colordiffuse>sorotdark</colordiffuse>
							</control>
							<control type="image">
								<width>320</width>
								<height>180</height>
								<texture>shape/dim180/roundedlandscape.png</texture>
								<colordiffuse>80000000</colordiffuse>
							</control>
							<control type="image">
								<right>18</right>
								<bottom>18</bottom>
								<width>144</width>
								<height>144</height>
								<texture diffuse="shape/dim144/roundedsquare.png">$INFO[ListItem.icon]</texture>
								<colordiffuse>80FFFFFF</colordiffuse>
								<bordersize>0</bordersize>
								<aspectratio>keep</aspectratio>
							</control>
							<control type="label">
								<visible>String.isEmpty(ListItem.icon)</visible>
								<right>0</right>
								<bottom>0</bottom>
								<width>144</width>
								<height>144</height>
								<align>center</align>
								<font>symbolSize108</font>
								<textoffsetx>0</textoffsetx>
								<textcolor>80FFFFFF</textcolor>
								<label>$INFO[ListItem.Label2]</label>
							</control>
							<control type="textbox">
								<posx>18</posx>
								<posy>18</posy>
								<width>288</width>
								<height>144</height>
								<align>left</align>
								<aligny>top</aligny>
								<font>Font54Bold</font>
								<textcolor>textActive</textcolor>
								<label>$INFO[ListItem.Label]</label>
							</control>
						</control>
					</itemlayout>
					<focusedlayout width="338" height="180">
						<control type="group">
							<animation type="Focus">
								<effect type="zoom" start="90" end="100" center="0,90" easing="out" time="180" tween="cubic"/>
							</animation>
							<animation type="UnFocus">
								<effect type="zoom" start="100" end="90" center="0,90" easing="out" time="180" tween="cubic"/>
							</animation>
							<posx>0</posx>
							<posy>0</posy>
							<width>320</width>
							<height>180</height>
							<control type="image">
								<width>320</width>
								<height>180</height>
								<texture>shape/dim180/roundedlandscape.png</texture>
								<colordiffuse>sorotdark</colordiffuse>
							</control>
							<control type="image">
								<width>320</width>
								<height>180</height>
								<texture>shape/dim180/roundedlandscape.png</texture>
								<colordiffuse>80000000</colordiffuse>
							</control>
							<control type="image">
								<include condition="!Skin.HasSetting(NoAnimationInSkin)">FocusedItemFade</include>
								<width>320</width>
								<height>180</height>
								<texture>shape/dim180/roundedlandscape.png</texture>
								<colordiffuse>80000000</colordiffuse>
							</control>
							<control type="image">
								<right>18</right>
								<bottom>18</bottom>
								<width>144</width>
								<height>144</height>
								<texture diffuse="shape/dim144/roundedsquare.png">$INFO[ListItem.icon]</texture>
								<colordiffuse>80FFFFFF</colordiffuse>
								<bordersize>0</bordersize>
								<aspectratio>keep</aspectratio>
							</control>
							<control type="label">
								<visible>String.isEmpty(ListItem.icon)</visible>
								<right>0</right>
								<bottom>0</bottom>
								<width>144</width>
								<height>144</height>
								<align>center</align>
								<font>symbolSize108</font>
								<textoffsetx>0</textoffsetx>
								<textcolor>80FFFFFF</textcolor>
								<label>$INFO[ListItem.Label2]</label>
							</control>
							<control type="textbox">
								<posx>18</posx>
								<posy>18</posy>
								<width>288</width>
								<height>144</height>
								<align>left</align>
								<aligny>top</aligny>
								<font>Font54Bold</font>
								<textcolor>textActive</textcolor>
								<label>$INFO[ListItem.Label]</label>
							</control>
						</control>
					</focusedlayout>
					<content>
						<item id="1">
							<label>$LOCALIZE[31523]</label>
							<label2></label2>
							<icon/>
							<thumb/>
							<onclick>Control.SetFocus(9001)</onclick>
						</item>
						<item id="2">
							<label>$LOCALIZE[5]</label>
							<label2></label2>
							<icon/>
							<thumb/>
							<onclick>ActivateWindow(settings)</onclick>
						</item>
						<item id="3">
							<label>$LOCALIZE[10111]</label>
							<label2></label2>
							<icon/>
							<thumb/>
							<onclick>ActivateWindow(shutdownmenu)</onclick>
						</item>
					</content>
				</control>
			</control>
		</control>
	</include>
</includes>
