<?xml version="1.0" encoding="UTF-8"?>
<includes>
    	<include name="MusicViewList">
		<control type="group" id="9999">
			<right>64</right>
			<left>64</left>
			<control type="grouplist" id="404">
				<visible>!Integer.isGreater(Container.NumAllItems,0)</visible>
				<include condition="!Skin.HasSetting(NoAnimationInSkin)">SlideFadeFromUpToDown</include>
				<include condition="!Skin.HasSetting(NoAnimationInSkin)">SlideFadeFromUpToDownVisible</include>
				<centerleft>50%</centerleft>
				<bottom>108</bottom>
				<width>100%</width>
				<height>72</height>
				<align>center</align>
				<onleft>noop</onleft>
				<onright>noop</onright>
				<orientation>horizontal</orientation>
				<itemgap>18</itemgap>
				<control type="button" id="4041">
					<width>auto</width>
					<height>72</height>
					<onleft>4041</onleft>
					<onright>4042</onright>
					<onup>noop</onup>
					<ondown>noop</ondown>
					<align>center</align>
					<font>Font32Bold</font>
					<textoffsetx>6</textoffsetx>
					<label>$LOCALIZE[31022]</label>
					<onclick>Back</onclick>
				</control>
				<control type="button" id="4042">
					<width>auto</width>
					<height>72</height>
					<onleft>4041</onleft>
					<onright>4042</onright>
					<onup>noop</onup>
					<ondown>noop</ondown>
					<align>center</align>
					<font>Font32Bold</font>
					<textoffsetx>6</textoffsetx>
					<label>$LOCALIZE[342]</label>
					<visible>[Library.HasContent(Movies)]</visible>
					<onclick>ActivateWindow(videos,videodb://movies/,return)</onclick>
				</control>
				<control type="button" id="4043">
					<width>auto</width>
					<height>72</height>
					<onleft>4042</onleft>
					<onright>4044</onright>
					<onup>noop</onup>
					<ondown>noop</ondown>
					<align>center</align>
					<font>Font32Bold</font>
					<textoffsetx>6</textoffsetx>
					<label>$LOCALIZE[20343]</label>
					<visible>[Library.HasContent(TVShows)] + [Library.HasContent(TVshows)]</visible>
					<onclick>ActivateWindow(videos,videodb://tvshows/,return)</onclick>
				</control>
				<control type="button" id="4044">
					<width>auto</width>
					<height>72</height>
					<onleft>4043</onleft>
					<onright>4045</onright>
					<onup>noop</onup>
					<ondown>noop</ondown>
					<align>center</align>
					<font>Font32Bold</font>
					<textoffsetx>6</textoffsetx>
					<label>$LOCALIZE[20389]</label>
					<visible>[Library.HasContent(MusicVideos)] + [Library.HasContent(MusicVideos)]</visible>
					<onclick>ActivateWindow(videos,videodb://musicvideos/,return)</onclick>
				</control>
				<control type="button" id="4045">
					<width>auto</width>
					<height>72</height>
					<onleft>4044</onleft>
					<onright>4045</onright>
					<onup>noop</onup>
					<ondown>noop</ondown>
					<align>center</align>
					<font>Font32Bold</font>
					<textoffsetx>6</textoffsetx>
					<label>$LOCALIZE[2]</label>
					<visible>Library.HasContent(Music)</visible>
					<onclick>ActivateWindow(Music,library://music/,return)</onclick>
				</control>
			</control>
			<control type="group">
				<include condition="!Skin.HasSetting(NoAnimationInSkin)">fadeInOut</include>
				<left>0</left>
				<bottom>0</bottom>
				<height>864</height>
				<include>UniversalViewList</include>
			</control>
			<!-- ID 500 for music library menu -->
			<control type="group" id="92042">
				<include condition="!Skin.HasSetting(NoAnimationInSkin)">fadeInOut</include>
				<left>0</left>
				<bottom>0</bottom>
				<height>1080</height>
				<control type="grouplist" id="920421">
					<include condition="!Skin.HasSetting(NoAnimationInSkin)">ListBounceAnimation</include>
					<visible>Control.IsVisible(500)</visible>
					<include condition="!Skin.HasSetting(NoAnimationInSkin)">SlideFadeDownTwoWayFast</include>
					<include condition="!Skin.HasSetting(NoAnimationInSkin)">SlideFadeDownTwoWayFastVisible</include>
					<left>-64</left>
					<right>-64</right>
					<top>0</top>
					<right>0</right>
					<height>1080</height>
					<itemgap>-252</itemgap>
					<defaultcontrol>500</defaultcontrol>
					<pagecontrol>5009</pagecontrol>
					<scrolltime tween="cubic" easing="out">500</scrolltime>
					<orientation>vertical</orientation>
					<usecontrolcoords>true</usecontrolcoords>
					<onup>20000</onup>
					<ondown>20001</ondown>
					<onleft>noop</onleft>
					<onright>noop</onright>
					<align>left</align>
					<control type="group" id="920421" description="recommendation">
						<include condition="!Skin.HasSetting(NoAnimationInSkin)">SlideFadeUpTwoWayFast</include>
						<height>432</height>
						<control type="panel" id="500">
							<visible>$EXP[MusicMenu]</visible>
							<include condition="!Skin.HasSetting(NoAnimationInSkin)" content="SlideFadeDownTwoWayFastVisibleControl">
								<param name="control_id" value="500"/>
							</include>
							<onfocus>Skin.Reset(OpenSideMenu)</onfocus>
							<bottom>90</bottom>
							<left>64</left>
							<height>90</height>
							<onleft>noop</onleft>
							<onright>noop</onright>
							<onup>20000</onup>
							<ondown>9204300</ondown>
							<orientation>horizontal</orientation>
							<scrolltime tween="cubic" easing="out">500</scrolltime>
							<itemlayout width="324" height="90">
								<control type="group">
									<width>316</width>
									<height>90</height>
									<control type="group">
										<include content="ModelListHorizontalRounded">
											<param name="modelkey_size" value="90"/>
											<param name="modelkey_color" value="40000000"/>
											<param name="dimensionkey_size" value="dim90"/>
										</include>
									</control>
									<include content="ListLayoutSmallSize">
										<param name="size_control" value="90"/>
										<param name="dimensionkey_size" value="dim90"/>
										<param name="visible_details" value="true"/>
										<param name="control_label1" value="$INFO[Listitem.label]"/>
										<param name="control_label2" value=""/>
										<param name="font_forlabel" value="Font28Medium"/>
									</include>
								</control>
							</itemlayout>
							<focusedlayout width="324" height="90">
								<control type="group">
									<width>316</width>
									<height>90</height>
									<control type="group">
										<include content="ModelListHorizontalRounded">
											<param name="modelkey_size" value="90"/>
											<param name="modelkey_color" value="40000000"/>
											<param name="dimensionkey_size" value="dim90"/>
										</include>
									</control>
									<control type="group">
										<include condition="!Skin.HasSetting(NoAnimationInSkin)">FocusedItemFade</include>
										<include content="ModelListHorizontalRounded">
											<param name="modelkey_size" value="90"/>
											<param name="modelkey_color" value="sorotan"/>
											<param name="dimensionkey_size" value="dim90"/>
										</include>
									</control>
									<include content="ListLayoutSmallSize">
										<param name="size_control" value="90"/>
										<param name="dimensionkey_size" value="dim90"/>
										<param name="font_forlabel" value="Font28Medium"/>
										<param name="visible_details" value="true"/>
										<param name="control_label1" value="$INFO[Listitem.label]"/>
										<param name="control_label2" value=""/>
									</include>
								</control>
							</focusedlayout>
						</control>
					</control>
					<include content="WidgetMusicLayout">
						<param name="pos_left">64</param>
						<param name="pos_top">0</param>
						<param name="visible_control" value="Control.IsVisible(500)"/>
						<param name="id_groupcontrol">920430</param>
						<param name="id_groupdesc" value="recommendalbumformusic"/>
						<param name="label_groupcategory" value="$LOCALIZE[31515]"/>
						<param name="id_control" value="9204300"/>
						<param name="id_onup" value="500"/>
						<param name="id_ondown" value="9204310"/>
						<param name="label_oncontrol" value="$INFO[ListItem.Album]"/>
						<param name="label2_oncontrol" value="$INFO[ListItem.Artist]"/>
						<param name="control_symbolgroupcategory" value=""/>
						<param name="icon_groupcategory" value="Cakra/Music.png"/>
						<param name="control_label" value=""/>
						<param name="control_listcontent" value="special://skin/extras/playlists/App/Music_recommendedAlbums.xsp"/>
						<param name="limit_listcontent" value="16"/>
						<param name="target_listcontent" value="music"/>
					</include>
					<include content="WidgetMusicLayout">
						<param name="pos_left">64</param>
						<param name="pos_top">0</param>
						<param name="visible_control" value="Control.IsVisible(500)"/>
						<param name="id_groupcontrol">920431</param>
						<param name="id_groupdesc" value="lastplayalbumformusic"/>
						<param name="label_groupcategory" value="$LOCALIZE[31511]"/>
						<param name="id_control" value="9204310"/>
						<param name="id_onup" value="9204300"/>
						<param name="id_ondown" value="9204320"/>
						<param name="label_oncontrol" value="$INFO[ListItem.Album]"/>
						<param name="label2_oncontrol" value="$INFO[ListItem.Artist]"/>
						<param name="control_symbolgroupcategory" value=""/>
						<param name="icon_groupcategory" value="Cakra/Music.png"/>
						<param name="control_label" value=""/>
						<param name="control_listcontent" value="special://skin/extras/playlists/App/Music_lastplayedAlbums.xsp"/>
						<param name="limit_listcontent" value="16"/>
						<param name="target_listcontent" value="music"/>
					</include>
					<include content="WidgetMusicLayout">
						<param name="pos_left">64</param>
						<param name="pos_top">0</param>
						<param name="visible_control" value="Control.IsVisible(500)"/>
						<param name="id_groupcontrol">920432</param>
						<param name="id_groupdesc" value="mostplayalbumformusic"/>
						<param name="label_groupcategory" value="$LOCALIZE[31512]"/>
						<param name="id_control" value="9204320"/>
						<param name="id_onup" value="9204310"/>
						<param name="id_ondown" value="9204330"/>
						<param name="label_oncontrol" value="$INFO[ListItem.Album]"/>
						<param name="label2_oncontrol" value="$INFO[ListItem.Artist]"/>
						<param name="control_symbolgroupcategory" value=""/>
						<param name="icon_groupcategory" value="Cakra/Music.png"/>
						<param name="control_label" value="$INFO[ListItem.PlayCount,,x]"/>
						<param name="control_listcontent" value="special://skin/extras/playlists/App/Music_mostplayedAlbums.xsp"/>
						<param name="limit_listcontent" value="16"/>
						<param name="target_listcontent" value="music"/>
					</include>
					<include content="WidgetMusicLayout">
						<param name="pos_left">64</param>
						<param name="pos_top">0</param>
						<param name="visible_control" value="Control.IsVisible(500)"/>
						<param name="id_groupcontrol">920433</param>
						<param name="id_groupdesc" value="addedalbumformusic"/>
						<param name="label_groupcategory" value="$LOCALIZE[31513]"/>
						<param name="id_control" value="9204330"/>
						<param name="id_onup" value="9204320"/>
						<param name="id_ondown" value="9204340"/>
						<param name="label_oncontrol" value="$INFO[ListItem.Album]"/>
						<param name="label2_oncontrol" value="$INFO[ListItem.Artist]"/>
						<param name="control_symbolgroupcategory" value=""/>
						<param name="icon_groupcategory" value="Cakra/Music.png"/>
						<param name="control_label" value="$INFO[ListItem.DateAdded,+ ,]"/>
						<param name="control_listcontent" value="special://skin/extras/playlists/App/Music_addedAlbums.xsp"/>
						<param name="limit_listcontent" value="16"/>
						<param name="target_listcontent" value="music"/>
					</include>
					<include content="WidgetMusicLayout">
						<param name="pos_left">64</param>
						<param name="pos_top">0</param>
						<param name="visible_control" value="Control.IsVisible(500)"/>
						<param name="id_groupcontrol">920434</param>
						<param name="id_groupdesc" value="userfavalbumformusic"/>
						<param name="label_groupcategory" value="$LOCALIZE[31514]"/>
						<param name="id_control" value="9204340"/>
						<param name="id_onup" value="9204330"/>
						<param name="id_ondown" value="9204350"/>
						<param name="label_oncontrol" value="$INFO[ListItem.Album]"/>
						<param name="label2_oncontrol" value="$INFO[ListItem.Artist]"/>
						<param name="control_symbolgroupcategory" value=""/>
						<param name="icon_groupcategory" value="Cakra/Music.png"/>
						<param name="control_label" value="$INFO[ListItem.Userrating,☆ ,]"/>
						<param name="control_listcontent" value="special://skin/extras/playlists/App/Music_userratedAlbums.xsp"/>
						<param name="limit_listcontent" value="16"/>
						<param name="target_listcontent" value="music"/>
					</include>
					<include content="WidgetActorArtLayout">
						<param name="pos_left">64</param>
						<param name="pos_top">0</param>
						<param name="visible_control" value="Control.IsVisible(500)"/>
						<param name="id_groupcontrol">920435</param>
						<param name="id_groupdesc" value="bestartistformusicvideo"/>
						<param name="label_groupcategory" value="$LOCALIZE[31067]"/>
						<param name="id_control" value="9204350"/>
						<param name="id_onup" value="9204340"/>
						<param name="id_ondown" value="20001"/>
						<param name="label2_oncontrol" value="$INFO[ListItem.Property(Artist_Type)]"/>
						<param name="control_symbolgroupcategory" value=""/>
						<param name="icon_groupcategory" value="Cakra/Music.png"/>
						<param name="control_label" value="$INFO[ListItem.Userrating,☆ ,]"/>
						<param name="control_listcontent" value="special://skin/extras/playlists/App/Music_recommendedArtists.xsp"/>
						<param name="limit_listcontent" value="16"/>
						<param name="target_listcontent" value="music"/>
						<param name="control_browsemode" value="never"/>
					</include>
				</control>
				<control type="image">
					<visible>![Control.HasFocus(500) | Control.HasFocus(9204231)]+Control.isVisible(500)</visible>
					<include condition="!Skin.HasSetting(NoAnimationInSkin)">SlideFadeUpTwoWayFastVisible</include>
					<left>-64</left>
					<right>-64</right>
					<height>180</height>
					<aspectratio>stretch</aspectratio>
					<texture>masks/masksquare4.png</texture>
					<bordersize>0</bordersize>
					<colordiffuse>latarcolor</colordiffuse>
				</control>
			</control>
			<!-- ID 501 for music genre and more -->
			<control type="group" id="920421">
				<include condition="!Skin.HasSetting(NoAnimationInSkin)">SlideFadeDownTwoWayFastVisible</include>
				<right>0</right>
				<visible>!Control.IsVisible(500)</visible>
				<control type="group" id="5001">
					<left>0</left>
					<bottom>0</bottom>
					<height>864</height>
					<control type="panel" id="51">
						<include condition="!Skin.HasSetting(NoAnimationInSkin)">ListBounceAnimation</include>
						<visible>$EXP[MusicArtist]</visible>
						<include condition="!Skin.HasSetting(NoAnimationInSkin)">SlideFadeDownTwoWayFast</include>
						<include condition="!Skin.HasSetting(NoAnimationInSkin)" content="SlideFadeDownTwoWayFastVisibleControl">
							<param name="control_id" value="51"/>
						</include>
						<left>0</left>
						<bottom>0</bottom>
						<height>792</height>
						<onup>20000</onup>
						<ondown>20001</ondown>
						<onright>5009</onright>
						<onleft>5999</onleft>
						<onfocus>Skin.Reset(OpenSideMenu)</onfocus>
						<orientation>vertical</orientation>
						<pagecontrol>5009</pagecontrol>
						<scrolltime tween="cubic" easing="out">500</scrolltime>
						<itemlayout width="270" height="342">
							<control type="image">
								<posx>9</posx>
								<posy>9</posy>
								<width>252</width>
								<height>324</height>
								<fadetime>500</fadetime>
								<aspectratio>stretch</aspectratio>
								<texture>shape/dim216/roundedposter.png</texture>
								<colordiffuse>FF000000</colordiffuse>
								<bordersize>0</bordersize>
							</control>
							<control type="image">
								<posx>9</posx>
								<posy>9</posy>
								<width>252</width>
								<height>324</height>
								<texture diffuse="shape/dim216/roundedposter.png" background="true">$INFO[ListItem.Icon]</texture>
								<colordiffuse>99FFFFFF</colordiffuse>
								<bordersize>0</bordersize>
								<fadetime>0</fadetime>
								<aspectratio scalediffuse="false" aligny="top">scale</aspectratio>
							</control>
							<control type="label">
								<left>18</left>
								<bottom>54</bottom>
								<width>234</width>
								<height>36</height>
								<font>Font22Bold</font>
								<textcolor>textActive</textcolor>
								<aligny>center</aligny>
								<label>$INFO[ListItem.Label]</label>
							</control>
							<control type="label">
								<left>18</left>
								<bottom>18</bottom>
								<width>234</width>
								<height>36</height>
								<font>Font20Bold</font>
								<textcolor>textActive</textcolor>
								<aligny>center</aligny>
								<label>$INFO[ListItem.Label2]</label>
							</control>
						</itemlayout>
						<focusedlayout width="270" height="342">
							<control type="group">
								<posx>9</posx>
								<posy>9</posy>
								<animation type="Focus">
									<effect type="zoom" start="100" end="102" center="auto" easing="out" time="300" tween="cubic"/>
								</animation>
								<animation type="UnFocus">
									<effect type="zoom" start="102" end="100" center="auto" easing="out" time="300" tween="cubic"/>
								</animation>
								<control type="image">
									<posx>0</posx>
									<posy>0</posy>
									<width>252</width>
									<height>324</height>
									<fadetime>0</fadetime>
									<aspectratio>stretch</aspectratio>
									<texture>shape/dim216/roundedposter.png</texture>
									<colordiffuse>FF000000</colordiffuse>
									<bordersize>0</bordersize>
								</control>
								<control type="image">
									<posx>0</posx>
									<posy>0</posy>
									<width>252</width>
									<height>324</height>
									<texture diffuse="shape/dim216/roundedposter.png" background="true">$INFO[ListItem.Icon]</texture>
									<colordiffuse>FFFFFFFF</colordiffuse>
									<bordersize>0</bordersize>
									<fadetime>0</fadetime>
									<aspectratio scalediffuse="false" aligny="top">scale</aspectratio>
								</control>
								<control type="image">
									<posx>0</posx>
									<posy>0</posy>
									<width>252</width>
									<height>324</height>
									<fadetime>0</fadetime>
									<aspectratio>stretch</aspectratio>
									<texture>shape/dim216/roundedposter.png</texture>
									<colordiffuse>80000000</colordiffuse>
									<bordersize>0</bordersize>
								</control>
							</control>
							<control type="textbox">
								<animation type="Focus">
									<effect type="zoom" start="90" end="100" center="auto" easing="out" time="300" tween="cubic"/>
									<effect type="fade" start="0" end="100" time="300"/>
								</animation>
								<animation type="UnFocus">
									<effect type="zoom" start="100" end="90" center="auto" easing="out" time="300" tween="cubic"/>
									<effect type="fade" start="100" end="0" time="300"/>
								</animation>
								<left>18</left>
								<top>18</top>
								<width>216</width>
								<height>306</height>
								<font>Font22Medium</font>
								<textcolor>textActive</textcolor>
								<aligny>center</aligny>
								<align>center</align>
								<label>[B]$INFO[ListItem.Label][/B][CR]$INFO[ListItem.Label2]</label>
							</control>
						</focusedlayout>
					</control>
					<!-- ID 52 for album -->
					<control type="group">
						<right>36</right>
						<bottom>36</bottom>
						<control type="grouplist">
							<include condition="!Skin.HasSetting(NoAnimationInSkin)">SlideFadeUpTwoWayFast</include>
							<include condition="!Skin.HasSetting(NoAnimationInSkin)">SlideFadeFromLeftToRightVisible</include>
							<visible>Control.IsVisible(52)</visible>
							<posx>108</posx>
							<bottom>0</bottom>
							<height>234</height>
							<itemgap>0</itemgap>
							<align>left</align>
							<orientation>vertical</orientation>
							<control type="Textbox">
								<posx>0</posx>
								<top>0</top>
								<font>Font48Bold</font>
								<width>auto</width>
								<height>auto</height>
								<label>$INFO[container(52).Listitem.Title]</label>
								<textcolor>FFFFFFFF</textcolor>
							</control>
							<control type="label">
								<posx>0</posx>
								<top>0</top>
								<font>Font28Bold</font>
								<width>auto</width>
								<height>36</height>
								<label>$INFO[container(52).Listitem.artist]</label>
								<textcolor>FFFFFFFF</textcolor>
							</control>
							<control type="label">
								<posx>0</posx>
								<top>72</top>
								<font>Font22Medium</font>
								<width>auto</width>
								<height>24</height>
								<aligny>top</aligny>
								<label>$INFO[container(52).Listitem.genre]</label>
								<textcolor>FFFFFFFF</textcolor>
							</control>
						</control>
					</control>
					<control type="fixedlist" id="52">
						<include condition="!Skin.HasSetting(NoAnimationInSkin)">ListBounceAnimationH</include>
						<visible>[container.content(albums) + [$EXP[MusicAlbum] | $EXP[MusicLastPlayed] | $EXP[MusicMostPlayed] | $EXP[MusicLastAdded] | $EXP[MusicMostLiked]] + !$EXP[MusicDiskAlbum] + !$EXP[MusicDiskAlbumFP]]|[$EXP[MusicTop100Album] | $EXP[MusicTop100Song] | $EXP[MusicPlaylistGenAlbum] | $EXP[MusicCompilationAlbum]]</visible>
						<include condition="!Skin.HasSetting(NoAnimationInSkin)">SlideFadeDownTwoWayFast</include>
						<include condition="!Skin.HasSetting(NoAnimationInSkin)" content="SlideFadeFromLeftToRightVisibleControl">
							<param name="control_id" value="52"/>
						</include>
						<left>-360</left>
						<right>-180</right>
						<bottom>288</bottom>
						<height>480</height>
						<orientation>horizontal</orientation>
						<onup condition="!Skin.HasSetting(OpenSideMenu)">Skin.Setbool(OpenSideMenu)</onup>
						<onup condition="!Skin.HasSetting(OpenSideMenu)">Control.SetFocus(599)</onup>
						<onfocus>Skin.Reset(OpenSideMenu)</onfocus>
						<onright>20001</onright>
						<ondown>5008</ondown>
						<onleft>5209</onleft>
						<preloaditems>1</preloaditems>
						<focusposition>1</focusposition>
						<scrolltime tween="cubic" easing="out">360</scrolltime>
						<pagecontrol>5008</pagecontrol>
						<itemlayout width="480" height="480">
							<control type="group">
								<left>24</left>
								<top>24</top>
								<width>432</width>
								<height>432</height>
								<control type="image">
									<posx>0</posx>
									<posy>0</posy>
									<width>432</width>
									<height>432</height>
									<aspectratio>stretch</aspectratio>
									<texture>shape/dim360/roundedsquarehalf.png</texture>
									<colordiffuse>FF000000</colordiffuse>
									<bordersize>0</bordersize>
								</control>
								<control type="image">
									<depth>DepthContentPopout</depth>
									<posx>0</posx>
									<posy>0</posy>
									<width>432</width>
									<height>432</height>
									<texture diffuse="shape/dim360/roundedsquarehalf.png" background="true">$INFO[ListItem.thumb]</texture>
									<colordiffuse>80FFFFFF</colordiffuse>
									<bordersize>0</bordersize>
									<fadetime>180</fadetime>
									<aspectratio scalediffuse="false">scale</aspectratio>
								</control>
								<control type="textbox">
									<visible>String.isEmpty(Listitem.thumb)</visible>
									<posx>18</posx>
									<posy>18</posy>
									<font>Font32Bold</font>
									<width>396</width>
									<height>396</height>
									<aligny>center</aligny>
									<label>$INFO[Listitem.Label]</label>
									<textcolor>80FFFFFF</textcolor>
								</control>
								<control type="label">
									<visible>!ListItem.IsParentFolder</visible>
									<visible>[$EXP[MusicLastPlayed] | $EXP[MusicMostPlayed] | $EXP[MusicLastAdded] | $EXP[MusicMostLiked]]</visible>
									<bottom>18</bottom>
									<left>18</left>
									<font>Font20Bold</font>
									<width>auto</width>
									<height>24</height>
									<label>$VAR[MediaListHasXSPfromLimaSky]</label>
									<textoffsetx>5</textoffsetx>
									<align>left</align>
								</control>
							</control>
						</itemlayout>
						<focusedlayout width="480" height="480">
							<control type="group">
								<animation type="Focus">
									<effect type="zoom" start="90" end="100" center="auto" easing="out" time="180" tween="cubic"/>
								</animation>
								<animation type="UnFocus">
									<effect type="zoom" start="100" end="90" center="auto" easing="out" time="180" tween="cubic"/>
								</animation>
								<width>480</width>
								<height>480</height>
								<control type="image">
									<posx>0</posx>
									<posy>0</posy>
									<width>480</width>
									<height>480</height>
									<aspectratio>stretch</aspectratio>
									<texture>shape/dim360/roundedsquarehalf.png</texture>
									<colordiffuse>FF000000</colordiffuse>
									<bordersize>0</bordersize>
								</control>
								<control type="image">
									<depth>DepthContentPopout</depth>
									<animation type="Focus">
										<effect type="fade" start="50" end="100" time="180"/>
									</animation>
									<animation type="UnFocus">
										<effect type="fade" start="100" end="50" time="180"/>
									</animation>
									<posx>0</posx>
									<posy>0</posy>
									<width>480</width>
									<height>480</height>
									<texture diffuse="shape/dim360/roundedsquarehalf.png" background="true">$INFO[ListItem.thumb]</texture>
									<colordiffuse>FFFFFFFF</colordiffuse>
									<bordersize>0</bordersize>
									<fadetime>0</fadetime>
									<aspectratio scalediffuse="false">scale</aspectratio>
								</control>
								<control type="textbox">
									<visible>String.isEmpty(Listitem.thumb)</visible>
									<posx>18</posx>
									<posy>18</posy>
									<font>Font32Bold</font>
									<width>444</width>
									<height>444</height>
									<aligny>center</aligny>
									<label>$INFO[Listitem.Label]</label>
									<textcolor>80FFFFFF</textcolor>
								</control>
								<control type="label">
									<visible>!ListItem.IsParentFolder</visible>
									<include condition="!Skin.HasSetting(NoAnimationInSkin)">FocusedItemFadeReversed</include>
									<visible>[$EXP[MusicLastPlayed] | $EXP[MusicMostPlayed] | $EXP[MusicLastAdded] | $EXP[MusicMostLiked]]</visible>
									<bottom>18</bottom>
									<left>18</left>
									<font>Font22Bold</font>
									<width>auto</width>
									<height>28</height>
									<label>$VAR[MediaListHasXSPfromLimaSky]</label>
									<textoffsetx>6</textoffsetx>
									<align>left</align>
								</control>
								<control type="button">
									<visible>!ListItem.IsParentFolder</visible>
									<include condition="!Skin.HasSetting(NoAnimationInSkin)">FocusedItemFade</include>
									<visible>[$EXP[MusicLastPlayed] | $EXP[MusicMostPlayed] | $EXP[MusicLastAdded] | $EXP[MusicMostLiked]]</visible>
									<bottom>18</bottom>
									<left>18</left>
									<font>Font22Bold</font>
									<width>auto</width>
									<height>28</height>
									<label>$VAR[MediaListHasXSPfromLimaSky]</label>
									<textoffsetx>6</textoffsetx>
									<align>left</align>
									<texturefocus colordiffuse="80000000" border="8">shape/dim72/roundedsquare.png</texturefocus>
									<texturenofocus colordiffuse="80000000" border="8">shape/dim72/roundedsquare.png</texturenofocus>
								</control>
							</control>
						</focusedlayout>
					</control>
					<control type="group">
						<include condition="!Skin.HasSetting(NoAnimationInSkin)">SlideFadeLeftTwoWay</include>
						<include condition="!Skin.HasSetting(NoAnimationInSkin)">SlideFadeLeftTwoWayVisible</include>
						<visible>[[Control.IsVisible(52) + String.IsEqual(Container(52).CurrentItem,0)]|Control.IsVisible(58)|Control.IsVisible(59)]</visible>
						<visible>$EXP[MusicLastPlayed] | $EXP[MusicMostPlayed] | $EXP[MusicLastAdded] | $EXP[MusicMostLiked] | $EXP[MusicTopRecommendation] | $EXP[MusicSongLastPlayed] | $EXP[MusicSongMostPlayed] | $EXP[MusicSongLastAdded] | $EXP[MusicSongMostLiked] | $EXP[MusicTopRecommendationForSong]</visible>
						<left>-64</left>
						<bottom>288</bottom>
						<width>162</width>
						<height>480</height>
						<control type="button" id="5209">
							<visible>[[Control.IsVisible(52) + String.IsEqual(Container(52).CurrentItem,0)]|Control.IsVisible(58)|Control.IsVisible(59)]</visible>
							<width>162</width>
							<height>480</height>
							<texturefocus colordiffuse="sorotan" border="18">shape/dim180/roundedright.png</texturefocus>
							<texturenofocus colordiffuse="80000000" border="18">shape/dim180/roundedright.png</texturenofocus>
							<onup condition="Control.IsVisible(500)">20000</onup>
							<onup condition="!Skin.HasSetting(OpenSideMenu)">Skin.Setbool(OpenSideMenu)</onup>
							<onup condition="!Skin.HasSetting(OpenSideMenu)">Control.SetFocus(599)</onup>
							<onfocus>Skin.Reset(OpenSideMenu)</onfocus>
							<onright>52</onright>
							<ondown>5008</ondown>
							<onleft>20000</onleft>
							<onclick condition="$EXP[MusicLastPlayed]">ActivateWindow(music,special://skin/extras/playlists/App/Music_lastplayedSongs.xsp,return)</onclick>
							<onclick condition="$EXP[MusicMostPlayed]">ActivateWindow(music,special://skin/extras/playlists/App/Music_mostplayedSongs.xsp,return)</onclick>
							<onclick condition="$EXP[MusicLastAdded]">ActivateWindow(music,special://skin/extras/playlists/App/Music_addedSongs.xsp,return)</onclick>
							<onclick condition="$EXP[MusicMostLiked]">ActivateWindow(music,special://skin/extras/playlists/App/Music_userratedSongs.xsp,return)</onclick>
							<onclick condition="$EXP[MusicTopRecommendation]">ActivateWindow(music,special://skin/extras/playlists/App/Music_recommendedSongs.xsp,return)</onclick>
							<onclick condition="$EXP[MusicSongLastPlayed]">ActivateWindow(music,special://skin/extras/playlists/App/Music_lastplayedAlbums.xsp,return)</onclick>
							<onclick condition="$EXP[MusicSongMostPlayed]">ActivateWindow(music,special://skin/extras/playlists/App/Music_mostplayedAlbums.xsp,return)</onclick>
							<onclick condition="$EXP[MusicSongLastAdded]">ActivateWindow(music,special://skin/extras/playlists/App/Music_addedAlbums.xsp,return)</onclick>
							<onclick condition="$EXP[MusicSongMostLiked]">ActivateWindow(music,special://skin/extras/playlists/App/Music_userratedAlbums.xsp,return)</onclick>
							<onclick condition="$EXP[MusicTopRecommendationForSong]">ActivateWindow(music,special://skin/extras/playlists/App/Music_recommendedAlbums.xsp,return)</onclick>
						</control>
						<control type="label">
							<animation effect="slide" start="0,0" end="0,270" time="180" delay="0" condition="$EXP[MusicSongLastPlayed] | $EXP[MusicSongMostPlayed] | $EXP[MusicSongLastAdded] | $EXP[MusicSongMostLiked] | $EXP[MusicTopRecommendationForSong]">Conditional</animation>
							<animation effect="fade" start="50" end="100" time="180" delay="0" condition="$EXP[MusicLastPlayed] | $EXP[MusicMostPlayed] | $EXP[MusicLastAdded] | $EXP[MusicMostLiked] | $EXP[MusicTopRecommendation]">Conditional</animation>
							<left>64</left>
							<right>18</right>
							<posy>72</posy>
							<height>72</height>
							<font>symbolSize72</font>
							<textcolor>textActive</textcolor>
							<align>center</align>
							<aligny>center</aligny>
							<label></label>
						</control>
						<control type="label">
							<left>64</left>
							<right>18</right>
							<centertop>50%</centertop>
							<height>72</height>
							<font>symbolSize54</font>
							<textcolor>sorotbright</textcolor>
							<align>center</align>
							<aligny>center</aligny>
							<label></label>
						</control>
						<control type="label">
							<animation effect="slide" start="0,0" end="0,-270" time="180" delay="0" condition="![$EXP[MusicLastPlayed] | $EXP[MusicMostPlayed] | $EXP[MusicLastAdded] | $EXP[MusicMostLiked] | $EXP[MusicTopRecommendation]]">Conditional</animation>
							<animation effect="fade" start="50" end="100" time="180" delay="0" condition="$EXP[MusicSongLastPlayed] | $EXP[MusicSongMostPlayed] | $EXP[MusicSongLastAdded] | $EXP[MusicSongMostLiked] | $EXP[MusicTopRecommendationForSong]">Conditional</animation>
							<left>64</left>
							<right>18</right>
							<bottom>72</bottom>
							<height>72</height>
							<font>symbolSize72</font>
							<textcolor>textActive</textcolor>
							<align>center</align>
							<aligny>center</aligny>
							<label></label>
						</control>
					</control>
					<!-- ID 53 for Disk Album -->
					<control type="group">
						<control type="image">
							<visible>Control.IsVisible(53) | Control.IsVisible(54)</visible>
							<animation type="Visible">
								<effect type="zoom" start="150" end="100" center="-240,-84" tween="cubic" easing="out" time="300"/>
							</animation>
							<animation type="Hidden">
								<effect type="zoom" start="100" end="150" tween="cubic" center="-240,-84" easing="out" time="360"/>
							</animation>
							<include condition="!Skin.HasSetting(NoAnimationInSkin)">SlideFadeDownTwoWay</include>
							<left>0</left>
							<top>36</top>
							<width>320</width>
							<height>320</height>
							<texture diffuse="shape/dim360/roundedsquarehalf.png" fallback="defaultaudio.png" background="true">$INFO[container.art(thumb)]</texture>
							<colordiffuse>FFFFFFFF</colordiffuse>
							<bordersize>0</bordersize>
							<fadetime>0</fadetime>
							<aspectratio scalediffuse="false">scale</aspectratio>
						</control>
						<control type="group">
							<visible>Control.IsVisible(53) | Control.IsVisible(54)</visible>
							<include condition="!Skin.HasSetting(NoAnimationInSkin)">SlideFadeDownTwoWay</include>
							<include condition="!Skin.HasSetting(NoAnimationInSkin)">SlideFadeDownTwoWayFastVisible</include>
							<control type="label">
								<left>360</left>
								<top>36</top>
								<font>Font42Bold</font>
								<height>45</height>
								<aligny>center</aligny>
								<align>left</align>
								<wrapmultiline>false</wrapmultiline>
								<label>$VAR[ControlAlbumListMusicTitleVar]</label>
								<textcolor>FFFFFFFF</textcolor>
							</control>
							<control type="label">
								<left>360</left>
								<top>98</top>
								<font>Font32Medium</font>
								<height>36</height>
								<aligny>center</aligny>
								<align>left</align>
								<wrapmultiline>false</wrapmultiline>
								<label>$VAR[ControlAlbumListMusicArtistVar]</label>
								<textcolor>FFFFFFFF</textcolor>
							</control>
						</control>
					</control>
					<control type="list" id="53">
						<include condition="!Skin.HasSetting(NoAnimationInSkin)">ListBounceAnimation</include>
						<visible>$EXP[MusicSongAlbum] + ![$EXP[MusicCompilationAlbum]]</visible>
						<include condition="!Skin.HasSetting(NoAnimationInSkin)">SlideFadeDownTwoWay</include>
						<animation type="Conditional" condition="Control.IsVisible(53)">
							<effect type="fade" start="0" end="100" time="180" delay="240"/>
						</animation>
						<left>360</left>
						<right>0</right>
						<top>180</top>
						<bottom>0</bottom>
						<orientation>vertical</orientation>
						<onleft condition="!Skin.HasSetting(OpenSideMenu)">Skin.Setbool(OpenSideMenu)</onleft>
						<onleft condition="!Skin.HasSetting(OpenSideMenu)">Control.SetFocus(599)</onleft>
						<onfocus>Skin.Reset(OpenSideMenu)</onfocus>
						<ondown>20001</ondown>
						<onright>5009</onright>
						<onup>20000</onup>
						<preloaditems>2</preloaditems>
						<focusposition>0</focusposition>
						<scrolltime tween="cubic" easing="inout">360</scrolltime>
						<pagecontrol>5009</pagecontrol>
						<itemlayout height="78">
							<control type="label">
								<visible>ListItem.IsParentFolder</visible>
								<posx>18</posx>
								<posy>6</posy>
								<width>auto</width>
								<height>36</height>
								<aligny>center</aligny>
								<font>Font36Bold</font>
								<textcolor>textActive</textcolor>
								<shadowcolor/>
								<label>$INFO[ListItem.Label]</label>
							</control>
							<control type="group">
								<visible>!ListItem.IsParentFolder</visible>
								<control type="label">
									<animation type="conditional" condition="ListItem.IsPlaying" loop="false" reversible="true">
										<effect type="slide" start="0,0" end="27,0" tween="cubic" easing="in" time="180"/>
									</animation>
									<posx>0</posx>
									<posy>0</posy>
									<width>72</width>
									<height>72</height>
									<align>center</align>
									<aligny>center</aligny>
									<font>Font36Regular</font>
									<textcolor>textActive</textcolor>
									<shadowcolor/>
									<label>$INFO[ListItem.TrackNumber]</label>
								</control>
								<control type="label">
									<visible>ListItem.IsPlaying + !player.paused</visible>
									<include>fadeInOutVisible</include>
									<posy>0</posy>
									<width>54</width>
									<height>72</height>
									<align>center</align>
									<aligny>center</aligny>
									<font>symbolSize30</font>
									<textcolor>textActive</textcolor>
									<shadowcolor/>
									<label></label>
								</control>
								<control type="label">
									<visible>ListItem.IsPlaying + player.paused</visible>
									<include>fadeInOutVisible</include>
									<posy>0</posy>
									<width>54</width>
									<height>72</height>
									<align>center</align>
									<aligny>center</aligny>
									<font>symbolSize30</font>
									<textcolor>textActive</textcolor>
									<shadowcolor/>
									<label></label>
								</control>
							</control>
							<control type="group">
								<right>108</right>
								<height>72</height>
								<control type="label">
									<posx>96</posx>
									<posy>6</posy>
									<width>auto</width>
									<height>36</height>
									<aligny>center</aligny>
									<font>Font24Bold</font>
									<textcolor>textActive</textcolor>
									<shadowcolor/>
									<label>$INFO[ListItem.Title]</label>
								</control>
								<control type="label">
									<posx>96</posx>
									<posy>39</posy>
									<width>auto</width>
									<height>24</height>
									<aligny>center</aligny>
									<font>Font20Medium</font>
									<textcolor>FFCCCCCC</textcolor>
									<shadowcolor/>
									<label>$INFO[ListItem.Artist]</label>
								</control>
							</control>
							<control type="label">
								<visible>!ListItem.IsParentFolder</visible>
								<right>0</right>
								<posy>0</posy>
								<width>108</width>
								<height>72</height>
								<align>center</align>
								<aligny>center</aligny>
								<font>Font24Regular</font>
								<textcolor>textActive</textcolor>
								<shadowcolor/>
								<label>$INFO[ListItem.Duration]</label>
							</control>
						</itemlayout>
						<focusedlayout height="78">
							<control type="group">
								<include condition="!Skin.HasSetting(NoAnimationInSkin)">FocusedItemFade</include>
								<include content="ModelListHorizontalRounded">
									<param name="modelkey_size" value="72"/>
									<param name="modelkey_color" value="sorotan"/>
									<param name="dimensionkey_size" value="dim72"/>
								</include>
							</control>
							<control type="label">
								<visible>ListItem.IsParentFolder</visible>
								<posx>18</posx>
								<posy>6</posy>
								<width>auto</width>
								<height>36</height>
								<aligny>center</aligny>
								<font>Font36Bold</font>
								<textcolor>textActive</textcolor>
								<shadowcolor/>
								<label>$INFO[ListItem.Label]</label>
							</control>
							<control type="group">
								<visible>!ListItem.IsParentFolder</visible>
								<control type="label">
									<animation type="conditional" condition="ListItem.IsPlaying" loop="false" reversible="true">
										<effect type="slide" start="0,0" end="27,0" tween="cubic" easing="in" time="180"/>
									</animation>
									<posx>0</posx>
									<posy>0</posy>
									<width>72</width>
									<height>72</height>
									<align>center</align>
									<aligny>center</aligny>
									<font>Font36Regular</font>
									<textcolor>textActive</textcolor>
									<shadowcolor/>
									<label>$INFO[ListItem.TrackNumber]</label>
								</control>
								<control type="label">
									<visible>ListItem.IsPlaying + !player.paused</visible>
									<posy>0</posy>
									<width>54</width>
									<height>72</height>
									<align>center</align>
									<aligny>center</aligny>
									<font>symbolSize30</font>
									<textcolor>textActive</textcolor>
									<shadowcolor/>
									<label></label>
								</control>
								<control type="label">
									<visible>ListItem.IsPlaying + player.paused</visible>
									<posy>0</posy>
									<width>54</width>
									<height>72</height>
									<align>center</align>
									<aligny>center</aligny>
									<font>symbolSize30</font>
									<textcolor>textActive</textcolor>
									<shadowcolor/>
									<label></label>
								</control>
							</control>
							<control type="group">
								<right>108</right>
								<height>72</height>
								<control type="label">
									<posx>96</posx>
									<posy>6</posy>
									<width>auto</width>
									<height>36</height>
									<aligny>center</aligny>
									<font>Font24Bold</font>
									<textcolor>textActive</textcolor>
									<shadowcolor/>
									<label>$INFO[ListItem.Title]</label>
								</control>
								<control type="label">
									<posx>96</posx>
									<posy>39</posy>
									<width>auto</width>
									<height>24</height>
									<aligny>center</aligny>
									<font>Font20Medium</font>
									<textcolor>FFCCCCCC</textcolor>
									<shadowcolor/>
									<label>$INFO[ListItem.Artist]</label>
								</control>
							</control>
							<control type="label">
								<visible>!ListItem.IsParentFolder</visible>
								<right>0</right>
								<posy>0</posy>
								<width>108</width>
								<height>72</height>
								<align>center</align>
								<aligny>center</aligny>
								<font>Font24Regular</font>
								<textcolor>textActive</textcolor>
								<shadowcolor/>
								<label>$INFO[ListItem.Duration]</label>
							</control>
						</focusedlayout>
					</control>
					<control type="list" id="54">
						<include condition="!Skin.HasSetting(NoAnimationInSkin)">ListBounceAnimation</include>
						<visible>$EXP[MusicDiskAlbum] + ![$EXP[MusicCompilationAlbum]]</visible>
						<include condition="!Skin.HasSetting(NoAnimationInSkin)">SlideFadeDownTwoWay</include>
						<animation type="Conditional" condition="Control.IsVisible(54)">
							<effect type="fade" start="0" end="100" time="180" delay="240"/>
						</animation>
						<left>360</left>
						<right>0</right>
						<top>180</top>
						<bottom>0</bottom>
						<orientation>vertical</orientation>
						<onleft condition="!Skin.HasSetting(OpenSideMenu)">Skin.Setbool(OpenSideMenu)</onleft>
						<onleft condition="!Skin.HasSetting(OpenSideMenu)">Control.SetFocus(599)</onleft>
						<onfocus>Skin.Reset(OpenSideMenu)</onfocus>
						<ondown>20001</ondown>
						<onright>5009</onright>
						<onup>20000</onup>
						<preloaditems>2</preloaditems>
						<focusposition>0</focusposition>
						<scrolltime tween="cubic" easing="inout">360</scrolltime>
						<pagecontrol>5009</pagecontrol>
						<itemlayout height="216">
							<control type="image">
								<posx>18</posx>
								<posy>18</posy>
								<width>180</width>
								<height>180</height>
								<texture diffuse="shape/dim180/roundedsquare.png" fallback="defaultaudio.png" background="true">$INFO[ListItem.art(thumb)]</texture>
								<bordersize>0</bordersize>
								<fadetime>500</fadetime>
								<aspectratio scalediffuse="false">scale</aspectratio>
								<colordiffuse>FFFFFFFF</colordiffuse>
							</control>
							<control type="label">
								<posx>252</posx>
								<posy>18</posy>
								<width>auto</width>
								<height>54</height>
								<aligny>center</aligny>
								<font>Font36Bold</font>
								<textcolor>textActive</textcolor>
								<shadowcolor/>
								<label>$INFO[ListItem.Label]</label>
							</control>
						</itemlayout>
						<focusedlayout height="216">
							<control type="group">
								<include condition="!Skin.HasSetting(NoAnimationInSkin)">FocusedItemFade</include>
								<include content="ModelListHorizontalRounded">
									<param name="modelkey_size" value="216"/>
									<param name="modelkey_color" value="sorotan"/>
									<param name="dimensionkey_size" value="dim216"/>
								</include>
							</control>
							<control type="image">
								<posx>18</posx>
								<posy>18</posy>
								<width>180</width>
								<height>180</height>
								<texture diffuse="shape/dim180/roundedsquare.png" fallback="defaultaudio.png" background="true">$INFO[ListItem.art(thumb)]</texture>
								<bordersize>0</bordersize>
								<fadetime>500</fadetime>
								<aspectratio scalediffuse="false">scale</aspectratio>
								<colordiffuse>FFFFFFFF</colordiffuse>
							</control>
							<control type="label">
								<posx>252</posx>
								<posy>18</posy>
								<width>auto</width>
								<height>54</height>
								<aligny>center</aligny>
								<font>Font36Bold</font>
								<textcolor>textActive</textcolor>
								<shadowcolor/>
								<label>$INFO[ListItem.Label]</label>
							</control>
						</focusedlayout>
					</control>
					<control type="panel" id="55">
						<visible>$EXP[MusicSongTrack] | $EXP[MusicSongSingle] | $EXP[MusicCompilationSong] | $EXP[MusicPlaylistGenSong]</visible>
						<include condition="!Skin.HasSetting(NoAnimationInSkin)">SlideFadeDownTwoWay</include>
						<include condition="!Skin.HasSetting(NoAnimationInSkin)">ListBounceAnimation</include>
						<include condition="!Skin.HasSetting(NoAnimationInSkin)" content="SlideFadeFromUpToDownVisibleControl">
							<param name="control_id" value="55"/>
						</include>
						<left>0</left>
						<right>0</right>
						<bottom>0</bottom>
						<height>792</height>
						<onleft condition="!Skin.HasSetting(OpenSideMenu)">Skin.Setbool(OpenSideMenu)</onleft>
						<onleft condition="!Skin.HasSetting(OpenSideMenu)">Control.SetFocus(599)</onleft>
						<onfocus>Skin.Reset(OpenSideMenu)</onfocus>
						<onright>5009</onright>
						<ondown>20001</ondown>
						<onup>20000</onup>
						<pagecontrol>5009</pagecontrol>
						<orientation>vertical</orientation>
						<scrolltime tween="cubic" easing="out">500</scrolltime>
						<itemlayout height="90">
							<control type="image">
								<left>0</left>
								<posy>0</posy>
								<width>90</width>
								<height>90 </height>
								<texture diffuse="shape/dim90/roundedsquare.png" background="true">$INFO[ListItem.thumb]</texture>
								<colordiffuse>FFFFFFFF</colordiffuse>
								<bordersize>6</bordersize>
								<aspectratio scalediffuse="false">scale</aspectratio>
							</control>
							<control type="group">
								<visible>!ListItem.IsParentFolder</visible>
								<control type="image">
									<visible>ListItem.IsPlaying</visible>
									<left>0</left>
									<posy>0</posy>
									<width>90</width>
									<height>90</height>
									<texture>shape/dim90/roundedsquare.png</texture>
									<colordiffuse>80000000</colordiffuse>
									<bordersize>6</bordersize>
									<aspectratio>stretch</aspectratio>
								</control>
								<control type="label">
									<visible>ListItem.IsPlaying + !player.paused</visible>
									<posy>0</posy>
									<width>90</width>
									<height>90</height>
									<align>center</align>
									<aligny>center</aligny>
									<font>symbolSize36</font>
									<textcolor>textActive</textcolor>
									<shadowcolor/>
									<label></label>
								</control>
								<control type="label">
									<visible>ListItem.IsPlaying + player.paused</visible>
									<posy>0</posy>
									<width>90</width>
									<height>90</height>
									<align>center</align>
									<aligny>center</aligny>
									<font>symbolSize36</font>
									<textcolor>textActive</textcolor>
									<shadowcolor/>
									<label></label>
								</control>
							</control>
							<control type="group">
								<posx>90</posx>
								<control type="label">
									<left>0</left>
									<posy>8</posy>
									<height>42</height>
									<align>left</align>
									<aligny>center</aligny>
									<font>Font28Medium</font>
									<textoffsetx>18</textoffsetx>
									<textcolor>textActive</textcolor>
									<label>$INFO[ListItem.Title]</label>
								</control>
								<control type="label">
									<left>0</left>
									<posy>44</posy>
									<height>38</height>
									<align>left</align>
									<aligny>center</aligny>
									<font>Font22Regular</font>
									<textoffsetx>18</textoffsetx>
									<textcolor>FF808080</textcolor>
									<label>$INFO[ListItem.Artist]</label>
								</control>
								<control type="label">
									<right>0</right>
									<posy>16</posy>
									<height>36</height>
									<align>right</align>
									<aligny>center</aligny>
									<font>Font22Bold</font>
									<textoffsetx>18</textoffsetx>
									<textcolor>textActive</textcolor>
									<label>$INFO[ListItem.Duration]</label>
								</control>
								<control type="label">
									<right>0</right>
									<posy>44</posy>
									<height>32</height>
									<align>right</align>
									<aligny>center</aligny>
									<font>Font20Medium</font>
									<textoffsetx>18</textoffsetx>
									<textcolor>FF808080</textcolor>
									<label>$VAR[ListHasSorted]</label>
								</control>
							</control>
						</itemlayout>
						<focusedlayout height="90">
							<control type="group">
								<include condition="!Skin.HasSetting(NoAnimationInSkin)">FocusedItemFade</include>
								<include content="ModelListHorizontalRounded">
									<param name="modelkey_size" value="90"/>
									<param name="modelkey_color" value="sorotan"/>
									<param name="dimensionkey_size" value="dim90"/>
								</include>
							</control>
							<control type="image">
								<left>0</left>
								<posy>0</posy>
								<width>90</width>
								<height>90</height>
								<texture diffuse="shape/dim90/roundedsquare.png" background="true">$INFO[ListItem.thumb]</texture>
								<colordiffuse>FFFFFFFF</colordiffuse>
								<bordersize>6</bordersize>
								<aspectratio scalediffuse="false">scale</aspectratio>
							</control>
							<control type="group">
								<visible>!ListItem.IsParentFolder</visible>
								<control type="image">
									<visible>ListItem.IsPlaying</visible>
									<left>0</left>
									<posy>0</posy>
									<width>90</width>
									<height>90</height>
									<texture>shape/dim90/roundedsquare.png</texture>
									<colordiffuse>80000000</colordiffuse>
									<bordersize>6</bordersize>
									<aspectratio>stretch</aspectratio>
								</control>
								<control type="label">
									<visible>ListItem.IsPlaying + !player.paused</visible>
									<posy>0</posy>
									<width>90</width>
									<height>90</height>
									<align>center</align>
									<aligny>center</aligny>
									<font>symbolSize36</font>
									<textcolor>textActive</textcolor>
									<shadowcolor/>
									<label></label>
								</control>
								<control type="label">
									<visible>ListItem.IsPlaying + player.paused</visible>
									<posy>0</posy>
									<width>90</width>
									<height>90</height>
									<align>center</align>
									<aligny>center</aligny>
									<font>symbolSize36</font>
									<textcolor>textActive</textcolor>
									<shadowcolor/>
									<label></label>
								</control>
							</control>
							<control type="group">
								<posx>90</posx>
								<control type="label">
									<left>0</left>
									<posy>8</posy>
									<height>42</height>
									<align>left</align>
									<aligny>center</aligny>
									<font>Font28Medium</font>
									<textoffsetx>18</textoffsetx>
									<textcolor>textActive</textcolor>
									<label>$INFO[ListItem.Title]</label>
								</control>
								<control type="label">
									<left>0</left>
									<posy>44</posy>
									<height>38</height>
									<align>left</align>
									<aligny>center</aligny>
									<font>Font22Regular</font>
									<textoffsetx>18</textoffsetx>
									<textcolor>FF808080</textcolor>
									<label>$INFO[ListItem.Artist]</label>
								</control>
								<control type="label">
									<right>0</right>
									<posy>16</posy>
									<height>36</height>
									<align>right</align>
									<aligny>center</aligny>
									<font>Font22Bold</font>
									<textoffsetx>18</textoffsetx>
									<textcolor>textActive</textcolor>
									<label>$INFO[ListItem.Duration]</label>
								</control>
								<control type="label">
									<right>0</right>
									<posy>44</posy>
									<height>32</height>
									<align>right</align>
									<aligny>center</aligny>
									<font>Font20Medium</font>
									<textoffsetx>18</textoffsetx>
									<textcolor>FF808080</textcolor>
									<label>$VAR[ListHasSorted]</label>
								</control>
							</control>
						</focusedlayout>
					</control>
					<control type="group">
						<right>0</right>
						<bottom>36</bottom>
						<height>846</height>
						<control type="image">
							<visible>Control.IsVisible(56)</visible>
							<animation type="Visible">
								<effect type="zoom" start="80" end="100" center="456,306" tween="cubic" easing="inout" time="300"/>
							</animation>
							<animation type="Hidden">
								<effect type="zoom" start="100" end="80" tween="cubic" center="456,306" easing="inout" time="480"/>
							</animation>
							<include condition="!Skin.HasSetting(NoAnimationInSkin)">SlideFadeDownTwoWay</include>
							<left>36</left>
							<bottom>180</bottom>
							<width>600</width>
							<height>600</height>
							<texture diffuse="shape/dimSD/roundedsquarehalf.png">$INFO[container.art(thumb)]</texture>
							<colordiffuse>FFFFFFFF</colordiffuse>
							<bordersize>0</bordersize>
							<fadetime>0</fadetime>
							<aspectratio scalediffuse="false">scale</aspectratio>
						</control>
						<control type="textbox">
							<visible>Control.IsVisible(56)</visible>
							<include condition="!Skin.HasSetting(NoAnimationInSkin)">SlideFadeDownTwoWay</include>
							<include condition="!Skin.HasSetting(NoAnimationInSkin)">fadeInOutVisible</include>
							<left>36</left>
							<bottom>-36</bottom>
							<width>600</width>
							<height>162</height>
							<font>Font42Bold</font>
							<aligny>top</aligny>
							<label>$VAR[ControlAlbumListMusicTitleVar]</label>
							<textcolor>FFFFFFFF</textcolor>
						</control>
						<control type="label">
							<visible>Control.IsVisible(56)</visible>
							<include condition="!Skin.HasSetting(NoAnimationInSkin)">SlideFadeDownTwoWay</include>
							<include condition="!Skin.HasSetting(NoAnimationInSkin)">fadeInOutVisible</include>
							<left>36</left>
							<bottom>126</bottom>
							<width>600</width>
							<height>36</height>
							<font>Font32Medium</font>
							<aligny>center</aligny>
							<label>$VAR[ControlAlbumListMusicArtistVar]</label>
							<textcolor>FFFFFFFF</textcolor>
						</control>
					</control>
					<control type="list" id="56">
						<include condition="!Skin.HasSetting(NoAnimationInSkin)">SlideFadeDownTwoWay</include>
						<include condition="!Skin.HasSetting(NoAnimationInSkin)">ListBounceAnimation</include>
						<include condition="!Skin.HasSetting(NoAnimationInSkin)" content="SlideFadeFromDownToUpVisibleControl">
							<param name="control_id" value="56"/>
						</include>
						<visible>[$EXP[MusicSongAlbumFP] | $EXP[MusicDiskAlbumFP]] + ![$EXP[MusicTop100Album]]</visible>
						<bottom>0</bottom>
						<left>684</left>
						<height>800</height>
						<onleft condition="!Skin.HasSetting(OpenSideMenu)">Skin.Setbool(OpenSideMenu)</onleft>
						<onleft condition="!Skin.HasSetting(OpenSideMenu)">Control.SetFocus(599)</onleft>
						<onfocus>Skin.Reset(OpenSideMenu)</onfocus>
						<onright>5009</onright>
						<ondown>20001</ondown>
						<onup>20000</onup>
						<pagecontrol>5009</pagecontrol>
						<scrolltime tween="cubic" easing="out">500</scrolltime>
						<itemlayout height="90" condition="$EXP[MusicSongAlbumFP]">
							<control type="group">
								<left>36</left>
								<right>36</right>
								<visible>!ListItem.IsParentFolder</visible>
								<control type="label">
									<posx>0</posx>
									<posy>0</posy>
									<width>108</width>
									<height>90</height>
									<align>right</align>
									<aligny>center</aligny>
									<font>Font54Bold</font>
									<textcolor>textActive</textcolor>
									<shadowcolor/>
									<label>$INFO[ListItem.TrackNumber,,]</label>
								</control>
								<control type="label">
									<visible>ListItem.IsPlaying + !player.paused</visible>
									<include>fadeInOutVisible</include>
									<posy>0</posy>
									<left>-36</left>
									<width>42</width>
									<height>90</height>
									<align>center</align>
									<aligny>center</aligny>
									<font>symbolSize30</font>
									<textcolor>textActive</textcolor>
									<shadowcolor/>
									<label></label>
								</control>
								<control type="label">
									<visible>ListItem.IsPlaying + player.paused</visible>
									<include>fadeInOutVisible</include>
									<posy>0</posy>
									<left>-36</left>
									<width>42</width>
									<height>90</height>
									<align>center</align>
									<aligny>center</aligny>
									<font>symbolSize30</font>
									<textcolor>textActive</textcolor>
									<shadowcolor/>
									<label></label>
								</control>
							</control>
							<control type="group">
								<right>108</right>
								<height>72</height>
								<control type="label">
									<visible>String.isEmpty(ListItem.Title)</visible>
									<left>36</left>
									<posy>6</posy>
									<height>36</height>
									<aligny>center</aligny>
									<font>Font54Bold</font>
									<textcolor>textActive</textcolor>
									<shadowcolor/>
									<label>$INFO[ListItem.Label]</label>
								</control>
								<control type="label">
									<left>162</left>
									<posy>11</posy>
									<height>36</height>
									<aligny>center</aligny>
									<font>Font28Bold</font>
									<textcolor>textActive</textcolor>
									<shadowcolor/>
									<label>$INFO[ListItem.Title]</label>
								</control>
								<control type="label">
									<posx>162</posx>
									<posy>49</posy>
									<width>auto</width>
									<height>24</height>
									<aligny>center</aligny>
									<font>Font22Medium</font>
									<textcolor>FFCCCCCC</textcolor>
									<shadowcolor/>
									<label>$INFO[ListItem.Artist]</label>
								</control>
							</control>
							<control type="label">
								<visible>!ListItem.IsParentFolder</visible>
								<right>0</right>
								<posy>0</posy>
								<width>108</width>
								<height>90</height>
								<align>center</align>
								<aligny>center</aligny>
								<font>Font24Regular</font>
								<textcolor>textActive</textcolor>
								<shadowcolor/>
								<label>$INFO[ListItem.Duration]</label>
							</control>
						</itemlayout>
						<focusedlayout height="90" condition="$EXP[MusicSongAlbumFP]">
							<control type="group">
								<include condition="!Skin.HasSetting(NoAnimationInSkin)">FocusedItemFade</include>
								<include content="ModelListHorizontalRounded">
									<param name="modelkey_size" value="90"/>
									<param name="modelkey_color" value="sorotan"/>
									<param name="dimensionkey_size" value="dim90"/>
								</include>
							</control>
							<control type="group">
								<left>36</left>
								<right>36</right>
								<visible>!ListItem.IsParentFolder</visible>
								<control type="label">
									<posx>0</posx>
									<posy>0</posy>
									<width>108</width>
									<height>90</height>
									<align>right</align>
									<aligny>center</aligny>
									<font>Font54Bold</font>
									<textcolor>textActive</textcolor>
									<shadowcolor/>
									<label>$INFO[ListItem.TrackNumber,,]</label>
								</control>
								<control type="label">
									<visible>ListItem.IsPlaying + !player.paused</visible>
									<include>fadeInOutVisible</include>
									<posy>0</posy>
									<left>-36</left>
									<width>42</width>
									<height>90</height>
									<align>center</align>
									<aligny>center</aligny>
									<font>symbolSize30</font>
									<textcolor>textActive</textcolor>
									<shadowcolor/>
									<label></label>
								</control>
								<control type="label">
									<visible>ListItem.IsPlaying + player.paused</visible>
									<include>fadeInOutVisible</include>
									<posy>0</posy>
									<left>-36</left>
									<width>42</width>
									<height>90</height>
									<align>center</align>
									<aligny>center</aligny>
									<font>symbolSize30</font>
									<textcolor>textActive</textcolor>
									<shadowcolor/>
									<label></label>
								</control>
							</control>
							<control type="group">
								<right>108</right>
								<height>72</height>
								<control type="label">
									<visible>String.isEmpty(ListItem.Title)</visible>
									<left>36</left>
									<posy>6</posy>
									<height>36</height>
									<aligny>center</aligny>
									<font>Font54Bold</font>
									<textcolor>textActive</textcolor>
									<shadowcolor/>
									<label>$INFO[ListItem.Label]</label>
								</control>
								<control type="label">
									<left>162</left>
									<posy>11</posy>
									<height>36</height>
									<aligny>center</aligny>
									<font>Font28Bold</font>
									<textcolor>textActive</textcolor>
									<shadowcolor/>
									<label>$INFO[ListItem.Title]</label>
								</control>
								<control type="label">
									<posx>162</posx>
									<posy>49</posy>
									<width>auto</width>
									<height>24</height>
									<aligny>center</aligny>
									<font>Font22Medium</font>
									<textcolor>FFCCCCCC</textcolor>
									<shadowcolor/>
									<label>$INFO[ListItem.Artist]</label>
								</control>
							</control>
							<control type="label">
								<visible>!ListItem.IsParentFolder</visible>
								<right>0</right>
								<posy>0</posy>
								<width>108</width>
								<height>90</height>
								<align>center</align>
								<aligny>center</aligny>
								<font>Font24Regular</font>
								<textcolor>textActive</textcolor>
								<shadowcolor/>
								<label>$INFO[ListItem.Duration]</label>
							</control>
						</focusedlayout>
						<itemlayout height="144" condition="$EXP[MusicDiskAlbumFP]">
							<control type="image">
								<posx>0</posx>
								<posy>0</posy>
								<width>144</width>
								<height>144</height>
								<aspectratio>scale</aspectratio>
								<texture>shape/dim144/roundedsquare.png</texture>
								<bordersize>9</bordersize>
							</control>
							<control type="image">
								<posx>0</posx>
								<posy>0</posy>
								<width>144</width>
								<height>144</height>
								<aspectratio>scale</aspectratio>
								<texture>shape/dim144/roundedsquare.png</texture>
								<bordersize>9</bordersize>
								<colordiffuse>highlight</colordiffuse>
							</control>
							<control type="image">
								<posx>0</posx>
								<posy>0</posy>
								<width>144</width>
								<height>144</height>
								<aspectratio scalediffuse="false">scale</aspectratio>
								<texture diffuse="shape/dim144/roundedsquare.png">$INFO[ListItem.Art(thumb)]</texture>
								<bordersize>9</bordersize>
								<colordiffuse>FFFFFFFF</colordiffuse>
							</control>
							<control type="label">
								<visible>String.IsEmpty(ListItem.Title)</visible>
								<posx>172</posx>
								<posy>5</posy>
								<width>80%</width>
								<height>72</height>
								<aligny>center</aligny>
								<font>Font28Bold</font>
								<textcolor>textActive</textcolor>
								<shadowcolor/>
								<label>$INFO[ListItem.Label]</label>
							</control>
							<control type="label">
								<posx>172</posx>
								<posy>5</posy>
								<width>80%</width>
								<height>72</height>
								<aligny>center</aligny>
								<font>Font28Bold</font>
								<textcolor>textActive</textcolor>
								<shadowcolor/>
								<label>$INFO[ListItem.Title]</label>
							</control>
							<control type="label">
								<posx>172</posx>
								<posy>72</posy>
								<width>80%</width>
								<height>30</height>
								<aligny>center</aligny>
								<font>Font20Bold</font>
								<textcolor>textActive</textcolor>
								<shadowcolor/>
								<label>$INFO[ListItem.Artist]</label>
							</control>
						</itemlayout>
						<focusedlayout height="144" condition="$EXP[MusicDiskAlbumFP]">
							<control type="group">
								<include condition="!Skin.HasSetting(NoAnimationInSkin)">FocusedItemFade</include>
								<include content="ModelListHorizontalRounded">
									<param name="modelkey_size" value="144"/>
									<param name="modelkey_color" value="sorotan"/>
									<param name="dimensionkey_size" value="dim144"/>
								</include>
							</control>
							<control type="image">
								<posx>0</posx>
								<posy>0</posy>
								<width>144</width>
								<height>144</height>
								<aspectratio>scale</aspectratio>
								<texture>shape/dim144/roundedsquare.png</texture>
								<bordersize>9</bordersize>
							</control>
							<control type="image">
								<posx>0</posx>
								<posy>0</posy>
								<width>144</width>
								<height>144</height>
								<aspectratio>scale</aspectratio>
								<texture>shape/dim144/roundedsquare.png</texture>
								<bordersize>9</bordersize>
								<colordiffuse>highlight</colordiffuse>
							</control>
							<control type="image">
								<posx>0</posx>
								<posy>0</posy>
								<width>144</width>
								<height>144</height>
								<aspectratio scalediffuse="false">scale</aspectratio>
								<texture diffuse="shape/dim144/roundedsquare.png">$INFO[ListItem.Art(thumb)]</texture>
								<bordersize>9</bordersize>
								<colordiffuse>FFFFFFFF</colordiffuse>
							</control>
							<control type="label">
								<visible>String.IsEmpty(ListItem.Title)</visible>
								<posx>172</posx>
								<posy>5</posy>
								<width>80%</width>
								<height>72</height>
								<aligny>center</aligny>
								<font>Font28Bold</font>
								<textcolor>textActive</textcolor>
								<shadowcolor/>
								<label>$INFO[ListItem.Label]</label>
							</control>
							<control type="label">
								<posx>172</posx>
								<posy>5</posy>
								<width>80%</width>
								<height>72</height>
								<aligny>center</aligny>
								<font>Font28Bold</font>
								<textcolor>textActive</textcolor>
								<shadowcolor/>
								<label>$INFO[ListItem.Title]</label>
							</control>
							<control type="label">
								<posx>172</posx>
								<posy>72</posy>
								<width>80%</width>
								<height>30</height>
								<aligny>center</aligny>
								<font>Font20Bold</font>
								<textcolor>textActive</textcolor>
								<shadowcolor/>
								<label>$INFO[ListItem.Artist]</label>
							</control>
						</focusedlayout>
					</control>
					<control type="panel" id="57">
						<visible>$EXP[MusicTop100] | $EXP[MusicGenreArtist] | $EXP[MusicGenreAlbum] | $EXP[MusicYearAlbum]</visible>
						<include condition="!Skin.HasSetting(NoAnimationInSkin)">SlideFadeDownTwoWay</include>
						<include condition="!Skin.HasSetting(NoAnimationInSkin)" content="SlideFadeFromUpToDownVisibleControl">
							<param name="control_id" value="57"/>
						</include>
						<left>0</left>
						<right>0</right>
						<bottom>0</bottom>
						<height>864</height>
						<onleft condition="!Skin.HasSetting(OpenSideMenu)">Skin.Setbool(OpenSideMenu)</onleft>
						<onleft condition="!Skin.HasSetting(OpenSideMenu)">Control.SetFocus(599)</onleft>
						<onfocus>Skin.Reset(OpenSideMenu)</onfocus>
						<onright>5009</onright>
						<ondown>20001</ondown>
						<onup>20000</onup>
						<pagecontrol>5009</pagecontrol>
						<orientation>vertical</orientation>
						<scrolltime tween="cubic" easing="out">500</scrolltime>
						<itemlayout height="108">
							<control type="image">
								<left>0</left>
								<posy>0</posy>
								<width>108</width>
								<height>108</height>
								<texture diffuse="shape/dim108/roundedsquare.png" background="true">$INFO[ListItem.icon]</texture>
								<colordiffuse>FFFFFFFF</colordiffuse>
								<bordersize>9</bordersize>
								<aspectratio scalediffuse="false">scale</aspectratio>
							</control>
							<control type="label">
								<posx>108</posx>
								<posy>18</posy>
								<width>auto</width>
								<height>48</height>
								<align>left</align>
								<aligny>center</aligny>
								<font>Font24Bold</font>
								<textoffsetx>18</textoffsetx>
								<textcolor>textActive</textcolor>
								<label>$INFO[ListItem.Label]</label>
							</control>
							<control type="label">
								<posx>108</posx>
								<posy>54</posy>
								<width>auto</width>
								<height>36</height>
								<align>left</align>
								<aligny>center</aligny>
								<font>Font20Bold</font>
								<textoffsetx>18</textoffsetx>
								<textcolor>textActive</textcolor>
								<label>$INFO[ListItem.Label2]</label>
							</control>
						</itemlayout>
						<focusedlayout height="108">
							<control type="group">
								<include condition="!Skin.HasSetting(NoAnimationInSkin)">FocusedItemFade</include>
								<include content="ModelListHorizontalRounded">
									<param name="modelkey_size" value="108"/>
									<param name="modelkey_color" value="sorotan"/>
									<param name="dimensionkey_size" value="dim108"/>
								</include>
							</control>
							<control type="image">
								<left>0</left>
								<posy>0</posy>
								<width>108</width>
								<height>108</height>
								<texture diffuse="shape/dim108/roundedsquare.png" background="true">$INFO[ListItem.icon]</texture>
								<colordiffuse>FFFFFFFF</colordiffuse>
								<bordersize>9</bordersize>
								<aspectratio scalediffuse="false">scale</aspectratio>
							</control>
							<control type="label">
								<posx>108</posx>
								<posy>18</posy>
								<width>auto</width>
								<height>48</height>
								<align>left</align>
								<aligny>center</aligny>
								<font>Font24Bold</font>
								<textoffsetx>18</textoffsetx>
								<textcolor>textActive</textcolor>
								<label>$INFO[ListItem.Label]</label>
							</control>
							<control type="label">
								<posx>108</posx>
								<posy>54</posy>
								<width>auto</width>
								<height>36</height>
								<align>left</align>
								<aligny>center</aligny>
								<font>Font20Bold</font>
								<textoffsetx>18</textoffsetx>
								<textcolor>textActive</textcolor>
								<label>$INFO[ListItem.Label2]</label>
							</control>
						</focusedlayout>
					</control>
					<!-- ID 58 for recommendation -->
					<control type="group">
						<right>36</right>
						<bottom>36</bottom>
						<control type="grouplist">
							<include condition="!Skin.HasSetting(NoAnimationInSkin)">SlideFadeUpTwoWay</include>
							<include condition="!Skin.HasSetting(NoAnimationInSkin)">SlideFadeFromLeftToRightVisible</include>
							<visible>Control.IsVisible(58)</visible>
							<posx>648</posx>
							<bottom>234</bottom>
							<height>480</height>
							<itemgap>0</itemgap>
							<align>center</align>
							<orientation>vertical</orientation>
							<control type="Textbox">
								<posx>0</posx>
								<top>0</top>
								<font>Font48Bold</font>
								<width>auto</width>
								<height>auto</height>
								<label>$INFO[container(58).Listitem.Title]</label>
								<textcolor>FFFFFFFF</textcolor>
							</control>
							<control type="Textbox">
								<posx>0</posx>
								<top>0</top>
								<font>Font28Bold</font>
								<width>auto</width>
								<height>auto</height>
								<label>$INFO[container(58).Listitem.artist]</label>
								<textcolor>FFFFFFFF</textcolor>
							</control>
							<control type="Textbox">
								<posx>0</posx>
								<top>72</top>
								<font>Font22Medium</font>
								<width>auto</width>
								<height>auto</height>
								<label>$INFO[container(58).Listitem.genre]</label>
								<textcolor>FFFFFFFF</textcolor>
							</control>
						</control>
					</control>
					<control type="fixedlist" id="58">
						<include condition="!Skin.HasSetting(NoAnimationInSkin)">ListBounceAnimation</include>
						<visible>[container.content(albums) + $EXP[MusicTopRecommendation] + !$EXP[MusicDiskAlbum] + !$EXP[MusicDiskAlbumFP]]|[$EXP[MusicTop100Album] | $EXP[MusicTop100Song] | $EXP[MusicPlaylistGenAlbum] | $EXP[MusicCompilationAlbum]]</visible>
						<include condition="!Skin.HasSetting(NoAnimationInSkin)">SlideFadeDownTwoWay</include>
						<include condition="!Skin.HasSetting(NoAnimationInSkin)" content="SlideFadeFromLeftToRightVisibleControl">
							<param name="control_id" value="58"/>
						</include>
						<left>108</left>
						<top>-378</top>
						<bottom>0</bottom>
						<width>480</width>
						<orientation>vertical</orientation>
						<onup>20000</onup>
						<onfocus>Skin.Reset(OpenSideMenu)</onfocus>
						<onright>5009</onright>
						<ondown>20001</ondown>
						<onleft>5209</onleft>
						<preloaditems>2</preloaditems>
						<focusposition>1</focusposition>
						<scrolltime tween="cubic" easing="out">360</scrolltime>
						<pagecontrol>5009</pagecontrol>
						<itemlayout width="480" height="480">
							<control type="group">
								<left>24</left>
								<top>24</top>
								<width>432</width>
								<height>432</height>
								<control type="image">
									<posx>0</posx>
									<posy>0</posy>
									<width>432</width>
									<height>432</height>
									<aspectratio>stretch</aspectratio>
									<texture>shape/dim360/roundedsquarehalf.png</texture>
									<colordiffuse>FF000000</colordiffuse>
									<bordersize>0</bordersize>
								</control>
								<control type="image">
									<depth>DepthContentPopout</depth>
									<posx>0</posx>
									<posy>0</posy>
									<width>432</width>
									<height>432</height>
									<texture diffuse="shape/dim360/roundedsquarehalf.png" background="true">$INFO[ListItem.thumb]</texture>
									<colordiffuse>80FFFFFF</colordiffuse>
									<bordersize>0</bordersize>
									<fadetime>180</fadetime>
									<aspectratio scalediffuse="false">scale</aspectratio>
								</control>
								<control type="textbox">
									<visible>String.isEmpty(Listitem.thumb)</visible>
									<posx>18</posx>
									<posy>18</posy>
									<font>Font32Bold</font>
									<width>396</width>
									<height>396</height>
									<aligny>center</aligny>
									<label>$INFO[Listitem.Label]</label>
									<textcolor>80FFFFFF</textcolor>
								</control>
							</control>
						</itemlayout>
						<focusedlayout width="480" height="480">
							<control type="group">
								<animation type="Focus">
									<effect type="zoom" start="90" end="100" center="auto" easing="out" time="180" tween="cubic"/>
								</animation>
								<animation type="UnFocus">
									<effect type="zoom" start="100" end="90" center="auto" easing="out" time="180" tween="cubic"/>
								</animation>
								<width>480</width>
								<height>480</height>
								<control type="image">
									<posx>0</posx>
									<posy>0</posy>
									<width>480</width>
									<height>480</height>
									<aspectratio>stretch</aspectratio>
									<texture>shape/dim360/roundedsquarehalf.png</texture>
									<colordiffuse>FF000000</colordiffuse>
									<bordersize>0</bordersize>
								</control>
								<control type="image">
									<depth>DepthContentPopout</depth>
									<animation type="Focus">
										<effect type="fade" start="50" end="100" time="180"/>
									</animation>
									<animation type="UnFocus">
										<effect type="fade" start="100" end="50" time="180"/>
									</animation>
									<posx>0</posx>
									<posy>0</posy>
									<width>480</width>
									<height>480</height>
									<texture diffuse="shape/dim360/roundedsquarehalf.png" background="true">$INFO[ListItem.thumb]</texture>
									<colordiffuse>FFFFFFFF</colordiffuse>
									<bordersize>0</bordersize>
									<fadetime>0</fadetime>
									<aspectratio scalediffuse="false">scale</aspectratio>
								</control>
								<control type="textbox">
									<visible>String.isEmpty(Listitem.thumb)</visible>
									<posx>18</posx>
									<posy>18</posy>
									<font>Font32Bold</font>
									<width>444</width>
									<height>444</height>
									<aligny>center</aligny>
									<label>$INFO[Listitem.Label]</label>
									<textcolor>80FFFFFF</textcolor>
								</control>
							</control>
						</focusedlayout>
					</control>
					<control type="fixedlist" id="59">
						<visible>[$EXP[MusicSongLastPlayed] | $EXP[MusicSongMostPlayed] | $EXP[MusicSongLastAdded] | $EXP[MusicSongMostLiked] | $EXP[MusicTopRecommendationForSong]]</visible>
						<include condition="!Skin.HasSetting(NoAnimationInSkin)">SlideFadeDownTwoWay</include>
						<include condition="!Skin.HasSetting(NoAnimationInSkin)">ListBounceAnimation</include>
						<include condition="!Skin.HasSetting(NoAnimationInSkin)" content="SlideFadeFromUpToDownVisibleControl">
							<param name="control_id" value="59"/>
						</include>
						<left>126</left>
						<right>0</right>
						<bottom>0</bottom>
						<height>792</height>
						<onleft>5209</onleft>
						<onfocus>Skin.Reset(OpenSideMenu)</onfocus>
						<onright>5009</onright>
						<ondown>20001</ondown>
						<onup>20000</onup>
						<pagecontrol>5009</pagecontrol>
						<orientation>vertical</orientation>
						<movement>6</movement>
						<focusposition>1</focusposition>
						<preloaditems>2</preloaditems>
						<scrolltime tween="cubic" easing="out">500</scrolltime>
						<itemlayout height="90">
							<control type="label">
								<posx>0</posx>
								<posy>0</posy>
								<width>108</width>
								<height>90</height>
								<align>right</align>
								<aligny>center</aligny>
								<font>Font54Bold</font>
								<textcolor>textActive</textcolor>
								<shadowcolor/>
								<label>$INFO[ListItem.CurrentItem,,]</label>
							</control>
							<control type="image">
								<left>108</left>
								<posy>0</posy>
								<width>90</width>
								<height>90 </height>
								<texture diffuse="shape/dim90/roundedsquare.png" background="true">$INFO[ListItem.thumb]</texture>
								<colordiffuse>FFFFFFFF</colordiffuse>
								<bordersize>6</bordersize>
								<aspectratio scalediffuse="false">scale</aspectratio>
							</control>
							<control type="group">
								<visible>!ListItem.IsParentFolder</visible>
								<control type="image">
									<visible>ListItem.IsPlaying</visible>
									<left>108</left>
									<posy>0</posy>
									<width>90</width>
									<height>90</height>
									<texture>shape/dim90/roundedsquare.png</texture>
									<colordiffuse>80000000</colordiffuse>
									<bordersize>6</bordersize>
									<aspectratio>stretch</aspectratio>
								</control>
								<control type="label">
									<visible>ListItem.IsPlaying + !player.paused</visible>
									<posy>0</posy>
									<left>108</left>
									<width>90</width>
									<height>90</height>
									<align>center</align>
									<aligny>center</aligny>
									<font>symbolSize36</font>
									<textcolor>textActive</textcolor>
									<shadowcolor/>
									<label></label>
								</control>
								<control type="label">
									<visible>ListItem.IsPlaying + player.paused</visible>
									<posy>0</posy>
									<left>108</left>
									<width>90</width>
									<height>90</height>
									<align>center</align>
									<aligny>center</aligny>
									<font>symbolSize36</font>
									<textcolor>textActive</textcolor>
									<shadowcolor/>
									<label></label>
								</control>
							</control>
							<control type="group">
								<posx>90</posx>
								<control type="label">
									<left>108</left>
									<posy>8</posy>
									<height>42</height>
									<align>left</align>
									<aligny>center</aligny>
									<font>Font28Medium</font>
									<textoffsetx>18</textoffsetx>
									<textcolor>textActive</textcolor>
									<label>$INFO[ListItem.Title]</label>
								</control>
								<control type="label">
									<left>108</left>
									<posy>44</posy>
									<height>38</height>
									<align>left</align>
									<aligny>center</aligny>
									<font>Font22Regular</font>
									<textoffsetx>18</textoffsetx>
									<textcolor>FF808080</textcolor>
									<label>$INFO[ListItem.Artist]</label>
								</control>
								<control type="label">
									<right>0</right>
									<posy>16</posy>
									<height>36</height>
									<align>right</align>
									<aligny>center</aligny>
									<font>Font22Bold</font>
									<textoffsetx>18</textoffsetx>
									<textcolor>textActive</textcolor>
									<label>$INFO[ListItem.Duration]</label>
								</control>
								<control type="label">
									<right>0</right>
									<posy>44</posy>
									<height>32</height>
									<align>right</align>
									<aligny>center</aligny>
									<font>Font20Medium</font>
									<textoffsetx>18</textoffsetx>
									<textcolor>FF808080</textcolor>
									<label>$VAR[MediaListHasXSPfromLimaSky]</label>
								</control>
							</control>
						</itemlayout>
						<focusedlayout height="90">
							<control type="label">
								<include condition="!Skin.HasSetting(NoAnimationInSkin)">FocusedItemFadeReversed</include>
								<posx>0</posx>
								<posy>0</posy>
								<width>108</width>
								<height>90</height>
								<align>right</align>
								<aligny>center</aligny>
								<font>Font54Bold</font>
								<textcolor>textActive</textcolor>
								<shadowcolor/>
								<label>$INFO[ListItem.CurrentItem,,]</label>
							</control>
							<control type="image">
								<include condition="!Skin.HasSetting(NoAnimationInSkin)">FocusedItemid59</include>
								<left>18</left>
								<posy>0</posy>
								<width>90</width>
								<height>90</height>
								<texture diffuse="shape/dim90/roundedsquare.png" background="true">$INFO[ListItem.thumb]</texture>
								<colordiffuse>FFFFFFFF</colordiffuse>
								<bordersize>6</bordersize>
								<aspectratio scalediffuse="false">scale</aspectratio>
							</control>
							<control type="group">
								<include condition="!Skin.HasSetting(NoAnimationInSkin)">FocusedItemid59</include>
								<visible>!ListItem.IsParentFolder</visible>
								<control type="image">
									<visible>ListItem.IsPlaying</visible>
									<left>18</left>
									<posy>0</posy>
									<width>90</width>
									<height>90</height>
									<texture>shape/dim90/roundedsquare.png</texture>
									<colordiffuse>80000000</colordiffuse>
									<bordersize>6</bordersize>
									<aspectratio>stretch</aspectratio>
								</control>
								<control type="label">
									<visible>ListItem.IsPlaying + !player.paused</visible>
									<left>18</left>
									<posy>0</posy>
									<width>90</width>
									<height>90</height>
									<align>center</align>
									<aligny>center</aligny>
									<font>symbolSize36</font>
									<textcolor>textActive</textcolor>
									<shadowcolor/>
									<label></label>
								</control>
								<control type="label">
									<visible>ListItem.IsPlaying + player.paused</visible>
									<posy>0</posy>
									<left>18</left>
									<width>90</width>
									<height>90</height>
									<align>center</align>
									<aligny>center</aligny>
									<font>symbolSize36</font>
									<textcolor>textActive</textcolor>
									<shadowcolor/>
									<label></label>
								</control>
							</control>
							<control type="group">
								<posx>90</posx>
								<control type="label">
									<include condition="!Skin.HasSetting(NoAnimationInSkin)">FocusedItemid59</include>
									<left>18</left>
									<posy>8</posy>
									<height>42</height>
									<align>left</align>
									<aligny>center</aligny>
									<font>Font28Medium</font>
									<textoffsetx>18</textoffsetx>
									<textcolor>textActive</textcolor>
									<label>$INFO[ListItem.Title]</label>
								</control>
								<control type="label">
									<include condition="!Skin.HasSetting(NoAnimationInSkin)">FocusedItemid59</include>
									<left>18</left>
									<posy>44</posy>
									<height>38</height>
									<align>left</align>
									<aligny>center</aligny>
									<font>Font22Regular</font>
									<textoffsetx>18</textoffsetx>
									<textcolor>FF808080</textcolor>
									<label>$INFO[ListItem.Artist]</label>
								</control>
								<control type="label">
									<right>0</right>
									<posy>16</posy>
									<height>36</height>
									<align>right</align>
									<aligny>center</aligny>
									<font>Font22Bold</font>
									<textoffsetx>18</textoffsetx>
									<textcolor>textActive</textcolor>
									<label>$INFO[ListItem.Duration]</label>
								</control>
								<control type="label">
									<right>0</right>
									<posy>44</posy>
									<height>32</height>
									<align>right</align>
									<aligny>center</aligny>
									<font>Font20Medium</font>
									<textoffsetx>18</textoffsetx>
									<textcolor>FF808080</textcolor>
									<label>$VAR[MediaListHasXSPfromLimaSky]</label>
								</control>
							</control>
						</focusedlayout>
					</control>
				</control>
			</control>
		</control>
		<control type="group">
			<visible>!Skin.HasSetting(HideScrollBaronSkin)</visible>
			<include condition="!Skin.HasSetting(NoAnimationInSkin)">fadeInOutVisible</include>
			<include content="DefaultScrollbars">
				<param name="visible_verticalbar">Control.IsVisible(501)|Control.IsVisible(502)|Control.IsVisible(503)|Control.IsVisible(504)|Control.IsVisible(505)|Control.IsVisible(506)</param>
				<param name="control_HeightVer">864</param>
			</include>
		</control>
		<control type="group">
			<visible>!Skin.HasSetting(HideScrollBaronSkin)</visible>
			<include condition="!Skin.HasSetting(NoAnimationInSkin)">fadeInOutVisible</include>
			<include content="DefaultScrollbars">
				<param name="visible_horizontalbar">Control.IsVisible(52)|Control.IsVisible(54)</param>
				<param name="visible_verticalbar">Control.IsVisible(51)|Control.IsVisible(53)|Control.IsVisible(55)|Control.IsVisible(56)|Control.IsVisible(57)|Control.IsVisible(58)|Control.IsVisible(59)</param>
				<param name="control_HeightVer">864</param>
				<param name="control_EdgeHor">98</param>
			</include>
		</control>
		<include content="DefaultWindowHeader">
			<param name="visible_control">true</param>
			<param name="sidemenu_visible">!Control.IsVisible(500)</param>
			<param name="visible_trdheader">!String.isEqual(Control.GetLabel(999902),Control.GetLabel(999903))</param>
			<param name="header_label" value="$LOCALIZE[2]"/>
			<param name="subheader_label" value="$VAR[MusicTitleHeader]"/>
			<param name="content_containername" value="$VAR[MusicSubTitleHeader]"/>
			<param name="pos_left" value="64"/>
		</include>
	</include>
</includes>
