<?xml version="1.0" encoding="UTF-8"?>
<includes>
	<include name="ListMenuLayout">
		<definition>
				<control type="panel" id="5999">
			    		<visible>$PARAM[visible_control]</visible>
					<animation type="Conditional" condition="!Control.hasfocus(5999)">
            					<effect type="fade" start="100" end="50" time="180"/>
					</animation>
					<include condition="!Skin.HasSetting(NoAnimationInSkin)">SlideFadeDownTwoWayFastVisible</include>
					<include condition="!Skin.HasSetting(NoAnimationInSkin)">SlideFadeDownTwoWayFast</include>
                   			<left>0</left>
                 			<bottom>0</bottom>
					<height>882</height>
					<width>360</width>
					<onup>$PARAM[idcontrol_onup]</onup>
					<ondown>$PARAM[idcontrol_ondown]</ondown>
					<onright>$PARAM[idcontrol_onright]</onright>
					<onleft>$PARAM[idcontrol_onleft]</onleft>
					<orientation>vertical</orientation>
					<scrolltime tween="cubic" easing="out">500</scrolltime>
	               		 	<itemlayout height="72">
						<control type="image">
							<posx>0</posx>
							<posy>0</posy>
							<width>72</width>
							<height>72</height>
							<texture background="true">$INFO[ListItem.icon]</texture>
							<colordiffuse>FFFFFFFF</colordiffuse>
							<bordersize>6</bordersize>
							<aspectratio>scale</aspectratio>
						</control>
	                        		<control type="label">
		                        		<left>72</left>
		                        		<posy>0</posy>
		                        		<height>72</height>
		                        		<align>left</align>
		                        		<aligny>center</aligny>
		                        		<font>Font24Bold</font>
		                        		<textoffsetx>18</textoffsetx>
		                        		<textcolor>textActive</textcolor>
		                        		<label>$INFO[ListItem.Label]$INFO[ListItem.Label2, - ,]</label>
		           			</control>
	                		</itemlayout>
	                		<focusedlayout height="72">
	                        		<control type="group">
							<include condition="!Skin.HasSetting(NoAnimationInSkin)">FocusedItemFade</include>
							<include content="ModelListHorizontalRounded">
								<param name="modelkey_size" value="72" />
								<param name="modelkey_color" value="sorotan" />
								<param name="dimensionkey_size" value="dim72" />
							</include>
		           			</control>
						<control type="image">
							<posx>0</posx>
							<posy>0</posy>
							<width>72</width>
							<height>72</height>
							<texture background="true">$INFO[ListItem.icon]</texture>
							<colordiffuse>FFFFFFFF</colordiffuse>
							<bordersize>6</bordersize>
							<aspectratio>scale</aspectratio>
						</control>
	                        		<control type="label">
		                        		<left>72</left>
		                        		<posy>0</posy>
		                        		<height>72</height>
		                        		<align>left</align>
		                        		<aligny>center</aligny>
		                        		<font>Font24Bold</font>
		                        		<textoffsetx>18</textoffsetx>
		                        		<textcolor>textActive</textcolor>
		                        		<label>$INFO[ListItem.Label]$INFO[ListItem.Label2, - ,]</label>
		           			</control>
					</focusedlayout>
					<content target="videos">$PARAM[control_listcontent]</content>
	            		</control>
		</definition>
	</include>
<!--recommendation dot-->
	<include name="PanelVideoRecommendation">
		<param name="control_browsemode">auto</param>
		<param name="control_listlimit">12</param>
		<definition>
			<control type="list" id="$PARAM[id_listcontrol]">
		    		<visible>$PARAM[visible_control]</visible>
				<animation type="Conditional" condition="!Control.HasFocus($PARAM[id_listcontrol])">
					<effect type="fade" start="100" end="25" time="300" delay="0"/>
				</animation>
				<left>0</left>
                        	<bottom>0</bottom>
                    		<width>396</width>
				<onleft>9002</onleft>
				<onright>noop</onright>
				<onup>$PARAM[id_onup]</onup>
				<ondown>$PARAM[id_ondown]</ondown>
                   		<height>36</height>
				<autoscroll delay="3000" time="10000">!Control.HasFocus($PARAM[id_listcontrol])</autoscroll>
                   		<orientation>horizontal</orientation>
	                	<itemlayout width="36" height="36">
	                        	<control type="label">
	                        		<posy>0</posy>
		                        	<width>36</width>
		                        	<height>36</height>
		                        	<aligny>center</aligny>
		                        	<align>center</align>
		                        	<font>Font20Medium</font>
		             			<textoffsetx>0</textoffsetx>
		                        	<textcolor>textActive</textcolor>
		                        	<label>●</label>
		           		</control>
	                	</itemlayout>
	                	<focusedlayout width="36" height="36">
	                        	<control type="label">
	                        		<posy>0</posy>
		                        	<width>36</width>
		                        	<height>36</height>
		                        	<aligny>center</aligny>
		                        	<align>center</align>
		                        	<font>Font24Medium</font>
		             			<textoffsetx>0</textoffsetx>
		                        	<textcolor>textActive</textcolor>
		                        	<label>●</label>
		           		</control>
	                        	<control type="label">
	                        		<posy>0</posy>
		                        	<width>36</width>
		                        	<height>36</height>
		                        	<aligny>center</aligny>
		                        	<align>center</align>
		                        	<font>Font24Medium</font>
		             			<textoffsetx>0</textoffsetx>
		                        	<textcolor>sorotbright</textcolor>
		                        	<label>●</label>
		           		</control>
	                        	<control type="label">
						<include condition="!Skin.HasSetting(NoAnimationInSkin)">FocusedItemFade</include>
	                        		<posy>0</posy>
		                        	<width>36</width>
		                        	<height>36</height>
		                        	<aligny>center</aligny>
		                        	<align>center</align>
		                        	<font>Font24Medium</font>
		             			<textoffsetx>0</textoffsetx>
		                        	<textcolor>sorotan</textcolor>
		                        	<label>●</label>
		           		</control>
	               	 	</focusedlayout>
				<content target="videos" limit="$PARAM[control_listlimit]" browse="$PARAM[control_browsemode]">$PARAM[control_listcontent]</content>
	            	</control>
		</definition>
	</include>
	<include name="WrapListMusicRecommendation">
		<param name="control_browsemode">auto</param>
		<param name="control_listlimit">24</param>
		<definition>
					<control type="group" id="$PARAM[id_groupcontrol]" description="$PARAM[id_groupdesc]">
		    				<visible>$PARAM[visible_control]</visible>
						<visible>Integer.IsGreater(Container($PARAM[id_control]).NumItems,0) | Container($PARAM[id_control]).IsUpdating</visible>
						<height>396</height>
						<control type="group">
	                        			<posx>324</posx>
	                        			<posy>108</posy>
							<width>180</width>
							<height>180</height>
							<include content="LoadingAnimationList">
								<param name="id_control" value="$PARAM[id_control]"/>
							</include>
	                    			</control>
						<control type="wraplist" id="$PARAM[id_control]">
                   					<left>-232</left>
                   					<right>-360</right>
							<bottom>18</bottom>
							<height>360</height>
                   					<orientation>horizontal</orientation>
							<scrolltime tween="cubic" easing="out">500</scrolltime>
							<preloaditems>4</preloaditems>
							<focusposition>1</focusposition>
							<onleft>$PARAM[id_onleft]</onleft>
							<onright>$PARAM[id_onright]</onright>
							<ondown>$PARAM[id_ondown]</ondown>
							<onup>$PARAM[id_onup]</onup>
							<autoscroll delay="3000" time="10000">!Control.HasFocus($PARAM[id_control])</autoscroll>
	                				<itemlayout width="270" height="270">
		                        			<control type="group">
									<left>0</left>
									<top>0</top>
									<width>270</width>
									<height>270</height>
									<control type="image">
										<posx>0</posx>
										<posy>0</posy>
										<width>270</width>
										<height>270</height>
	                        						<aspectratio>stretch</aspectratio>
	                        						<texture>shape/dim360/roundedsquare.png</texture>
										<colordiffuse>black</colordiffuse>
	                        						<bordersize>27</bordersize>
	                    						</control>
									<control type="image">
										<posx>0</posx>
										<posy>0</posy>
										<width>270</width>
										<height>270</height>
										<texture diffuse="shape/dim360/roundedsquare.png" background="true">$INFO[ListItem.thumb]</texture>
										<colordiffuse>40FFFFFF</colordiffuse>
										<bordersize>27</bordersize>
										<fadetime>0</fadetime>
										<aspectratio scalediffuse="false">scale</aspectratio>
									</control>
	                    					</control>
	                				</itemlayout>
	                				<focusedlayout width="360" height="360">
		                        			<control type="group">
        								<animation type="Focus">
            									<effect type="zoom" start="75" end="100" center="72,0" easing="out" time="180" tween="cubic"/>
        								</animation>
        								<animation type="UnFocus">
            									<effect type="zoom" start="100" end="75" center="27,0" easing="out" time="180" tween="cubic"/>
        								</animation>
									<width>360</width>
									<height>360</height>
									<control type="image">
										<posx>0</posx>
										<posy>0</posy>
										<width>360</width>
										<height>360</height>
	                        						<aspectratio>stretch</aspectratio>
	                        						<texture>shape/dim360/roundedsquare.png</texture>
										<colordiffuse>black</colordiffuse>
	                        						<bordersize>36</bordersize>
	                    						</control>
									<control type="image">
        									<animation type="Focus">
											<effect type="fade" start="25" end="100" time="180" delay="0"/>
        									</animation>
        									<animation type="UnFocus">
											<effect type="fade" start="100" end="25" time="180" delay="0"/>
        									</animation>
										<posx>0</posx>
										<posy>0</posy>
										<width>360</width>
										<height>360</height>
										<texture diffuse="shape/dim360/roundedsquare.png" background="true">$INFO[ListItem.thumb]</texture>
										<colordiffuse>FFFFFFFF</colordiffuse>
										<bordersize>36</bordersize>
										<fadetime>0</fadetime>
										<aspectratio scalediffuse="false">scale</aspectratio>
									</control>
	                    					</control>
	                				</focusedlayout>
							<content target="music" limit="$PARAM[control_listlimit]" browse="$PARAM[control_browsemode]">$PARAM[control_listcontent]</content>
	            				</control>
            				</control>
		</definition>
	</include>
<!--Poster-->
	<include name="WidgetPosterLayoutHome">
		<param name="pos_left">0</param>
		<param name="pos_top">0</param>
		<param name="height_groupcontrol">396</param>
		<definition>
					<control type="group" id="$PARAM[id_groupcontrol]" description="$PARAM[id_groupdesc]">
		    				<visible>$PARAM[visible_control]</visible>
							<visible>Integer.IsGreater(Container($PARAM[id_control]).NumItems,0) | Container($PARAM[id_control]).IsUpdating</visible>
                   				<left>$PARAM[pos_left]</left>
	                        		<top>$PARAM[pos_top]</top>
						<height>$PARAM[height_groupcontrol]</height>
						<control type="group">
	                        			<posx>324</posx>
	                        			<bottom>108</bottom>
							<width>180</width>
							<height>180</height>
							<include content="LoadingAnimationList">
								<param name="id_control" value="$PARAM[id_control]"/>
							</include>
	                    			</control>
						<control type="fixedlist" id="$PARAM[id_control]">
                   					<left>90</left>
                   					<right>-180</right>
							<bottom>18</bottom>
							<height>360</height>
                   					<orientation>horizontal</orientation>
							<visible>Integer.IsGreater(Container($PARAM[id_control]).NumItems,0) | Container($PARAM[id_control]).IsUpdating</visible>
							<scrolltime easing="inout" tween="sine">300</scrolltime>
							<preloaditems>4</preloaditems>
							<focusposition>1</focusposition>
							<defaultcontrol always="true">0</defaultcontrol>
							<onleft>$PARAM[id_onleft]</onleft>
							<onright>$PARAM[id_onright]</onright>
							<ondown>$PARAM[id_ondown]</ondown>
							<onup>$PARAM[id_onup]</onup>
	                				<itemlayout width="240" height="360">
		                        			<control type="group">
									<left>12</left>
									<top>18</top>
									<width>216</width>
									<height>324</height>
									<include content="MediaPosterLayout">
										<param name="size_width" value="216"/>
										<param name="size_height" value="324"/>
										<param name="dimensionkey_size" value="dim360"/>
										<param name="fontif_noimage" value="Font32Bold"/>
										<param name="alpha_colors" value="80"/>
										<param name="visible_details" value="true"/>
									</include>
	                    					</control>
	                				</itemlayout>
	                				<focusedlayout width="240" height="360">
		                        			<control type="group">
        								<animation type="Focus">
            									<effect type="zoom" start="90" end="100" center="auto" easing="out" time="180" tween="cubic"/>
        								</animation>
        								<animation type="UnFocus">
            									<effect type="zoom" start="100" end="90" center="auto" easing="out" time="180" tween="cubic"/>
        								</animation>
									<width>240</width>
									<height>360</height>
									<depth>DepthContentPopout</depth>
									<include content="MediaPosterLayout">
										<param name="size_width" value="240"/>
										<param name="size_height" value="360"/>
										<param name="dimensionkey_size" value="dim360"/>
										<param name="fontif_noimage" value="Font36Bold"/>
										<param name="alpha_colors" value="FF"/>
										<param name="visible_details" value="true"/>
										<param name="ifvisiblechange_anim" value="FocusedItemFadeReversed"/>
									</include>
	                    					</control>
	                				</focusedlayout>
							<content target="videos" limit="$PARAM[limit_listcontent]">$PARAM[control_listcontent]</content>
	            				</control>
						<control type="group">
	                        			<posx>0</posx>
	                        			<bottom>0</bottom>
							<width>288</width>
							<height>396</height>
							<include content="ModelDialogRounded">
								<param name="modelkey_size" value="108" />
								<param name="modelkey_color" value="sorotdark" />
								<param name="dimensionkey_size" value="dim108" />
							</include>
							<control type="image">
		                        			<right>18</right>
		                        			<bottom>18</bottom>
								<width>180</width>
								<height>180</height>
								<texture>$PARAM[icon_groupcategory]</texture>
								<colordiffuse>80FFFFFF</colordiffuse>
								<bordersize>0</bordersize>
								<aspectratio>stretch</aspectratio>
							</control>
                   	 				<control type="label">
		                        			<right>18</right>
		                        			<bottom>18</bottom>
                						<font>symbolSize72</font>
                    						<width>72</width>
                   						<height>72</height>
                    						<aligny>center</aligny>
		    						<label>$PARAM[control_symbolgroupcategory]</label>
                     						<textcolor>80FFFFFF</textcolor>
                    					</control>
	                        			<control type="textbox">
		                        			<posx>18</posx>
		                        			<bottom>36</bottom>
		                        			<width>252</width>
		                        			<height>360</height>
		                        			<align>left</align>
		                        			<aligny>top</aligny>
		                        			<font>Font36Bold</font>
		                        			<textcolor>textActive</textcolor>
		                        			<label>$PARAM[label_groupcategory]</label>
		           				</control>
	                        			<control type="label">
		                        			<posx>18</posx>
		                        			<bottom>18</bottom>
		                        			<width>252</width>
		                        			<height>36</height>
		                        			<align>left</align>
		                        			<font>Font22Bold</font>
		                        			<textcolor>textActive</textcolor>
		                        			<label>$INFO[Container($PARAM[id_control]).NumAllItems,, $LOCALIZE[31510]]</label>
		           				</control>
		           			</control>
            				</control>
		</definition>
	</include>
	<include name="WidgetPosterLayout">
		<param name="pos_left">0</param>
		<param name="pos_top">0</param>
		<param name="height_groupcontrol">648</param>
		<param name="limit_listcontent">24</param>
		<param name="control_browsemode">auto</param>
		<definition>
					<control type="group" id="$PARAM[id_groupcontrol]" description="$PARAM[id_groupdesc]">
		    				<visible>$PARAM[visible_control]</visible>
							<visible>Integer.IsGreater(Container($PARAM[id_control]).NumItems,0) | Container($PARAM[id_control]).IsUpdating</visible>
                   				<left>$PARAM[pos_left]</left>
	                        		<top>$PARAM[pos_top]</top>
						<height>$PARAM[height_groupcontrol]</height>
						<control type="group">
	                        			<posx>324</posx>
							<top>288</top>
							<width>180</width>
							<height>180</height>
							<include content="LoadingAnimationList">
								<param name="id_control" value="$PARAM[id_control]"/>
							</include>
	                    			</control>
						<control type="fixedlist" id="$PARAM[id_control]">
							<visible>Integer.IsGreater(Container($PARAM[id_control]).NumItems,0) | Container($PARAM[id_control]).IsUpdating</visible>
                   					<left>306</left>
                   					<right>-180</right>
							<top>198</top>
							<height>360</height>
                   					<orientation>horizontal</orientation>
							<scrolltime easing="inout" tween="sine">300</scrolltime>
							<preloaditems>4</preloaditems>
							<focusposition>0</focusposition>
							<onleft>$PARAM[id_onleft]</onleft>
							<onright>$PARAM[id_onright]</onright>
							<ondown>$PARAM[id_ondown]</ondown>
							<onup>$PARAM[id_onup]</onup>
	                				<itemlayout width="240" height="360">
		                        			<control type="group">
									<left>12</left>
									<top>18</top>
									<width>216</width>
									<height>324</height>
									<include content="MediaPosterLayout">
										<param name="size_width" value="216"/>
										<param name="size_height" value="324"/>
										<param name="dimensionkey_size" value="dim360"/>
										<param name="fontif_noimage" value="Font32Bold"/>
										<param name="alpha_colors" value="80"/>
										<param name="visible_details" value="true"/>
									</include>
	                    					</control>
	                				</itemlayout>
	                				<focusedlayout width="240" height="360">
		                        			<control type="group">
        								<animation type="Focus">
            									<effect type="zoom" start="90" end="100" center="auto" easing="out" time="180" tween="cubic"/>
        								</animation>
        								<animation type="UnFocus">
            									<effect type="zoom" start="100" end="90" center="auto" easing="out" time="180" tween="cubic"/>
        								</animation>
									<width>240</width>
									<height>360</height>
									<depth>DepthContentPopout</depth>
									<include content="MediaPosterLayout">
										<param name="size_width" value="240"/>
										<param name="size_height" value="360"/>
										<param name="dimensionkey_size" value="dim360"/>
										<param name="fontif_noimage" value="Font36Bold"/>
										<param name="alpha_colors" value="FF"/>
										<param name="visible_details" value="true"/>
										<param name="ifvisiblechange_anim" value="FocusedItemFadeReversed"/>
									</include>
	                    					</control>
	                				</focusedlayout>
							<content target="videos" limit="$PARAM[limit_listcontent]" browse="$PARAM[control_browsemode]">$PARAM[control_listcontent]</content>
	            				</control>
						<control type="group">
	                        			<posx>0</posx>
							<top>180</top>
							<width>288</width>
							<height>396</height>
							<include content="ModelDialogRounded">
								<param name="modelkey_size" value="108" />
								<param name="modelkey_color" value="sorotdark" />
								<param name="dimensionkey_size" value="dim108" />
							</include>
							<control type="image">
		                        			<right>18</right>
		                        			<bottom>18</bottom>
								<width>180</width>
								<height>180</height>
								<texture>$PARAM[icon_groupcategory]</texture>
								<colordiffuse>80FFFFFF</colordiffuse>
								<bordersize>0</bordersize>
								<aspectratio>stretch</aspectratio>
							</control>
                   	 				<control type="label">
		                        			<right>18</right>
		                        			<bottom>18</bottom>
                						<font>symbolSize72</font>
                    						<width>72</width>
                   						<height>72</height>
                    						<aligny>center</aligny>
		    						<label>$PARAM[control_symbolgroupcategory]</label>
                     						<textcolor>80FFFFFF</textcolor>
                    					</control>
	                        			<control type="textbox">
		                        			<posx>18</posx>
		                        			<bottom>36</bottom>
		                        			<width>252</width>
		                        			<height>360</height>
		                        			<align>left</align>
		                        			<aligny>top</aligny>
		                        			<font>Font36Bold</font>
		                        			<textcolor>textActive</textcolor>
		                        			<label>$PARAM[label_groupcategory]</label>
		           				</control>
	                        			<control type="label">
		                        			<posx>18</posx>
		                        			<bottom>18</bottom>
		                        			<width>252</width>
		                        			<height>36</height>
		                        			<align>left</align>
		                        			<font>Font22Bold</font>
		                        			<textcolor>textActive</textcolor>
		                        			<label>$INFO[Container($PARAM[id_control]).NumAllItems,, $LOCALIZE[31510]]</label>
		           				</control>
		           			</control>
            				</control>
		</definition>
	</include>


<!--Episode-->
	<include name="WidgetEpisodeLayoutHome">
		<param name="pos_left">0</param>
		<param name="pos_top">0</param>
		<param name="height_groupcontrol">252</param>
		<definition>
					<control type="group" id="$PARAM[id_groupcontrol]" description="$PARAM[id_groupdesc]">
		    				<visible>$PARAM[visible_control]</visible>
							<visible>Integer.IsGreater(Container($PARAM[id_control]).NumItems,0) | Container($PARAM[id_control]).IsUpdating</visible>
                   				<left>$PARAM[pos_left]</left>
	                        		<top>$PARAM[pos_top]</top>
						<height>$PARAM[height_groupcontrol]</height>
						<control type="group">
	                        			<posx>420</posx>
	                        			<posy>36</posy>
							<width>180</width>
							<height>180</height>
							<include content="LoadingAnimationList">
								<param name="id_control" value="$PARAM[id_control]"/>
							</include>
	                    			</control>
						<control type="fixedlist" id="$PARAM[id_control]">
							<visible>Integer.IsGreater(Container($PARAM[id_control]).NumItems,0) | Container($PARAM[id_control]).IsUpdating</visible>
                   					<left>18</left>
                   					<right>-180</right>
							<bottom>18</bottom>
							<height>216</height>
                   					<orientation>horizontal</orientation>
							<scrolltime easing="inout" tween="sine">300</scrolltime>
							<preloaditems>4</preloaditems>
							<focusposition>1</focusposition>
							<onleft>$PARAM[id_onleft]</onleft>
							<onright>$PARAM[id_onright]</onright>
							<ondown>$PARAM[id_ondown]</ondown>
							<onup>$PARAM[id_onup]</onup>
	                				<itemlayout width="402" height="216">
		                        			<control type="group">
									<posx>18</posx>
									<posy>0</posy>
									<width>384</width>
									<height>216</height>
									<include content="MediaLanskapLayout">
										<param name="size_width" value="384"/>
										<param name="size_height" value="216"/>
										<param name="dimensionkey_size" value="dim216"/>
										<param name="fontif_noimage" value="Font32Bold"/>
										<param name="alpha_colors" value="FF"/>
										<param name="visible_details" value="true"/>
										<param name="control_label1" value="$INFO[Listitem.Title]"/>
										<param name="control_label2" value="$INFO[Listitem.TVShowTitle]"/>
									</include>
	                    					</control>
	                				</itemlayout>
	                				<focusedlayout width="402" height="216">
		                        			<control type="group">
        								<animation type="Focus">
            									<effect type="zoom" start="100" end="104" center="224,126" easing="out" time="180" tween="cubic"/>
        								</animation>
        								<animation type="UnFocus">
            									<effect type="zoom" start="104" end="100" center="224,126" easing="out" time="180" tween="cubic"/>
        								</animation>
									<posx>18</posx>
									<posy>0</posy>
									<width>448</width>
									<height>252</height>
									<depth>DepthContentPopout</depth>
									<include content="MediaLanskapLayout">
										<param name="size_width" value="384"/>
										<param name="size_height" value="216"/>
										<param name="dimensionkey_size" value="dim288"/>
										<param name="fontif_noimage" value="Font32Bold"/>
										<param name="alpha_colors" value="FF"/>
										<param name="visible_details" value="true"/>
										<param name="control_label1" value="$INFO[Listitem.Title]"/>
										<param name="control_label2" value="$INFO[Listitem.TVShowTitle]"/>
									</include>
	                    					</control>
	                				</focusedlayout>
							<content target="videos" limit="$PARAM[limit_listcontent]">$PARAM[control_listcontent]</content>
	            				</control>
						<control type="group">
	                        			<posx>0</posx>
	                        			<posy>0</posy>
							<width>360</width>
							<height>252</height>
							<include content="ModelDialogRounded">
								<param name="modelkey_size" value="108" />
								<param name="modelkey_color" value="sorotdark" />
								<param name="dimensionkey_size" value="dim108" />
							</include>
	                    			</control>
		                        	<control type="group">
							<width>360</width>
							<height>252</height>
							<control type="image">
		                        			<right>18</right>
		                        			<bottom>18</bottom>
								<width>180</width>
								<height>180</height>
								<texture>$PARAM[icon_groupcategory]</texture>
								<colordiffuse>80FFFFFF</colordiffuse>
								<bordersize>0</bordersize>
								<aspectratio>stretch</aspectratio>
							</control>
                   	 				<control type="label">
		                        			<right>18</right>
		                        			<bottom>18</bottom>
                						<font>symbolSize72</font>
                    						<width>72</width>
                   						<height>72</height>
                    						<aligny>center</aligny>
		    						<label>$PARAM[control_symbolgroupcategory]</label>
                     						<textcolor>80FFFFFF</textcolor>
                    					</control>
	                        			<control type="textbox">
		                        			<posx>18</posx>
		                        			<bottom>36</bottom>
		                        			<width>252</width>
		                        			<height>216</height>
		                        			<align>left</align>
		                        			<aligny>top</aligny>
		                        			<font>Font36Bold</font>
		                        			<textcolor>textActive</textcolor>
		                        			<label>$PARAM[label_groupcategory]</label>
		           				</control>
	                        			<control type="label">
		                        			<posx>18</posx>
		                        			<bottom>18</bottom>
		                        			<width>324</width>
		                        			<height>36</height>
		                        			<align>left</align>
		                        			<font>Font22Bold</font>
		                        			<textcolor>textActive</textcolor>
		                        			<label>$INFO[Container($PARAM[id_control]).NumAllItems,, $LOCALIZE[31510]]</label>
		           				</control>
		           			</control>
            				</control>
		</definition>
	</include>
	<include name="WidgetEpisodeLayout">
		<param name="pos_left">0</param>
		<param name="pos_top">0</param>
		<param name="height_groupcontrol">540</param>
		<param name="limit_listcontent">24</param>
		<param name="control_browsemode">auto</param>
		<definition>
					<control type="group" id="$PARAM[id_groupcontrol]" description="$PARAM[id_groupdesc]">
		    				<visible>$PARAM[visible_control]</visible>
							<visible>Integer.IsGreater(Container($PARAM[id_control]).NumItems,0) | Container($PARAM[id_control]).IsUpdating</visible>
                   				<left>$PARAM[pos_left]</left>
	                        		<top>$PARAM[pos_top]</top>
						<height>$PARAM[height_groupcontrol]</height>
						<control type="group">
	                        			<posx>420</posx>
							<top>216</top>
							<width>180</width>
							<height>180</height>
							<include content="LoadingAnimationList">
								<param name="id_control" value="$PARAM[id_control]"/>
							</include>
	                    			</control>
						<control type="fixedlist" id="$PARAM[id_control]">
							<visible>Integer.IsGreater(Container($PARAM[id_control]).NumItems,0) | Container($PARAM[id_control]).IsUpdating</visible>
                   					<left>288</left>
                   					<right>-180</right>
							<top>198</top>
							<height>288</height>
                   					<orientation>horizontal</orientation>
							<scrolltime easing="inout" tween="sine">300</scrolltime>
							<preloaditems>4</preloaditems>
							<focusposition>0</focusposition>
							<onleft>$PARAM[id_onleft]</onleft>
							<onright>$PARAM[id_onright]</onright>
							<ondown>$PARAM[id_ondown]</ondown>
							<onup>$PARAM[id_onup]</onup>
	                				<itemlayout width="466" height="252">
		                        			<control type="group">
									<posx>18</posx>
									<posy>0</posy>
									<width>448</width>
									<height>252</height>
									<include content="MediaLanskapLayout">
										<param name="size_width" value="448"/>
										<param name="size_height" value="252"/>
										<param name="dimensionkey_size" value="dim288"/>
										<param name="fontif_noimage" value="Font36Bold"/>
										<param name="alpha_colors" value="80"/>
										<param name="visible_details" value="true"/>
										<param name="control_label1" value="$INFO[Listitem.Title]"/>
										<param name="control_label2" value="$INFO[Listitem.TVShowTitle]"/>
									</include>
	                    					</control>
	                				</itemlayout>
	                				<focusedlayout width="466" height="252">
		                        			<control type="group">
        								<animation type="Focus">
            									<effect type="zoom" start="100" end="104" center="224,126" easing="out" time="180" tween="cubic"/>
        								</animation>
        								<animation type="UnFocus">
            									<effect type="zoom" start="104" end="100" center="224,126" easing="out" time="180" tween="cubic"/>
        								</animation>
									<posx>18</posx>
									<posy>0</posy>
									<width>448</width>
									<height>252</height>
									<depth>DepthContentPopout</depth>
									<include content="MediaLanskapLayout">
										<param name="size_width" value="448"/>
										<param name="size_height" value="252"/>
										<param name="dimensionkey_size" value="dim288"/>
										<param name="fontif_noimage" value="Font36Bold"/>
										<param name="alpha_colors" value="FF"/>
										<param name="visible_details" value="true"/>
										<param name="control_label1" value="$INFO[Listitem.Title]"/>
										<param name="control_label2" value="$INFO[Listitem.TVShowTitle]"/>
									</include>
	                    					</control>
	                				</focusedlayout>
							<content target="videos" limit="$PARAM[limit_listcontent]" browse="$PARAM[control_browsemode]">$PARAM[control_listcontent]</content>
	            				</control>
						<control type="group">
	                        			<posx>0</posx>
							<top>180</top>
							<width>288</width>
							<height>288</height>
							<include content="ModelDialogRounded">
								<param name="modelkey_size" value="108" />
								<param name="modelkey_color" value="sorotdark" />
								<param name="dimensionkey_size" value="dim108" />
							</include>
							<control type="image">
		                        			<right>18</right>
		                        			<bottom>18</bottom>
								<width>180</width>
								<height>180</height>
								<texture>$PARAM[icon_groupcategory]</texture>
								<colordiffuse>80FFFFFF</colordiffuse>
								<bordersize>0</bordersize>
								<aspectratio>stretch</aspectratio>
							</control>
                   	 				<control type="label">
		                        			<right>18</right>
		                        			<bottom>18</bottom>
                						<font>symbolSize72</font>
                    						<width>72</width>
                   						<height>72</height>
                    						<aligny>center</aligny>
		    						<label>$PARAM[control_symbolgroupcategory]</label>
                     						<textcolor>80FFFFFF</textcolor>
                    					</control>
	                        			<control type="textbox">
		                        			<posx>18</posx>
		                        			<bottom>36</bottom>
		                        			<width>252</width>
		                        			<height>252</height>
		                        			<align>left</align>
		                        			<aligny>top</aligny>
		                        			<font>Font36Bold</font>
		                        			<textcolor>textActive</textcolor>
		                        			<label>$PARAM[label_groupcategory]</label>
		           				</control>
	                        			<control type="label">
		                        			<posx>18</posx>
		                        			<bottom>18</bottom>
		                        			<width>252</width>
		                        			<height>36</height>
		                        			<align>left</align>
		                        			<font>Font22Bold</font>
		                        			<textcolor>textActive</textcolor>
		                        			<label>$INFO[Container($PARAM[id_control]).NumAllItems,, $LOCALIZE[31510]]</label>
		           				</control>
		           			</control>
            				</control>
		</definition>
	</include>
<!--MusicVideo-->
	<include name="WidgetMusicVideoLayoutHome">
		<param name="pos_left">0</param>
		<param name="pos_top">0</param>
		<param name="height_groupcontrol">252</param>
		<definition>
					<control type="group" id="$PARAM[id_groupcontrol]" description="$PARAM[id_groupdesc]">
		    				<visible>$PARAM[visible_control]</visible>
							<visible>Integer.IsGreater(Container($PARAM[id_control]).NumItems,0) | Container($PARAM[id_control]).IsUpdating</visible>
                   				<left>$PARAM[pos_left]</left>
	                        		<top>$PARAM[pos_top]</top>
						<height>$PARAM[height_groupcontrol]</height>
						<control type="group">
	                        			<posx>420</posx>
	                        			<posy>36</posy>
							<width>180</width>
							<height>180</height>
							<include content="LoadingAnimationList">
								<param name="id_control" value="$PARAM[id_control]"/>
							</include>
	                    			</control>
						<control type="fixedlist" id="$PARAM[id_control]">
							<visible>Integer.IsGreater(Container($PARAM[id_control]).NumItems,0) | Container($PARAM[id_control]).IsUpdating</visible>
                   					<left>288</left>
                   					<right>-180</right>
							<bottom>18</bottom>
							<height>216</height>
                   					<orientation>horizontal</orientation>
							<scrolltime easing="inout" tween="sine">300</scrolltime>
							<preloaditems>4</preloaditems>
							<focusposition>0</focusposition>
							<onleft>$PARAM[id_onleft]</onleft>
							<onright>$PARAM[id_onright]</onright>
							<ondown>$PARAM[id_ondown]</ondown>
							<onup>$PARAM[id_onup]</onup>
	                				<itemlayout width="402" height="216">
		                        			<control type="group">
									<posx>18</posx>
									<width>384</width>
									<height>216</height>
									<include content="MediaLanskapLayout">
										<param name="size_width" value="384"/>
										<param name="size_height" value="216"/>
										<param name="dimensionkey_size" value="dim216"/>
										<param name="fontif_noimage" value="Font32Bold"/>
										<param name="alpha_colors" value="80"/>
										<param name="visible_details" value="true"/>
										<param name="control_label1" value="$INFO[Listitem.Title]"/>
										<param name="control_label2" value="$INFO[Listitem.Artist]"/>
									</include>
	                    					</control>
	                				</itemlayout>
	                				<focusedlayout width="402" height="216">
		                        			<control type="group">
        								<animation type="Focus">
            									<effect type="zoom" start="100" end="104" center="auto" easing="out" time="180" tween="cubic"/>
        								</animation>
        								<animation type="UnFocus">
            									<effect type="zoom" start="104" end="100" center="auto" easing="out" time="180" tween="cubic"/>
        								</animation>
									<posx>18</posx>
									<width>384</width>
									<height>216</height>
									<depth>DepthContentPopout</depth>
									<include content="MediaLanskapLayout">
										<param name="size_width" value="384"/>
										<param name="size_height" value="216"/>
										<param name="dimensionkey_size" value="dim216"/>
										<param name="fontif_noimage" value="Font32Bold"/>
										<param name="alpha_colors" value="FF"/>
										<param name="visible_details" value="true"/>
										<param name="control_label1" value="$INFO[Listitem.Title]"/>
										<param name="control_label2" value="$INFO[Listitem.Artist]"/>
									</include>
	                    					</control>
	                				</focusedlayout>
							<content target="videos" limit="$PARAM[limit_listcontent]">$PARAM[control_listcontent]</content>
	            				</control>
						<control type="group">
	                        			<posx>0</posx>
	                        			<posy>0</posy>
							<width>288</width>
							<height>252</height>
							<include content="ModelDialogRounded">
								<param name="modelkey_size" value="108" />
								<param name="modelkey_color" value="sorotdark" />
								<param name="dimensionkey_size" value="dim108" />
							</include>
	                    			</control>
		                        	<control type="group">
							<width>288</width>
							<height>252</height>
							<control type="image">
		                        			<right>18</right>
		                        			<bottom>18</bottom>
								<width>180</width>
								<height>180</height>
								<texture>$PARAM[icon_groupcategory]</texture>
								<colordiffuse>80FFFFFF</colordiffuse>
								<bordersize>0</bordersize>
								<aspectratio>stretch</aspectratio>
							</control>
                   	 				<control type="label">
		                        			<right>18</right>
		                        			<bottom>18</bottom>
                						<font>symbolSize72</font>
                    						<width>72</width>
                   						<height>72</height>
                    						<aligny>center</aligny>
		    						<label>$PARAM[control_symbolgroupcategory]</label>
                     						<textcolor>80FFFFFF</textcolor>
                    					</control>
	                        			<control type="textbox">
		                        			<posx>18</posx>
		                        			<bottom>36</bottom>
		                        			<width>252</width>
		                        			<height>216</height>
		                        			<align>left</align>
		                        			<aligny>top</aligny>
		                        			<font>Font36Bold</font>
		                        			<textcolor>textActive</textcolor>
		                        			<label>$PARAM[label_groupcategory]</label>
		           				</control>
	                        			<control type="label">
		                        			<posx>18</posx>
		                        			<bottom>18</bottom>
		                        			<width>252</width>
		                        			<height>36</height>
		                        			<align>left</align>
		                        			<font>Font22Bold</font>
		                        			<textcolor>textActive</textcolor>
		                        			<label>$INFO[Container($PARAM[id_control]).NumAllItems,, $LOCALIZE[31510]]</label>
		           				</control>
		           			</control>
            				</control>
		</definition>
	</include>
	<include name="WidgetMusicVideoLayout">
		<param name="pos_left">0</param>
		<param name="pos_top">0</param>
		<param name="height_groupcontrol">540</param>
		<param name="limit_listcontent">24</param>
		<param name="control_browsemode">auto</param>
		<definition>
					<control type="group" id="$PARAM[id_groupcontrol]" description="$PARAM[id_groupdesc]">
		    				<visible>$PARAM[visible_control]</visible>
							<visible>Integer.IsGreater(Container($PARAM[id_control]).NumItems,0) | Container($PARAM[id_control]).IsUpdating</visible>
                   				<left>$PARAM[pos_left]</left>
	                        		<top>$PARAM[pos_top]</top>
						<height>$PARAM[height_groupcontrol]</height>
						<control type="group">
	                        			<posx>420</posx>
							<top>216</top>
							<width>180</width>
							<height>180</height>
							<include content="LoadingAnimationList">
								<param name="id_control" value="$PARAM[id_control]"/>
							</include>
	                    			</control>
						<control type="fixedlist" id="$PARAM[id_control]">
							<visible>Integer.IsGreater(Container($PARAM[id_control]).NumItems,0) | Container($PARAM[id_control]).IsUpdating</visible>
                   					<left>288</left>
                   					<right>-180</right>
							<top>198</top>
							<height>288</height>
                   					<orientation>horizontal</orientation>
							<scrolltime easing="inout" tween="sine">300</scrolltime>
							<preloaditems>4</preloaditems>
							<focusposition>0</focusposition>
							<defaultcontrol always="true">0</defaultcontrol>
							<onleft>$PARAM[id_onleft]</onleft>
							<onright>$PARAM[id_onright]</onright>
							<ondown>$PARAM[id_ondown]</ondown>
							<onup>$PARAM[id_onup]</onup>
	                				<itemlayout width="466" height="252">
		                        			<control type="group">
									<posx>18</posx>
									<posy>0</posy>
									<width>448</width>
									<height>252</height>
									<include content="MediaLanskapLayout">
										<param name="size_width" value="448"/>
										<param name="size_height" value="252"/>
										<param name="dimensionkey_size" value="dim288"/>
										<param name="fontif_noimage" value="Font36Bold"/>
										<param name="alpha_colors" value="80"/>
										<param name="visible_details" value="true"/>
										<param name="control_label1" value="$INFO[Listitem.Title]"/>
										<param name="control_label2" value="$INFO[Listitem.Artist]"/>
									</include>
	                    					</control>
	                				</itemlayout>
	                				<focusedlayout width="466" height="252">
		                        			<control type="group">
        								<animation type="Focus">
            									<effect type="zoom" start="100" end="104" center="224,126" easing="out" time="180" tween="cubic"/>
        								</animation>
        								<animation type="UnFocus">
            									<effect type="zoom" start="104" end="100" center="224,126" easing="out" time="180" tween="cubic"/>
        								</animation>
									<posx>18</posx>
									<posy>0</posy>
									<width>448</width>
									<height>252</height>
									<depth>DepthContentPopout</depth>
									<include content="MediaLanskapLayout">
										<param name="size_width" value="448"/>
										<param name="size_height" value="252"/>
										<param name="dimensionkey_size" value="dim288"/>
										<param name="fontif_noimage" value="Font36Bold"/>
										<param name="alpha_colors" value="FF"/>
										<param name="visible_details" value="true"/>
										<param name="control_label1" value="$INFO[Listitem.Title]"/>
										<param name="control_label2" value="$INFO[Listitem.Artist]"/>
									</include>
	                    					</control>
	                				</focusedlayout>
							<content target="videos" limit="$PARAM[limit_listcontent]" browse="$PARAM[control_browsemode]">$PARAM[control_listcontent]</content>
	            				</control>
						<control type="group">
	                        			<posx>0</posx>
							<top>180</top>
							<width>288</width>
							<height>288</height>
							<include content="ModelDialogRounded">
								<param name="modelkey_size" value="108" />
								<param name="modelkey_color" value="sorotdark" />
								<param name="dimensionkey_size" value="dim108" />
							</include>
							<control type="image">
		                        			<right>18</right>
		                        			<bottom>18</bottom>
								<width>180</width>
								<height>180</height>
								<texture>$PARAM[icon_groupcategory]</texture>
								<colordiffuse>80FFFFFF</colordiffuse>
								<bordersize>0</bordersize>
								<aspectratio>stretch</aspectratio>
							</control>
                   	 				<control type="label">
		                        			<right>18</right>
		                        			<bottom>18</bottom>
                						<font>symbolSize72</font>
                    						<width>72</width>
                   						<height>72</height>
                    						<aligny>center</aligny>
		    						<label>$PARAM[control_symbolgroupcategory]</label>
                     						<textcolor>80FFFFFF</textcolor>
                    					</control>
	                        			<control type="textbox">
		                        			<posx>18</posx>
		                        			<bottom>36</bottom>
		                        			<width>252</width>
		                        			<height>252</height>
		                        			<align>left</align>
		                        			<aligny>top</aligny>
		                        			<font>Font36Bold</font>
		                        			<textcolor>textActive</textcolor>
		                        			<label>$PARAM[label_groupcategory]</label>
		           				</control>
	                        			<control type="label">
		                        			<posx>18</posx>
		                        			<bottom>18</bottom>
		                        			<width>252</width>
		                        			<height>36</height>
		                        			<align>left</align>
		                        			<font>Font22Bold</font>
		                        			<textcolor>textActive</textcolor>
		                        			<label>$INFO[Container($PARAM[id_control]).NumAllItems,, $LOCALIZE[31510]]</label>
		           				</control>
		           			</control>
            				</control>
		</definition>
	</include>
<!--Artist/Actor-->
	<include name="WidgetActorArtLayout">
		<param name="pos_left">0</param>
		<param name="pos_top">0</param>
		<param name="height_groupcontrol">630</param>
		<param name="limit_listcontent">24</param>
		<param name="control_browsemode">auto</param>
		<definition>
					<control type="group" id="$PARAM[id_groupcontrol]" description="$PARAM[id_groupdesc]">
		    				<visible>$PARAM[visible_control]</visible>
							<visible>Integer.IsGreater(Container($PARAM[id_control]).NumItems,0) | Container($PARAM[id_control]).IsUpdating</visible>
                   				<left>$PARAM[pos_left]</left>
	                        		<top>$PARAM[pos_top]</top>
						<height>$PARAM[height_groupcontrol]</height>
						<control type="group">
	                        			<posx>324</posx>
							<top>279</top>
							<width>180</width>
							<height>180</height>
							<include content="LoadingAnimationList">
								<param name="id_control" value="$PARAM[id_control]"/>
							</include>
	                    			</control>
						<control type="fixedlist" id="$PARAM[id_control]">
							<visible>Integer.IsGreater(Container($PARAM[id_control]).NumItems,0) | Container($PARAM[id_control]).IsUpdating</visible>
                   					<left>90</left>
                   					<right>-180</right>
							<top>198</top>
							<height>342</height>
                   					<orientation>horizontal</orientation>
							<scrolltime easing="inout" tween="sine">300</scrolltime>
							<preloaditems>4</preloaditems>
							<focusposition>1</focusposition>
							<onleft>$PARAM[id_onleft]</onleft>
							<onright>$PARAM[id_onright]</onright>
							<ondown>$PARAM[id_ondown]</ondown>
							<onup>$PARAM[id_onup]</onup>
							<itemlayout width="234" height="342">
								<control type="image">
									<posx>6</posx>
									<posy>6</posy>
	                        					<width>216</width>
	                       						<height>324</height>
									<fadetime>500</fadetime>
	                        					<aspectratio>stretch</aspectratio>
	                        					<texture>shape/dim216/roundedposter.png</texture>
									<colordiffuse>FF000000</colordiffuse>
	                        					<bordersize>0</bordersize>
	                    					</control>
								<control type="image">
									<posx>6</posx>
									<posy>6</posy>
	                        					<width>216</width>
	                       						<height>324</height>
									<texture diffuse="shape/dim216/roundedposter.png">$INFO[ListItem.Icon]</texture>
									<colordiffuse>99FFFFFF</colordiffuse>
									<bordersize>0</bordersize>
									<fadetime>0</fadetime>
									<aspectratio scalediffuse="false">scale</aspectratio>
								</control>
								<control type="label">
									<left>18</left>
									<bottom>54</bottom>
									<width>198</width>
									<height>36</height>
									<font>Font22Bold</font>
									<textcolor>textActive</textcolor>
									<aligny>center</aligny>
									<label>$INFO[ListItem.Label]</label>
								</control>
								<control type="label">
									<left>18</left>
									<bottom>18</bottom>
									<width>198</width>
									<height>36</height>
									<font>Font20Bold</font>
									<textcolor>textActive</textcolor>
									<aligny>center</aligny>
									<label>$PARAM[label2_oncontrol]</label>
								</control>
							</itemlayout>
							<focusedlayout width="234" height="342">
	                   					<control type="group">
	                        					<posx>6</posx>
	                        					<posy>6</posy>
        								<animation type="Focus">
            									<effect type="zoom" start="100" end="110" center="auto" easing="out" time="300" tween="cubic"/>
        								</animation>
        								<animation type="UnFocus">
            									<effect type="zoom" start="110" end="100" center="auto" easing="out" time="300" tween="cubic"/>
        								</animation>
									<control type="image">
	                        						<posx>0</posx>
	                        						<posy>0</posy>
	                        						<width>216</width>
	                       							<height>324</height>
										<fadetime>0</fadetime>
	                        						<aspectratio>stretch</aspectratio>
	                        						<texture>shape/dim216/roundedposter.png</texture>
										<colordiffuse>FF000000</colordiffuse>
	                        						<bordersize>0</bordersize>
	                    						</control>
									<control type="image">
	                        						<posx>0</posx>
	                        						<posy>0</posy>
	                        						<width>216</width>
	                       							<height>324</height>
										<texture diffuse="shape/dim216/roundedposter.png">$INFO[ListItem.Icon]</texture>
										<colordiffuse>FFFFFFFF</colordiffuse>
										<bordersize>0</bordersize>
										<fadetime>0</fadetime>
										<aspectratio scalediffuse="false">scale</aspectratio>
									</control>
									<control type="image">
	                        						<posx>0</posx>
	                        						<posy>0</posy>
	                        						<width>216</width>
	                       							<height>324</height>
										<fadetime>0</fadetime>
	                        						<aspectratio>stretch</aspectratio>
	                        						<texture>shape/dim216/roundedposter.png</texture>
										<colordiffuse>80000000</colordiffuse>
	                        						<bordersize>0</bordersize>
									</control>
		           					</control>
								<control type="textbox">
        								<animation type="Focus">
            									<effect type="zoom" start="90" end="100" center="auto" easing="out" time="300" tween="cubic"/>
										<effect type="fade" start="0" end="100" time="300"/>
        								</animation>
        								<animation type="UnFocus">
            									<effect type="zoom" start="100" end="90" center="auto" easing="out" time="300" tween="cubic"/>
										<effect type="fade" start="100" end="0" time="300"/>
        								</animation>
									<left>11</left>
									<top>11</top>
									<width>210</width>
									<height>318</height>
									<font>Font22Medium</font>
									<textcolor>textActive</textcolor>
									<aligny>center</aligny>
									<align>center</align>
									<label>[B]$INFO[ListItem.Label][/B][CR]$INFO[ListItem.Label2]</label>
								</control>
							</focusedlayout>
							<content target="$PARAM[target_listcontent]" limit="$PARAM[limit_listcontent]" browse="$PARAM[control_browsemode]">$PARAM[control_listcontent]</content>
	            				</control>
						<control type="group">
	                        			<posx>0</posx>
							<top>180</top>
							<width>288</width>
							<height>360</height>
							<include content="ModelDialogRounded">
								<param name="modelkey_size" value="108" />
								<param name="modelkey_color" value="sorotdark" />
								<param name="dimensionkey_size" value="dim108" />
							</include>
							<control type="image">
		                        			<right>18</right>
		                        			<bottom>18</bottom>
								<width>180</width>
								<height>180</height>
								<texture>$PARAM[icon_groupcategory]</texture>
								<colordiffuse>80FFFFFF</colordiffuse>
								<bordersize>0</bordersize>
								<aspectratio>stretch</aspectratio>
							</control>
                   	 				<control type="label">
		                        			<right>18</right>
		                        			<bottom>18</bottom>
                						<font>symbolSize72</font>
                    						<width>72</width>
                   						<height>72</height>
                    						<aligny>center</aligny>
		    						<label>$PARAM[control_symbolgroupcategory]</label>
                     						<textcolor>80FFFFFF</textcolor>
                    					</control>
	                        			<control type="textbox">
		                        			<posx>18</posx>
		                        			<bottom>36</bottom>
		                        			<width>252</width>
		                        			<height>324</height>
		                        			<align>left</align>
		                        			<aligny>top</aligny>
		                        			<font>Font36Bold</font>
		                        			<textcolor>textActive</textcolor>
		                        			<label>$PARAM[label_groupcategory]</label>
		           				</control>
	                        			<control type="label">
		                        			<posx>18</posx>
		                        			<bottom>18</bottom>
		                        			<width>252</width>
		                        			<height>36</height>
		                        			<align>left</align>
		                        			<font>Font22Bold</font>
		                        			<textcolor>textActive</textcolor>
		                        			<label>$INFO[Container($PARAM[id_control]).NumAllItems,, $LOCALIZE[31510]]</label>
		           				</control>
		           			</control>
            				</control>
		</definition>
	</include>


<!--Album&Song-->
	<include name="WidgetMusicLayoutHome">
		<definition>
					<control type="group" id="$PARAM[id_groupcontrol]" description="$PARAM[id_groupdesc]">
		    				<visible>$PARAM[visible_control]</visible>
							<visible>Integer.IsGreater(Container($PARAM[id_control]).NumItems,0) | Container($PARAM[id_control]).IsUpdating</visible>
						<height>396</height>
						<control type="group">
	                        			<posx>324</posx>
	                        			<posy>108</posy>
							<width>180</width>
							<height>180</height>
							<include content="LoadingAnimationList">
								<param name="id_control" value="$PARAM[id_control]"/>
							</include>
	                    			</control>
						<control type="fixedlist" id="$PARAM[id_control]">
							<visible>Integer.IsGreater(Container($PARAM[id_control]).NumItems,0) | Container($PARAM[id_control]).IsUpdating</visible>
                   					<left>0</left>
                   					<right>-180</right>
							<bottom>18</bottom>
							<height>360</height>
                   					<orientation>horizontal</orientation>
							<scrolltime easing="inout" tween="sine">300</scrolltime>
							<preloaditems>2</preloaditems>
							<focusposition>1</focusposition>
							<defaultcontrol always="true">0</defaultcontrol>
							<onleft>$PARAM[id_onleft]</onleft>
							<onright>$PARAM[id_onright]</onright>
							<ondown>$PARAM[id_ondown]</ondown>
							<onup>$PARAM[id_onup]</onup>
	                				<itemlayout width="360" height="360">
		                        			<control type="group">
									<left>18</left>
									<top>18</top>
									<width>324</width>
									<height>324</height>
									<include content="MediaSquareLayout">
										<param name="size_layout" value="324"/>
										<param name="dimensionkey_size" value="dim360"/>
										<param name="fontif_noimage" value="Font32Bold"/>
										<param name="alpha_colors" value="80"/>
									</include>
	                    					</control>
	                				</itemlayout>
	                				<focusedlayout width="360" height="360">
		                        			<control type="group">
        								<animation type="Focus">
            									<effect type="zoom" start="90" end="100" center="auto" easing="out" time="180" tween="cubic"/>
        								</animation>
        								<animation type="UnFocus">
            									<effect type="zoom" start="100" end="90" center="auto" easing="out" time="180" tween="cubic"/>
        								</animation>
									<depth>DepthContentPopout</depth>
									<left>0</left>
									<top>0</top>
									<width>360</width>
									<height>360</height>
									<include content="MediaSquareLayout">
										<param name="size_layout" value="360"/>
										<param name="dimensionkey_size" value="dim360"/>
										<param name="fontif_noimage" value="Font36Bold"/>
										<param name="alpha_colors" value="FF"/>
									</include>
	                    					</control>
	                				</focusedlayout>
							<content target="music" limit="$PARAM[limit_listcontent]">$PARAM[control_listcontent]</content>
	            				</control>
						<control type="group">
	                        			<posx>0</posx>
	                        			<posy>0</posy>
							<width>288</width>
							<height>396</height>
							<include content="ModelDialogRounded">
								<param name="modelkey_size" value="108" />
								<param name="modelkey_color" value="sorotdark" />
								<param name="dimensionkey_size" value="dim108" />
							</include>
	                    			</control>
		                        	<control type="group">
							<width>288</width>
							<height>396</height>
							<control type="image">
		                        			<right>18</right>
		                        			<bottom>18</bottom>
								<width>180</width>
								<height>180</height>
								<texture>$PARAM[icon_groupcategory]</texture>
								<colordiffuse>80FFFFFF</colordiffuse>
								<bordersize>0</bordersize>
								<aspectratio>stretch</aspectratio>
							</control>
                   	 				<control type="label">
		                        			<right>18</right>
		                        			<bottom>18</bottom>
                						<font>symbolSize72</font>
                    						<width>72</width>
                   						<height>72</height>
                    						<aligny>center</aligny>
		    						<label>$PARAM[control_symbolgroupcategory]</label>
                     						<textcolor>80FFFFFF</textcolor>
                    					</control>
	                        			<control type="textbox">
		                        			<posx>18</posx>
		                        			<bottom>36</bottom>
		                        			<width>252</width>
		                        			<height>360</height>
		                        			<align>left</align>
		                        			<aligny>top</aligny>
		                        			<font>Font36Bold</font>
		                        			<textcolor>textActive</textcolor>
		                        			<label>$PARAM[label_groupcategory]</label>
		           				</control>
	                        			<control type="label">
		                        			<posx>18</posx>
		                        			<bottom>18</bottom>
		                        			<width>252</width>
		                        			<height>36</height>
		                        			<align>left</align>
		                        			<font>Font22Bold</font>
		                        			<textcolor>textActive</textcolor>
		                        			<label>$INFO[Container($PARAM[id_control]).NumAllItems,, $LOCALIZE[31510]]</label>
		           				</control>
		           			</control>
            				</control>
		</definition>
	</include>
	<include name="WidgetMusicLayout">
		<param name="pos_left">0</param>
		<param name="pos_top">0</param>
		<param name="height_groupcontrol">468</param>
		<param name="limit_listcontent">24</param>
		<param name="control_browsemode">auto</param>
		<definition>
			<control type="group" id="$PARAM[id_groupcontrol]" description="$PARAM[id_groupdesc]">
				<visible>$PARAM[visible_control]</visible>
				<visible>Integer.IsGreater(Container($PARAM[id_control]).NumItems,0) | Container($PARAM[id_control]).IsUpdating</visible>
				<left>$PARAM[pos_left]</left>
				<top>$PARAM[pos_top]</top>
				<height>$PARAM[height_groupcontrol]</height>
				<control type="group">
					<posx>54</posx>
					<top>342</top>
					<width>288</width>
					<height>54</height>
					<include content="LoadingAnimationList">
						<param name="id_control" value="$PARAM[id_control]"/>
					</include>
				</control>
				<control type="label">
					<animation type="conditional" condition="!Control.HasFocus($PARAM[id_control])">
						<effect type="fade" start="100" end="50" time="180" delay="0"/>
					</animation>
					<posx>0</posx>
					<top>0</top>
					<width>auto</width>
					<height>54</height>
					<align>left</align>
					<aligny>top</aligny>
					<font>Font32Bold</font>
					<textcolor>textActive</textcolor>
					<label>$PARAM[label_groupcategory]</label>
				</control>
				<control type="fixedlist" id="$PARAM[id_control]">
					<visible>Integer.IsGreater(Container($PARAM[id_control]).NumItems,0) | Container($PARAM[id_control]).IsUpdating</visible>
					<left>0</left>
					<right>-64</right>
					<top>54</top>
					<height>450</height>
					<orientation>horizontal</orientation>
					<scrolltime easing="inout" tween="sine">300</scrolltime>
					<movement>2</movement>
					<preloaditems>3</preloaditems>
					<focusposition>0</focusposition>
					<onleft>$PARAM[id_control]9</onleft>
					<onright>$PARAM[id_onright]</onright>
					<ondown>$PARAM[id_ondown]</ondown>
					<onup>$PARAM[id_onup]</onup>
					<itemlayout width="324" height="396">
						<control type="group">
							<left>9</left>
							<top>9</top>
							<width>306</width>
							<height>306</height>
							<control type="image">
								<posx>0</posx>
								<posy>0</posy>
								<width>306</width>
								<height>306</height>
								<aspectratio>stretch</aspectratio>
								<texture>shape/dim360/roundedsquarehalf.png</texture>
								<colordiffuse>black</colordiffuse>
								<bordersize>0</bordersize>
							</control>
							<control type="image">
								<posx>0</posx>
								<posy>0</posy>
								<width>306</width>
								<height>306</height>
								<texture diffuse="shape/dim360/roundedsquarehalf.png" background="true">$INFO[ListItem.thumb]</texture>
								<colordiffuse>FFFFFFFF</colordiffuse>
								<bordersize>0</bordersize>
								<fadetime>0</fadetime>
								<aspectratio scalediffuse="false">scale</aspectratio>
							</control>
							<control type="textbox">
								<visible>String.isEmpty(ListItem.thumb)</visible>
								<posx>18</posx>
								<posy>18</posy>
								<font>Font28Bold</font>
								<width>270</width>
								<height>270</height>
								<aligny>center</aligny>
								<label>$INFO[Listitem.Label]</label>
								<textcolor>80FFFFFF</textcolor>
							</control>
						</control>
						<control type="label">
							<left>9</left>
							<bottom>45</bottom>
							<width>306</width>
							<height>32</height>
							<font>Font22Bold</font>
							<textcolor>textActive</textcolor>
							<aligny>center</aligny>
							<label>$PARAM[label_oncontrol]</label>
						</control>
						<control type="label">
							<left>9</left>
							<bottom>22</bottom>
							<width>306</width>
							<height>28</height>
							<font>Font18Bold</font>
							<textcolor>textActive</textcolor>
							<aligny>center</aligny>
							<label>$PARAM[label2_oncontrol]</label>
						</control>
						<control type="label">
							<left>9</left>
							<bottom>2</bottom>
							<width>306</width>
							<height>22</height>
							<font>Font16Bold</font>
							<textcolor>FFCCCCCC</textcolor>
							<aligny>center</aligny>
							<label>$PARAM[control_label]</label>
						</control>
					</itemlayout>
					<focusedlayout width="324" height="396">
						<control type="button">
							<visible>Control.HasFocus($PARAM[id_control])</visible>
							<width>324</width>
							<height>396</height>
							<texturenofocus colordiffuse="40808080" border="8">shape/dim72/roundedsquare.png</texturenofocus>
							<texturefocus colordiffuse="40808080" border="8">shape/dim72/roundedsquare.png</texturefocus>
						</control>
						<control type="group">
							<left>9</left>
							<top>9</top>
							<width>306</width>
							<height>306</height>
							<control type="image">
								<posx>0</posx>
								<posy>0</posy>
								<width>306</width>
								<height>306</height>
								<aspectratio>stretch</aspectratio>
								<texture>shape/dim360/roundedsquarehalf.png</texture>
								<colordiffuse>black</colordiffuse>
								<bordersize>0</bordersize>
							</control>
							<control type="image">
								<posx>0</posx>
								<posy>0</posy>
								<width>306</width>
								<height>306</height>
								<texture diffuse="shape/dim360/roundedsquarehalf.png" background="true">$INFO[ListItem.thumb]</texture>
								<colordiffuse>FFFFFFFF</colordiffuse>
								<bordersize>0</bordersize>
								<fadetime>0</fadetime>
								<aspectratio scalediffuse="false">scale</aspectratio>
							</control>
							<control type="textbox">
								<visible>String.isEmpty(ListItem.thumb)</visible>
								<posx>18</posx>
								<posy>18</posy>
								<font>Font28Bold</font>
								<width>270</width>
								<height>270</height>
								<aligny>center</aligny>
								<label>$INFO[Listitem.Label]</label>
								<textcolor>80FFFFFF</textcolor>
							</control>
						</control>
						<control type="label">
							<left>9</left>
							<bottom>45</bottom>
							<width>306</width>
							<height>32</height>
							<font>Font22Bold</font>
							<textcolor>textActive</textcolor>
							<aligny>center</aligny>
							<label>$PARAM[label_oncontrol]</label>
						</control>
						<control type="label">
							<left>9</left>
							<bottom>22</bottom>
							<width>306</width>
							<height>28</height>
							<font>Font18Bold</font>
							<textcolor>textActive</textcolor>
							<aligny>center</aligny>
							<label>$PARAM[label2_oncontrol]</label>
						</control>
						<control type="label">
							<left>9</left>
							<bottom>2</bottom>
							<width>306</width>
							<height>22</height>
							<font>Font16Bold</font>
							<textcolor>FFCCCCCC</textcolor>
							<aligny>center</aligny>
							<label>$PARAM[control_label]</label>
						</control>
					</focusedlayout>
					<content target="$PARAM[target_listcontent]" limit="$PARAM[limit_listcontent]" browse="$PARAM[control_browsemode]">$PARAM[control_listcontent]</content>
				</control>
			</control>
		</definition>
	</include>
	<include name="WidgetMusicLayout3">
		<param name="pos_left">0</param>
		<param name="pos_top">0</param>
		<param name="height_groupcontrol">648</param>
		<param name="limit_listcontent">24</param>
		<param name="control_browsemode">auto</param>
		<definition>
					<control type="group" id="$PARAM[id_groupcontrol]" description="$PARAM[id_groupdesc]">
		    				<visible>$PARAM[visible_control]</visible>
							<visible>Integer.IsGreater(Container($PARAM[id_control]).NumItems,0) | Container($PARAM[id_control]).IsUpdating</visible>
                   				<left>$PARAM[pos_left]</left>
	                        		<top>$PARAM[pos_top]</top>
						<height>$PARAM[height_groupcontrol]</height>
						<control type="group">
	                        			<posx>324</posx>
							<top>288</top>
							<width>180</width>
							<height>180</height>
							<include content="LoadingAnimationList">
								<param name="id_control" value="$PARAM[id_control]"/>
							</include>
	                    			</control>
						<control type="fixedlist" id="$PARAM[id_control]">
							<visible>Integer.IsGreater(Container($PARAM[id_control]).NumItems,0) | Container($PARAM[id_control]).IsUpdating</visible>
                   					<left>0</left>
                   					<right>-180</right>
							<top>198</top>
							<height>360</height>
                   					<orientation>horizontal</orientation>
							<scrolltime easing="inout" tween="sine">300</scrolltime>
							<preloaditems>4</preloaditems>
							<focusposition>1</focusposition>
							<onleft>$PARAM[id_onleft]</onleft>
							<onright>$PARAM[id_onright]</onright>
							<ondown>$PARAM[id_ondown]</ondown>
							<onup>$PARAM[id_onup]</onup>
	                				<itemlayout width="360" height="360">
		                        			<control type="group">
									<left>18</left>
									<top>18</top>
									<width>324</width>
									<height>324</height>
									<control type="image">
										<posx>0</posx>
										<posy>0</posy>
										<width>324</width>
										<height>324</height>
	                        						<aspectratio>stretch</aspectratio>
	                        						<texture>shape/dim360/roundedsquare.png</texture>
										<colordiffuse>black</colordiffuse>
	                        						<bordersize>0</bordersize>
	                    						</control>
									<control type="image">
										<posx>0</posx>
										<posy>0</posy>
										<width>324</width>
										<height>324</height>
										<texture diffuse="shape/dim360/roundedsquare.png" background="true">$INFO[ListItem.thumb]</texture>
										<colordiffuse>80FFFFFF</colordiffuse>
										<bordersize>0</bordersize>
										<fadetime>0</fadetime>
										<aspectratio scalediffuse="false">scale</aspectratio>
									</control>
                   	 						<control type="textbox">
		    								<visible>String.isEmpty(ListItem.thumb)</visible>
                   								<posx>18</posx>
                 								<posy>18</posy>
                								<font>Font32Bold</font>
                    								<width>198</width>
                   								<height>288</height>
                    								<aligny>center</aligny>
		    								<label>$INFO[Listitem.Label]</label>
                     								<textcolor>80FFFFFF</textcolor>
                    							</control>
	                    					</control>
	                				</itemlayout>
	                				<focusedlayout width="360" height="360">
		                        			<control type="group">
        								<animation type="Focus">
            									<effect type="zoom" start="90" end="100" center="auto" easing="out" time="180" tween="cubic"/>
        								</animation>
        								<animation type="UnFocus">
            									<effect type="zoom" start="100" end="90" center="auto" easing="out" time="180" tween="cubic"/>
        								</animation>
									<width>240</width>
									<height>360</height>
									<control type="image">
										<posx>0</posx>
										<posy>0</posy>
										<width>360</width>
										<height>360</height>
	                        						<aspectratio>stretch</aspectratio>
	                        						<texture>shape/dim360/roundedsquare.png</texture>
										<colordiffuse>black</colordiffuse>
	                        						<bordersize>0</bordersize>
	                    						</control>
									<control type="image">
        									<animation type="Focus">
											<effect type="fade" start="50" end="100" time="180" delay="0"/>
        									</animation>
        									<animation type="UnFocus">
											<effect type="fade" start="100" end="50" time="180" delay="0"/>
        									</animation>
										<posx>0</posx>
										<posy>0</posy>
										<width>360</width>
										<height>360</height>
										<texture diffuse="shape/dim360/roundedsquare.png" background="true">$INFO[ListItem.thumb]</texture>
										<colordiffuse>FFFFFFFF</colordiffuse>
										<bordersize>0</bordersize>
										<fadetime>0</fadetime>
										<aspectratio scalediffuse="false">scale</aspectratio>
									</control>
                   	 						<control type="textbox">
        									<animation type="Focus">
											<effect type="fade" start="50" end="100" time="180"/>
        									</animation>
        									<animation type="UnFocus">
											<effect type="fade" start="100" end="50" time="180"/>
        									</animation>
		    								<visible>String.isEmpty(Listitem.thumb)</visible>
                   								<posx>18</posx>
                 								<posy>36</posy>
                								<font>Font36Bold</font>
                    								<width>204</width>
                   								<height>288</height>
                    								<aligny>center</aligny>
		    								<label>$INFO[Listitem.Label]</label>
                     								<textcolor>FFFFFFFF</textcolor>
                    							</control>
									<control type="group">
										<visible>!String.IsEmpty(ListItem.playcount)</visible>
	                        						<left>9</left>
	                        						<top>9</top>
				              				 	<width>36</width>
				              				 	<height>36</height>
										<control type="image">
	                        							<left>0</left>
	                        							<top>0</top>
				              				 		<width>36</width>
				              				 		<height>36</height>
	                        							<aspectratio>stretch</aspectratio>
	                        							<texture>shape/dim72/circle.png</texture>
	                        							<bordersize>0</bordersize>
	                       								<colordiffuse>80000000</colordiffuse>
	        		 						</control>
                   	 							<control type="label">
	                        							<left>9</left>
	                        							<top>9</top>
				              				 		<width>18</width>
				              				 		<height>18</height>
                									<font>symbolSize18</font>
                    									<aligny>center</aligny>
		    									<label></label>
                     									<textcolor>FFFFFFFF</textcolor>
                    								</control>
	        		 					</control>
									<control type="image">
										<posx>0</posx>
										<posy>0</posy>
										<width>360</width>
										<height>360</height>
	                        						<aspectratio>stretch</aspectratio>
	                        						<texture>shape/dim360/roundedsquare.png</texture>
										<colordiffuse>40000000</colordiffuse>
	                        						<bordersize>0</bordersize>
	                    						</control>
									<control type="label">
										<left>18</left>
										<bottom>48</bottom>
										<width>288</width>
										<height>36</height>
										<font>Font22Bold</font>
										<textcolor>textActive</textcolor>
										<aligny>center</aligny>
										<label>$PARAM[label_oncontrol]</label>
									</control>
									<control type="label">
										<left>18</left>
										<bottom>18</bottom>
										<width>324</width>
										<height>36</height>
										<font>Font20Bold</font>
										<textcolor>textActive</textcolor>
										<aligny>center</aligny>
										<label>$PARAM[label2_oncontrol]</label>
									</control>
	                    					</control>
	                				</focusedlayout>
							<content target="$PARAM[target_listcontent]" limit="$PARAM[limit_listcontent]" browse="$PARAM[control_browsemode]">$PARAM[control_listcontent]</content>
	            				</control>
						<control type="group">
	                        			<posx>0</posx>
							<top>180</top>
							<width>288</width>
							<height>396</height>
							<include content="ModelDialogRounded">
								<param name="modelkey_size" value="108" />
								<param name="modelkey_color" value="sorotdark" />
								<param name="dimensionkey_size" value="dim108" />
							</include>
							<control type="image">
		                        			<right>18</right>
		                        			<bottom>18</bottom>
								<width>180</width>
								<height>180</height>
								<texture>$PARAM[icon_groupcategory]</texture>
								<colordiffuse>80FFFFFF</colordiffuse>
								<bordersize>0</bordersize>
								<aspectratio>stretch</aspectratio>
							</control>
                   	 				<control type="label">
		                        			<right>18</right>
		                        			<bottom>18</bottom>
                						<font>symbolSize72</font>
                    						<width>72</width>
                   						<height>72</height>
                    						<aligny>center</aligny>
		    						<label>$PARAM[control_symbolgroupcategory]</label>
                     						<textcolor>80FFFFFF</textcolor>
                    					</control>
	                        			<control type="textbox">
		                        			<posx>18</posx>
		                        			<bottom>36</bottom>
		                        			<width>252</width>
		                        			<height>360</height>
		                        			<align>left</align>
		                        			<aligny>top</aligny>
		                        			<font>Font36Bold</font>
		                        			<textcolor>textActive</textcolor>
		                        			<label>$PARAM[label_groupcategory]</label>
		           				</control>
	                        			<control type="label">
		                        			<posx>18</posx>
		                        			<bottom>18</bottom>
		                        			<width>252</width>
		                        			<height>36</height>
		                        			<align>left</align>
		                        			<font>Font22Bold</font>
		                        			<textcolor>textActive</textcolor>
		                        			<label>$INFO[Container($PARAM[id_control]).NumAllItems,, $LOCALIZE[31510]]</label>
		           				</control>
		           			</control>
            				</control>
		</definition>
	</include>








<!--Setting on Home Layout-->
	<include name="MiniWindowonHome">
		<definition>
			<control type="button" id="1000">
				<visible>$PARAM[skin_value]</visible>
				<width>3000</width>
				<height>3000</height>	
				<texturefocus />
				<texturenofocus />
				<label></label>
				<font></font>
				<onclick>$PARAM[set_focusvalue]</onclick>
			</control>
			<control type="group">
	                       	<posx>0</posx>
                 		<bottom>0</bottom>
				<width>648</width>
				<height>540</height>
				<control type="group">
					<visible>$PARAM[skin_value]</visible>
					<animation type="Visible">
						<effect type="slide" start="-342,0" end="0,0" tween="quadratic" easing="out" time="180" delay="0"/>
					</animation>
					<animation type="Hidden">
						<effect type="slide" start="0,0" end="-342,0" tween="quadratic" easing="out" time="180"/>
					</animation>
	                        	<posx>342</posx>
	                        	<posy>0</posy>
					<width>360</width>
					<height>540</height>
					<include content="ModelDialogRounded">
						<param name="modelkey_size" value="108" />
						<param name="modelkey_color" value="ff404040" />
						<param name="dimensionkey_size" value="dim108" />
					</include>
	                    	</control>
				<control type="group">
					<visible>$PARAM[skin_value]</visible>
					<animation type="Hidden">
						<effect type="fade" start="100" end="0" time="1" delay="181"/>
					</animation>
	                        	<posx>0</posx>
	                        	<posy>0</posy>
					<width>360</width>
					<height>540</height>
					<control type="group">
	                        		<posx>0</posx>
	                        		<posy>0</posy>
						<width>360</width>
						<height>540</height>
						<include content="ModelDialogRounded">
							<param name="modelkey_size" value="108" />
							<param name="modelkey_color" value="ff202020" />
							<param name="dimensionkey_size" value="dim108" />
						</include>
	                    		</control>
					<control type="image">
						<left>0</left>
						<bottom>0</bottom>
						<width>360</width>
						<height>360</height>
						<texture diffuse="shape/dim360/roundedsquare.png">$PARAM[header_thumb]</texture>
						<colordiffuse>80FFFFFF</colordiffuse>
						<bordersize>9</bordersize>
						<aspectratio scalediffuse="false">scale</aspectratio>
					</control>
	                        	<control type="label">
						<left>0</left>
						<bottom>0</bottom>
						<width>324</width>
						<height>324</height>
		                        	<align>center</align>
		                        	<font>symbolSize180</font>
		             			<textoffsetx>0</textoffsetx>
		                        	<textcolor>80FFFFFF</textcolor>
		                        	<label>$PARAM[header_icon]</label>
		           		</control>
	                        	<control type="textbox">
		                        	<posx>18</posx>
		                        	<posy>18</posy>
		                        	<width>288</width>
		                        	<height>360</height>
		                        	<align>left</align>
		                        	<aligny>top</aligny>
		                        	<font>Font54Bold</font>
		                        	<textcolor>textActive</textcolor>
		                        	<label>$PARAM[header_title]</label>
		           		</control>
	                    	</control>
			</control>
		</definition>
	</include>
</includes>
