<?xml version="1.0" encoding="UTF-8"?>
<includes>
    <include name="fadeInOut">
        <animation type="windowopen"
                   loop="false"
                   reversible="false">
            <effect type="fade"
                    start="0"
                    end="100"
                    time="180" />
        </animation>
        <animation type="windowclose"
                   loop="false"
                   reversible="false">
            <effect type="fade"
                    start="100"
                    end="0"
                    time="180" />
        </animation>
    </include>
    <include name="fadeInOutReversed">
        <animation type="windowclose"
                   loop="false"
                   reversible="false">
            <effect type="fade"
                    start="0"
                    end="100"
                    time="180" />
        </animation>
        <animation type="windowopen"
                   loop="false"
                   reversible="false">
            <effect type="fade"
                    start="100"
                    end="0"
                    time="180" />
        </animation>
    </include>
    <include name="fadeInOutVisible">
        <animation type="visible"
                   loop="false"
                   reversible="false">
            <effect type="fade"
                    start="0"
                    end="100"
                    time="180" />
        </animation>
        <animation type="hidden"
                   loop="false"
                   reversible="false">
            <effect type="fade"
                    start="100"
                    end="0"
                    time="180" />
        </animation>
    </include>
    <include name="fadeInOutVisibleDelay">
        <animation type="visible"
                   loop="false"
                   reversible="false">
            <effect type="fade"
                    start="0"
                    end="100"
                    time="180"
                    delay="180" />
        </animation>
        <animation type="hidden"
                   loop="false"
                   reversible="false">
            <effect type="fade"
                    start="100"
                    end="0"
                    time="180" />
        </animation>
    </include>
    <include name="TempEvoListBounceAnimation">
        <animation type="Conditional"
                   condition="Control.IsVisible(20000)"
                   reversible="false">
            <effect type="slide"
                    end="0,20"
                    time="60"
                    tween="sine" />
            <effect type="slide"
                    end="0,-20"
                    time="180"
                    tween="sine"
                    delay="80" />
        </animation>
        <animation type="Conditional"
                   condition="Control.IsVisible(20001)"
                   reversible="false">
            <effect type="slide"
                    end="0,-20"
                    time="60"
                    tween="sine" />
            <effect type="slide"
                    end="0,20"
                    time="180"
                    tween="sine"
                    delay="80" />
        </animation>
    </include>
    <include name="TempEvoListBounceAnimationH">
        <animation type="Conditional"
                   condition="Control.IsVisible(20000)"
                   reversible="false">
            <effect type="slide"
                    end="20,0"
                    time="60"
                    tween="sine" />
            <effect type="slide"
                    end="-20,0"
                    time="180"
                    tween="sine"
                    delay="80" />
        </animation>
        <animation type="Conditional"
                   condition="Control.IsVisible(20001)"
                   reversible="false">
            <effect type="slide"
                    end="-20,0"
                    time="60"
                    tween="sine" />
            <effect type="slide"
                    end="20,0"
                    time="180"
                    tween="sine"
                    delay="80" />
        </animation>
    </include>
    <!-- Animation-Window -->
    <include name="TempEvoFocusedItemHomeIcon">
        <animation type="focus"
                   loop="false"
                   reversible="false">
            <effect type="slide"
                    start="0,0"
                    end="-396,0"
                    tween="cubic"
                    easing="out"
                    time="300" />
        </animation>
        <animation type="unfocus"
                   loop="false"
                   reversible="false">
            <effect type="slide"
                    start="-396,0"
                    end="0,0"
                    tween="cubic"
                    easing="out"
                    time="300" />
        </animation>
    </include>
    <include name="TempEvoFocusedItemHomeLabel">
        <animation type="focus"
                   loop="false"
                   reversible="false">
            <effect type="slide"
                    start="0,0"
                    end="180,0"
                    tween="cubic"
                    easing="out"
                    time="300" />
        </animation>
        <animation type="unfocus"
                   loop="false"
                   reversible="false">
            <effect type="slide"
                    start="180,0"
                    end="0,0"
                    tween="cubic"
                    easing="out"
                    time="300" />
        </animation>
    </include>
    <include name="TempEvoSlideDownTwoWay">
        <animation type="Windowopen">
            <effect type="slide"
                    start="0,1080"
                    end="0,0"
                    tween="cubic"
                    easing="inout"
                    time="240"
                    delay="0" />
        </animation>
        <animation type="Windowclose">
            <effect type="slide"
                    start="0,0"
                    end="0,1080"
                    tween="cubic"
                    easing="inout"
                    time="240" />
        </animation>
    </include>
    <include name="TempEvoSlideDownTwoWayVisible">
        <animation type="Visible">
            <effect type="slide"
                    start="0,1080"
                    end="0,0"
                    tween="cubic"
                    easing="inout"
                    time="360"
                    delay="180" />
        </animation>
        <animation type="Hidden">
            <effect type="slide"
                    start="0,0"
                    end="0,1080"
                    tween="cubic"
                    easing="inout"
                    time="240" />
        </animation>
    </include>
    <!-- Animation -->
    <include name="TempEvoFocusedItemFade">
        <animation type="focus"
                   loop="false"
                   reversible="false">
            <effect type="fade"
                    start="0"
                    end="100"
                    time="300" />
        </animation>
        <animation type="unfocus"
                   loop="false"
                   reversible="false">
            <effect type="fade"
                    start="100"
                    end="0"
                    time="300" />
        </animation>
    </include>
    <include name="TempEvoFocusedItemFadeReversed">
        <animation type="focus"
                   loop="false"
                   reversible="false">
            <effect type="fade"
                    start="100"
                    end="0"
                    time="300" />
        </animation>
        <animation type="unfocus"
                   loop="false"
                   reversible="false">
            <effect type="fade"
                    start="0"
                    end="100"
                    time="300" />
        </animation>
    </include>
    <include name="TempEvoMainSlideForSideMenu">
        <animation type="Visible">
            <effect type="slide"
                    start="-456,0"
                    end="0,0"
                    tween="quadratic"
                    easing="out"
                    time="300"
                    delay="0" />
        </animation>
        <animation type="Hidden">
            <effect type="slide"
                    start="0,0"
                    end="-456,0"
                    tween="quadratic"
                    easing="out"
                    time="300" />
        </animation>
    </include>
    <include name="TempEvoMainSlideForSideMenuW">
        <animation type="Windowopen">
            <effect type="slide"
                    start="-456,0"
                    end="0,0"
                    tween="quadratic"
                    easing="out"
                    time="300"
                    delay="0" />
        </animation>
        <animation type="Windowclose">
            <effect type="slide"
                    start="0,0"
                    end="-456,0"
                    tween="quadratic"
                    easing="out"
                    time="300" />
        </animation>
    </include>
    <include name="TempEvoMainSlideForBackground">
        <animation type="Windowopen">
            <effect type="fade"
                    start="0"
                    end="100"
                    time="100" />
            <effect type="slide"
                    start="1920,0"
                    end="0,0"
                    tween="quadratic"
                    easing="out"
                    time="300"
                    delay="0" />
        </animation>
        <animation type="Windowclose">
            <effect type="fade"
                    start="100"
                    end="0"
                    time="100"
                    delay="200" />
            <effect type="slide"
                    start="0,0"
                    end="1920,0"
                    tween="quadratic"
                    easing="out"
                    time="300" />
        </animation>
    </include>
    <include name="TempEvoMainSlideForBackgroundFlip">
        <animation type="Windowopen">
            <effect type="fade"
                    start="0"
                    end="100"
                    time="100" />
            <effect type="slide"
                    start="0,1920"
                    end="0,0"
                    tween="quadratic"
                    easing="out"
                    time="300"
                    delay="100" />
        </animation>
        <animation type="Windowclose">
            <effect type="fade"
                    start="100"
                    end="0"
                    time="100"
                    delay="200" />
            <effect type="slide"
                    start="0,0"
                    end="0,1920"
                    tween="quadratic"
                    easing="out"
                    time="300" />
        </animation>
    </include>
    <include name="TempEvoShutdownPanelSlide">
        <animation type="windowopen">
            <effect type="slide"
                    start="0,540"
                    end="0,0"
                    tween="cubic"
                    easing="out"
                    time="300" />
        </animation>
        <animation type="windowclose">
            <effect type="slide"
                    start="0,0"
                    end="0,540"
                    tween="cubic"
                    easing="in"
                    time="300" />
        </animation>
    </include>
    <include name="TempEvoLockscreenSlide">
        <animation type="windowopen">
            <effect type="slide"
                    start="0,-1080"
                    end="0,0"
                    tween="cubic"
                    easing="in"
                    time="500" />
        </animation>
        <animation type="windowclose">
            <effect type="slide"
                    start="0,0"
                    end="0,-1080"
                    tween="cubic"
                    easing="out"
                    time="500" />
        </animation>
    </include>
    <include name="TempEvoHomeZoomForBackground">
        <animation type="windowopen">
            <effect type="zoom"
                    center="auto"
                    start="200,500"
                    end="100,100"
                    time="300"
                    tween="cubic"
                    easing="out" />
        </animation>
        <animation type="windowclose">
            <effect type="zoom"
                    center="auto"
                    start="100,100"
                    end="200,500"
                    time="180"
                    tween="cubic"
                    easing="in" />
        </animation>
    </include>
    <include name="TempEvoOpenIdleTransition">
        <animation type="windowopen">
            <effect type="zoom"
                    center="auto"
                    start="0,0"
                    end="200,500"
                    time="180"
                    tween="cubic"
                    easing="in" />
            <effect type="fade"
                    start="100"
                    end="0"
                    time="180"
                    delay="200" />
        </animation>
        <animation type="windowclose">
            <effect type="fade"
                    start="0"
                    end="100"
                    time="180"
                    delay="0" />
            <effect type="zoom"
                    center="auto"
                    start="200,500"
                    end="0,0"
                    time="300"
                    tween="cubic"
                    easing="out"
                    delay="200" />
        </animation>
    </include>
    <!-- SlideFadeFromRightToLeft -->
    <include name="TempEvoSlideFadeFromRightToLeft">
        <animation type="Windowopen">
            <effect type="fade"
                    start="0"
                    end="100"
                    time="300" />
            <effect type="slide"
                    start="200,0"
                    end="0,0"
                    tween="cubic"
                    easing="out"
                    time="300" />
        </animation>
        <animation type="Windowclose">
            <effect type="fade"
                    start="100"
                    end="0"
                    time="300" />
            <effect type="slide"
                    start="0,0"
                    end="-200,0"
                    tween="cubic"
                    easing="out"
                    time="300" />
        </animation>
    </include>
    <include name="TempEvoSlideFadeFromRightToLeftVisible">
        <animation type="Visible">
            <effect type="fade"
                    start="0"
                    end="100"
                    time="300" />
            <effect type="slide"
                    start="200,0"
                    end="0,0"
                    tween="cubic"
                    easing="out"
                    time="300" />
        </animation>
        <animation type="Hidden">
            <effect type="fade"
                    start="100"
                    end="0"
                    time="300" />
            <effect type="slide"
                    start="0,0"
                    end="-200,0"
                    tween="cubic"
                    easing="out"
                    time="300" />
        </animation>
    </include>
    <include name="TempEvoSlideFadeFromRightToLeftVisibleControl">
        <definition>
            <animation type="Conditional"
                       condition="Control.IsVisible($PARAM[control_id])">
                <effect type="fade"
                        start="0"
                        end="100"
                        time="300" />
                <effect type="slide"
                        start="200,0"
                        end="0,0"
                        tween="cubic"
                        easing="out"
                        time="300" />
            </animation>
        </definition>
    </include>
    <!-- SlideFadeFromLeftToRight -->
    <include name="TempEvoSlideFadeFromLeftToRight">
        <animation type="Windowopen">
            <effect type="fade"
                    start="0"
                    end="100"
                    time="300" />
            <effect type="slide"
                    start="-200,0"
                    end="0,0"
                    tween="cubic"
                    easing="out"
                    time="300" />
        </animation>
        <animation type="Windowclose">
            <effect type="fade"
                    start="100"
                    end="0"
                    time="300" />
            <effect type="slide"
                    start="0,0"
                    end="200,0"
                    tween="cubic"
                    easing="out"
                    time="300" />
        </animation>
    </include>
    <include name="TempEvoSlideFadeFromLeftToRightVisible">
        <animation type="Visible">
            <effect type="fade"
                    start="0"
                    end="100"
                    time="300" />
            <effect type="slide"
                    start="-200,0"
                    end="0,0"
                    tween="cubic"
                    easing="out"
                    time="300" />
        </animation>
        <animation type="Hidden">
            <effect type="fade"
                    start="100"
                    end="0"
                    time="300" />
            <effect type="slide"
                    start="0,0"
                    end="200,0"
                    tween="cubic"
                    easing="out"
                    time="300" />
        </animation>
    </include>
    <include name="TempEvoSlideFadeFromLeftToRightVisibleControl">
        <definition>
            <animation type="Conditional"
                       condition="Control.IsVisible($PARAM[control_id])">
                <effect type="fade"
                        start="0"
                        end="100"
                        time="300" />
                <effect type="slide"
                        start="-200,0"
                        end="0,0"
                        tween="cubic"
                        easing="out"
                        time="300" />
            </animation>
        </definition>
    </include>
    <!-- SlideFadeFromDownToUp -->
    <include name="TempEvoSlideFadeFromDownToUp">
        <animation type="Windowopen">
            <effect type="fade"
                    start="0"
                    end="100"
                    time="300" />
            <effect type="slide"
                    start="0,200"
                    end="0,0"
                    tween="cubic"
                    easing="out"
                    time="300" />
        </animation>
        <animation type="Windowclose">
            <effect type="fade"
                    start="100"
                    end="0"
                    time="300" />
            <effect type="slide"
                    start="0,0"
                    end="0,-200"
                    tween="cubic"
                    easing="out"
                    time="300" />
        </animation>
    </include>
    <include name="TempEvoSlideFadeFromDownToUpVisible">
        <animation type="Visible">
            <effect type="fade"
                    start="0"
                    end="100"
                    time="300" />
            <effect type="slide"
                    start="0,200"
                    end="0,0"
                    tween="cubic"
                    easing="out"
                    time="300" />
        </animation>
        <animation type="Hidden">
            <effect type="fade"
                    start="100"
                    end="0"
                    time="300" />
            <effect type="slide"
                    start="0,0"
                    end="0,-200"
                    tween="cubic"
                    easing="out"
                    time="300" />
        </animation>
    </include>
    <include name="TempEvoSlideFadeFromDownToUpVisibleControl">
        <definition>
            <animation type="Conditional"
                       condition="Control.IsVisible($PARAM[control_id])">
                <effect type="fade"
                        start="0"
                        end="100"
                        time="300" />
                <effect type="slide"
                        start="0,200"
                        end="0,0"
                        tween="cubic"
                        easing="out"
                        time="300" />
            </animation>
        </definition>
    </include>
    <!-- SlideFadeFromUpToDown -->
    <include name="TempEvoSlideFadeFromUpToDown">
        <animation type="Windowopen">
            <effect type="fade"
                    start="0"
                    end="100"
                    time="300" />
            <effect type="slide"
                    start="0,-200"
                    end="0,0"
                    tween="cubic"
                    easing="out"
                    time="300" />
        </animation>
        <animation type="Windowclose">
            <effect type="fade"
                    start="100"
                    end="0"
                    time="300" />
            <effect type="slide"
                    start="0,0"
                    end="0,200"
                    tween="cubic"
                    easing="out"
                    time="300" />
        </animation>
    </include>
    <include name="TempEvoSlideFadeFromUpToDownVisible">
        <animation type="Visible">
            <effect type="fade"
                    start="0"
                    end="100"
                    time="300" />
            <effect type="slide"
                    start="0,-200"
                    end="0,0"
                    tween="cubic"
                    easing="out"
                    time="300" />
        </animation>
        <animation type="Hidden">
            <effect type="fade"
                    start="100"
                    end="0"
                    time="300" />
            <effect type="slide"
                    start="0,0"
                    end="0,200"
                    tween="cubic"
                    easing="out"
                    time="300" />
        </animation>
    </include>
    <include name="TempEvoSlideFadeFromUpToDownVisibleControl">
        <definition>
            <animation type="Conditional"
                       condition="Control.IsVisible($PARAM[control_id])">
                <effect type="fade"
                        start="0"
                        end="100"
                        time="300" />
                <effect type="slide"
                        start="0,-200"
                        end="0,0"
                        tween="cubic"
                        easing="out"
                        time="300" />
            </animation>
        </definition>
    </include>
    <!-- SlideFadeRightTwoWay -->
    <include name="TempEvoSlideFadeRightTwoWay">
        <animation type="Windowopen">
            <effect type="fade"
                    start="0"
                    end="100"
                    time="300" />
            <effect type="slide"
                    start="200,0"
                    end="0,0"
                    tween="cubic"
                    easing="out"
                    time="300" />
        </animation>
        <animation type="Windowclose">
            <effect type="fade"
                    start="100"
                    end="0"
                    time="300" />
            <effect type="slide"
                    start="0,0"
                    end="200,0"
                    tween="cubic"
                    easing="out"
                    time="300" />
        </animation>
    </include>
    <include name="TempEvoSlideFadeRightTwoWayVisible">
        <animation type="Visible">
            <effect type="fade"
                    start="0"
                    end="100"
                    time="300" />
            <effect type="slide"
                    start="200,0"
                    end="0,0"
                    tween="cubic"
                    easing="out"
                    time="300" />
        </animation>
        <animation type="Hidden">
            <effect type="fade"
                    start="100"
                    end="0"
                    time="300" />
            <effect type="slide"
                    start="0,0"
                    end="200,0"
                    tween="cubic"
                    easing="out"
                    time="300" />
        </animation>
    </include>
    <!-- SlideFadeLeftTwoWay -->
    <include name="TempEvoSlideFadeLeftTwoWay">
        <animation type="Windowopen">
            <effect type="fade"
                    start="0"
                    end="100"
                    time="300" />
            <effect type="slide"
                    start="-200,0"
                    end="0,0"
                    tween="cubic"
                    easing="out"
                    time="300" />
        </animation>
        <animation type="Windowclose">
            <effect type="fade"
                    start="100"
                    end="0"
                    time="300" />
            <effect type="slide"
                    start="0,0"
                    end="-200,0"
                    tween="cubic"
                    easing="out"
                    time="300" />
        </animation>
    </include>
    <include name="TempEvoSlideFadeLeftTwoWayVisible">
        <animation type="Visible">
            <effect type="fade"
                    start="0"
                    end="100"
                    time="300" />
            <effect type="slide"
                    start="-200,0"
                    end="0,0"
                    tween="cubic"
                    easing="out"
                    time="300" />
        </animation>
        <animation type="Hidden">
            <effect type="fade"
                    start="100"
                    end="0"
                    time="300" />
            <effect type="slide"
                    start="0,0"
                    end="-200,0"
                    tween="cubic"
                    easing="out"
                    time="300" />
        </animation>
    </include>
    <!-- SlideFadeDownTwoWay -->
    <include name="TempEvoSlideFadeDownTwoWay">
        <animation type="Windowopen">
            <effect type="fade"
                    start="0"
                    end="100"
                    time="300" />
            <effect type="slide"
                    start="0,200"
                    end="0,0"
                    tween="cubic"
                    easing="out"
                    time="300" />
        </animation>
        <animation type="Windowclose">
            <effect type="fade"
                    start="100"
                    end="0"
                    time="300" />
            <effect type="slide"
                    start="0,0"
                    end="0,200"
                    tween="cubic"
                    easing="out"
                    time="300" />
        </animation>
    </include>
    <include name="TempEvoSlideFadeDownTwoWayVisible">
        <animation type="Visible">
            <effect type="fade"
                    start="0"
                    end="100"
                    time="300" />
            <effect type="slide"
                    start="0,200"
                    end="0,0"
                    tween="cubic"
                    easing="out"
                    time="300" />
        </animation>
        <animation type="Hidden">
            <effect type="fade"
                    start="100"
                    end="0"
                    time="300" />
            <effect type="slide"
                    start="0,0"
                    end="0,200"
                    tween="cubic"
                    easing="out"
                    time="300" />
        </animation>
    </include>
    <include name="TempEvoSlideFadeDownTwoWayFastVisible">
        <animation type="Visible">
            <effect type="fade"
                    start="0"
                    end="100"
                    time="180" />
            <effect type="slide"
                    start="0,200"
                    end="0,0"
                    tween="cubic"
                    easing="out"
                    time="180" />
        </animation>
        <animation type="Hidden">
            <effect type="fade"
                    start="100"
                    end="0"
                    time="180" />
            <effect type="slide"
                    start="0,0"
                    end="0,200"
                    tween="cubic"
                    easing="out"
                    time="180" />
        </animation>
    </include>
    <include name="TempEvoSlideFadeDownTwoWayVisibleControl">
        <definition>
            <animation type="Conditional"
                       condition="Control.IsVisible($PARAM[control_id])">
                <effect type="fade"
                        start="0"
                        end="100"
                        time="300" />
                <effect type="slide"
                        start="0,200"
                        end="0,0"
                        tween="cubic"
                        easing="out"
                        time="300" />
            </animation>
        </definition>
    </include>
    <!-- SlideFadeUpTwoWay -->
    <include name="TempEvoSlideFadeUpTwoWay">
        <animation type="Windowopen">
            <effect type="fade"
                    start="0"
                    end="100"
                    time="300" />
            <effect type="slide"
                    start="0,-200"
                    end="0,0"
                    tween="cubic"
                    easing="out"
                    time="300" />
        </animation>
        <animation type="Windowclose">
            <effect type="fade"
                    start="100"
                    end="0"
                    time="300" />
            <effect type="slide"
                    start="0,0"
                    end="0,-200"
                    tween="cubic"
                    easing="out"
                    time="300" />
        </animation>
    </include>
    <include name="TempEvoSlideFadeUpTwoWayVisible">
        <animation type="Visible">
            <effect type="fade"
                    start="0"
                    end="100"
                    time="300" />
            <effect type="slide"
                    start="0,-200"
                    end="0,0"
                    tween="cubic"
                    easing="out"
                    time="300" />
        </animation>
        <animation type="Hidden">
            <effect type="fade"
                    start="100"
                    end="0"
                    time="300" />
            <effect type="slide"
                    start="0,0"
                    end="0,-200"
                    tween="cubic"
                    easing="out"
                    time="300" />
        </animation>
    </include>
    <include name="TempEvoSlideFadeDownUpWayVisibleControl">
        <definition>
            <animation type="Conditional"
                       condition="Control.IsVisible($PARAM[control_id])">
                <effect type="fade"
                        start="0"
                        end="100"
                        time="300" />
                <effect type="slide"
                        start="0,-200"
                        end="0,0"
                        tween="cubic"
                        easing="out"
                        time="300" />
            </animation>
        </definition>
    </include>
    <!-- Animation -->
    <include name="TempEvoFocusedItemFadeFast">
        <animation type="focus"
                   loop="false"
                   reversible="false">
            <effect type="fade"
                    start="0"
                    end="100"
                    time="180" />
        </animation>
        <animation type="unfocus"
                   loop="false"
                   reversible="false">
            <effect type="fade"
                    start="100"
                    end="0"
                    time="180" />
        </animation>
    </include>
    <include name="TempEvoFocusedItemFadeReversedFast">
        <animation type="focus"
                   loop="false"
                   reversible="false">
            <effect type="fade"
                    start="100"
                    end="0"
                    time="180" />
        </animation>
        <animation type="unfocus"
                   loop="false"
                   reversible="false">
            <effect type="fade"
                    start="0"
                    end="100"
                    time="180" />
        </animation>
    </include>
    <!-- SlideFadeFromRightToLeft -->
    <include name="TempEvoSlideFadeFromRightToLeftFast">
        <animation type="Windowopen">
            <effect type="fade"
                    start="0"
                    end="100"
                    time="180" />
            <effect type="slide"
                    start="36,0"
                    end="0,0"
                    tween="cubic"
                    easing="out"
                    time="180" />
        </animation>
        <animation type="Windowclose">
            <effect type="fade"
                    start="100"
                    end="0"
                    time="180" />
            <effect type="slide"
                    start="0,0"
                    end="-36,0"
                    tween="cubic"
                    easing="out"
                    time="180" />
        </animation>
    </include>
    <include name="TempEvoSlideFadeFromRightToLeftFastVisible">
        <animation type="Visible">
            <effect type="fade"
                    start="0"
                    end="100"
                    time="180" />
            <effect type="slide"
                    start="36,0"
                    end="0,0"
                    tween="cubic"
                    easing="out"
                    time="180" />
        </animation>
        <animation type="Hidden">
            <effect type="fade"
                    start="100"
                    end="0"
                    time="180" />
            <effect type="slide"
                    start="0,0"
                    end="-36,0"
                    tween="cubic"
                    easing="out"
                    time="180" />
        </animation>
    </include>
    <include name="TempEvoSlideFadeFromRightToLeftFastVisibleControl">
        <definition>
            <animation type="Conditional"
                       condition="Control.IsVisible($PARAM[control_id])">
                <effect type="fade"
                        start="0"
                        end="100"
                        time="180" />
                <effect type="slide"
                        start="36,0"
                        end="0,0"
                        tween="cubic"
                        easing="out"
                        time="180" />
            </animation>
        </definition>
    </include>
    <!-- SlideFadeFromLeftToRight -->
    <include name="TempEvoSlideFadeFromLeftToRightFast">
        <animation type="Windowopen">
            <effect type="fade"
                    start="0"
                    end="100"
                    time="180" />
            <effect type="slide"
                    start="-36,0"
                    end="0,0"
                    tween="cubic"
                    easing="out"
                    time="180" />
        </animation>
        <animation type="Windowclose">
            <effect type="fade"
                    start="100"
                    end="0"
                    time="180" />
            <effect type="slide"
                    start="0,0"
                    end="36,0"
                    tween="cubic"
                    easing="out"
                    time="180" />
        </animation>
    </include>
    <include name="TempEvoSlideFadeFromLeftToRightFastVisible">
        <animation type="Visible">
            <effect type="fade"
                    start="0"
                    end="100"
                    time="180" />
            <effect type="slide"
                    start="-36,0"
                    end="0,0"
                    tween="cubic"
                    easing="out"
                    time="180" />
        </animation>
        <animation type="Hidden">
            <effect type="fade"
                    start="100"
                    end="0"
                    time="180" />
            <effect type="slide"
                    start="0,0"
                    end="36,0"
                    tween="cubic"
                    easing="out"
                    time="180" />
        </animation>
    </include>
    <include name="TempEvoSlideFadeFromLeftToRightFastVisibleControl">
        <definition>
            <animation type="Conditional"
                       condition="Control.IsVisible($PARAM[control_id])">
                <effect type="fade"
                        start="0"
                        end="100"
                        time="180" />
                <effect type="slide"
                        start="-36,0"
                        end="0,0"
                        tween="cubic"
                        easing="out"
                        time="180" />
            </animation>
        </definition>
    </include>
    <include name="TempEvoSlideFadeFromLeftToRightFastFocus">
        <animation type="Focus">
            <effect type="fade"
                    start="0"
                    end="100"
                    time="180" />
            <effect type="slide"
                    start="-36,0"
                    end="0,0"
                    tween="cubic"
                    easing="out"
                    time="180" />
        </animation>
        <animation type="Unfocus">
            <effect type="fade"
                    start="100"
                    end="0"
                    time="180" />
            <effect type="slide"
                    start="0,0"
                    end="36,0"
                    tween="cubic"
                    easing="out"
                    time="180" />
        </animation>
    </include>
    <!-- SlideFadeFromDownToUp -->
    <include name="TempEvoSlideFadeFromDownToUpFast">
        <animation type="Windowopen">
            <effect type="fade"
                    start="0"
                    end="100"
                    time="180" />
            <effect type="slide"
                    start="0,36"
                    end="0,0"
                    tween="cubic"
                    easing="out"
                    time="180" />
        </animation>
        <animation type="Windowclose">
            <effect type="fade"
                    start="100"
                    end="0"
                    time="180" />
            <effect type="slide"
                    start="0,0"
                    end="0,-36"
                    tween="cubic"
                    easing="out"
                    time="180" />
        </animation>
    </include>
    <include name="TempEvoSlideFadeFromDownToUpFastVisible">
        <animation type="Visible">
            <effect type="fade"
                    start="0"
                    end="100"
                    time="180" />
            <effect type="slide"
                    start="0,36"
                    end="0,0"
                    tween="cubic"
                    easing="out"
                    time="180" />
        </animation>
        <animation type="Hidden">
            <effect type="fade"
                    start="100"
                    end="0"
                    time="180" />
            <effect type="slide"
                    start="0,0"
                    end="0,-36"
                    tween="cubic"
                    easing="out"
                    time="180" />
        </animation>
    </include>
    <include name="TempEvoSlideFadeFromDownToUpFastVisibleControl">
        <definition>
            <animation type="Conditional"
                       condition="Control.IsVisible($PARAM[control_id])">
                <effect type="fade"
                        start="0"
                        end="100"
                        time="180" />
                <effect type="slide"
                        start="0,36"
                        end="0,0"
                        tween="cubic"
                        easing="out"
                        time="180" />
            </animation>
        </definition>
    </include>
    <!-- SlideFadeFromUpToDown -->
    <include name="TempEvoSlideFadeFromUpToDownFast">
        <animation type="Windowopen">
            <effect type="fade"
                    start="0"
                    end="100"
                    time="180" />
            <effect type="slide"
                    start="0,-36"
                    end="0,0"
                    tween="cubic"
                    easing="out"
                    time="180" />
        </animation>
        <animation type="Windowclose">
            <effect type="fade"
                    start="100"
                    end="0"
                    time="180" />
            <effect type="slide"
                    start="0,0"
                    end="0,36"
                    tween="cubic"
                    easing="out"
                    time="180" />
        </animation>
    </include>
    <include name="TempEvoSlideFadeFromUpToDownFastVisible">
        <animation type="Visible">
            <effect type="fade"
                    start="0"
                    end="100"
                    time="180" />
            <effect type="slide"
                    start="0,-36"
                    end="0,0"
                    tween="cubic"
                    easing="out"
                    time="180" />
        </animation>
        <animation type="Hidden">
            <effect type="fade"
                    start="100"
                    end="0"
                    time="180" />
            <effect type="slide"
                    start="0,0"
                    end="0,36"
                    tween="cubic"
                    easing="out"
                    time="180" />
        </animation>
    </include>
    <include name="TempEvoSlideFadeFromUpToDownFastVisibleControl">
        <definition>
            <animation type="Conditional"
                       condition="Control.IsVisible($PARAM[control_id])">
                <effect type="fade"
                        start="0"
                        end="100"
                        time="180" />
                <effect type="slide"
                        start="0,-36"
                        end="0,0"
                        tween="cubic"
                        easing="out"
                        time="180" />
            </animation>
        </definition>
    </include>
    <!-- SlideFadeRightTwoWay -->
    <include name="TempEvoSlideFadeRightTwoWayFast">
        <animation type="Windowopen">
            <effect type="slide"
                    start="36,0"
                    end="0,0"
                    tween="cubic"
                    easing="out"
                    time="180" />
            <effect type="fade"
                    start="0"
                    end="100"
                    time="180" />
        </animation>
        <animation type="Windowclose">
            <effect type="fade"
                    start="100"
                    end="0"
                    time="180" />
            <effect type="slide"
                    start="0,0"
                    end="36,0"
                    tween="cubic"
                    easing="out"
                    time="180" />
        </animation>
    </include>
    <include name="TempEvoSlideFadeRightTwoWayFastVisible">
        <animation type="Visible">
            <effect type="slide"
                    start="36,0"
                    end="0,0"
                    tween="cubic"
                    easing="out"
                    time="180" />
            <effect type="fade"
                    start="0"
                    end="100"
                    time="180" />
        </animation>
        <animation type="Hidden">
            <effect type="fade"
                    start="100"
                    end="0"
                    time="180" />
            <effect type="slide"
                    start="0,0"
                    end="36,0"
                    tween="cubic"
                    easing="out"
                    time="180" />
        </animation>
    </include>
    <include name="TempEvoSlideFadeRightTwoWayFastDelayVisible">
        <animation type="Visible">
            <effect type="slide"
                    start="36,0"
                    end="0,0"
                    tween="cubic"
                    easing="out"
                    time="180"
                    delay="300" />
            <effect type="fade"
                    start="0"
                    end="100"
                    time="180"
                    delay="300" />
        </animation>
        <animation type="Hidden">
            <effect type="fade"
                    start="100"
                    end="0"
                    time="180" />
            <effect type="slide"
                    start="0,0"
                    end="36,0"
                    tween="cubic"
                    easing="out"
                    time="180" />
        </animation>
    </include>
    <!-- SlideFadeLeftTwoWay -->
    <include name="TempEvoSlideFadeLeftTwoWayFast">
        <animation type="Windowopen">
            <effect type="slide"
                    start="-36,0"
                    end="0,0"
                    tween="cubic"
                    easing="out"
                    time="180" />
            <effect type="fade"
                    start="0"
                    end="100"
                    time="180" />
        </animation>
        <animation type="Windowclose">
            <effect type="fade"
                    start="100"
                    end="0"
                    time="180" />
            <effect type="slide"
                    start="0,0"
                    end="-36,0"
                    tween="cubic"
                    easing="out"
                    time="180" />
        </animation>
    </include>
    <include name="TempEvoSlideFadeLeftTwoWayFastVisible">
        <animation type="Visible">
            <effect type="slide"
                    start="-36,0"
                    end="0,0"
                    tween="cubic"
                    easing="out"
                    time="180" />
            <effect type="fade"
                    start="0"
                    end="100"
                    time="180" />
        </animation>
        <animation type="Hidden">
            <effect type="fade"
                    start="100"
                    end="0"
                    time="180" />
            <effect type="slide"
                    start="0,0"
                    end="-36,0"
                    tween="cubic"
                    easing="out"
                    time="180" />
        </animation>
    </include>
    <!-- SlideFadeDownTwoWay -->
    <include name="TempEvoSlideFadeDownTwoWayFast">
        <animation type="Windowopen">
            <effect type="slide"
                    start="0,36"
                    end="0,0"
                    tween="cubic"
                    easing="out"
                    time="180" />
            <effect type="fade"
                    start="0"
                    end="100"
                    time="180" />
        </animation>
        <animation type="Windowclose">
            <effect type="fade"
                    start="100"
                    end="0"
                    time="180" />
            <effect type="slide"
                    start="0,0"
                    end="0,36"
                    tween="cubic"
                    easing="out"
                    time="180" />
        </animation>
    </include>
    <include name="TempEvoSlideFadeDownTwoWayFastVisibleControl">
        <definition>
            <animation type="Conditional"
                       condition="Control.IsVisible($PARAM[control_id])">
                <effect type="slide"
                        start="0,36"
                        end="0,0"
                        tween="cubic"
                        easing="out"
                        time="180" />
                <effect type="fade"
                        start="0"
                        end="100"
                        time="180" />
            </animation>
        </definition>
    </include>
    <!-- SlideFadeUpTwoWay -->
    <include name="TempEvoSlideFadeUpTwoWayFast">
        <animation type="Windowopen">
            <effect type="slide"
                    start="0,-36"
                    end="0,0"
                    tween="cubic"
                    easing="out"
                    time="180" />
            <effect type="fade"
                    start="0"
                    end="100"
                    time="180" />
        </animation>
        <animation type="Windowclose">
            <effect type="fade"
                    start="100"
                    end="0"
                    time="180" />
            <effect type="slide"
                    start="0,0"
                    end="0,-36"
                    tween="cubic"
                    easing="out"
                    time="180" />
        </animation>
    </include>
    <include name="TempEvoSlideFadeUpTwoWayFastVisible">
        <animation type="Visible">
            <effect type="fade"
                    start="0"
                    end="100"
                    time="180" />
            <effect type="slide"
                    start="0,-36"
                    end="0,0"
                    tween="cubic"
                    easing="out"
                    time="180" />
        </animation>
        <animation type="Hidden">
            <effect type="fade"
                    start="100"
                    end="0"
                    time="180" />
            <effect type="slide"
                    start="0,0"
                    end="0,-36"
                    tween="cubic"
                    easing="out"
                    time="180" />
        </animation>
    </include>
    <include name="TempEvoSlideUpDialog">
        <animation type="Windowopen">
            <effect type="slide"
                    start="0,936"
                    end="0,0"
                    tween="cubic"
                    easing="out"
                    time="180" />
        </animation>
        <animation type="Windowclose">
            <effect type="slide"
                    start="0,0"
                    end="0,936"
                    tween="cubic"
                    easing="out"
                    time="180" />
        </animation>
    </include>
    <include name="TempEvoSlideLeftDialog">
        <animation type="Windowopen">
            <effect type="slide"
                    start="936,0"
                    end="0,0"
                    tween="cubic"
                    easing="out"
                    time="180" />
        </animation>
        <animation type="Windowclose">
            <effect type="slide"
                    start="0,0"
                    end="936,0"
                    tween="cubic"
                    easing="out"
                    time="180" />
        </animation>
    </include>
</includes>