<?xml version="1.0" encoding="UTF-8"?>
<window type="dialog" id="1107">
	<zorder>100</zorder>
	<defaultcontrol always="true">1</defaultcontrol>
	<controls>
		<control type="button" id="1">
			<animation effect="slide" start="0,0" end="0,1080" time="0" delay="0" condition="!Control.HasFocus(1)">Conditional</animation>
			<height>100%</height>
			<texturefocus colordiffuse="FF000000">colors/white.png</texturefocus>
			<texturenofocus colordiffuse="FF000000">colors/white.png</texturenofocus>
			<onclick>Control.SetFocus(2)</onclick>
		</control>
		<control type="button" id="6">
			<animation effect="slide" start="0,0" end="0,1080" time="0" delay="0" condition="!Control.HasFocus(6)">Conditional</animation>
			<visible allowhiddenfocus="true">Control.HasFocus(6)</visible>
			<height>100%</height>
			<texturefocus colordiffuse="FF808080">colors/white.png</texturefocus>
			<texturenofocus colordiffuse="FF808080">colors/white.png</texturenofocus>
			<onclick>close</onclick>
		</control>
		<control type="button" id="5">
			<animation effect="slide" start="0,0" end="0,1080" time="0" delay="0" condition="!Control.HasFocus(5)">Conditional</animation>
			<visible allowhiddenfocus="true">Control.HasFocus(5)</visible>
			<height>100%</height>
			<texturefocus colordiffuse="FF0000FF">colors/white.png</texturefocus>
			<texturenofocus colordiffuse="FF0000FF">colors/white.png</texturenofocus>
			<onclick>Control.SetFocus(6)</onclick>
		</control>
		<control type="button" id="4">
			<animation effect="slide" start="0,0" end="0,1080" time="0" delay="0" condition="!Control.HasFocus(4)">Conditional</animation>
			<visible allowhiddenfocus="true">Control.HasFocus(4)</visible>
			<height>100%</height>
			<texturefocus colordiffuse="FF00FF00">colors/white.png</texturefocus>
			<texturenofocus colordiffuse="FF00FF00">colors/white.png</texturenofocus>
			<onclick>Control.SetFocus(5)</onclick>
		</control>
		<control type="button" id="3">
			<animation effect="slide" start="0,0" end="0,1080" time="0" delay="0" condition="!Control.HasFocus(3)">Conditional</animation>
			<visible allowhiddenfocus="true">Control.HasFocus(3)</visible>
			<height>100%</height>
			<texturefocus colordiffuse="FFFF0000">colors/white.png</texturefocus>
			<texturenofocus colordiffuse="FFFF0000">colors/white.png</texturenofocus>
			<onclick>Control.SetFocus(4)</onclick>
		</control>
		<control type="button" id="2">
			<animation effect="slide" start="0,0" end="0,1080" time="0" delay="0" condition="!Control.HasFocus(2)">Conditional</animation>
			<visible allowhiddenfocus="true">Control.HasFocus(2)</visible>
			<height>100%</height>
			<texturefocus colordiffuse="FFFFFFFF">colors/white.png</texturefocus>
			<texturenofocus colordiffuse="FFFFFFFF">colors/white.png</texturenofocus>
			<onclick>Control.SetFocus(3)</onclick>
		</control>
	</controls>
</window>
