<?xml version="1.0" encoding="UTF-8"?>
<window type="dialog" id="1102">
	<zorder>50</zorder>
    <defaultcontrol>9000</defaultcontrol>
    <include>fadeInOut</include>
    <controls>
		<control type="button">
			<description>background close area</description>
			<left>0</left>
			<right>846</right>
			<top>0</top>
			<height>100%</height>
			<texturefocus />
			<texturenofocus />
			<onclick>Action(close)</onclick>
		</control>
		<control type="image">
			<include condition="!Skin.HasSetting(NoAnimationInSkin)">fadeInOut</include>
			<left>0</left>
			<bottom>0</bottom>
			<width>100%</width>
			<height>100%</height>
			<texture colordiffuse="CCFFFFFF">colors/black.png</texture>
		</control>
		<control type="group">
			<right>0</right>
			<bottom>0</bottom>
			<width>864</width>
			<height>100%</height>
			<include condition="!Skin.HasSetting(NoAnimationInSkin)">SlideFadeRightTwoWay</include>
			<include content="ModelDialogLeftRounded">
				<param name="modelkey_size" value="180"/>
				<param name="modelkey_color" value="sorotbright"/>
				<param name="dimensionkey_size" value="dim180"/>
			</include>
			<include content="ModelDialogLeftRounded">
				<param name="modelkey_size" value="180"/>
				<param name="modelkey_color" value="CC000000"/>
				<param name="dimensionkey_size" value="dim180"/>
			</include>
			<control type="group">
				<right>64</right>
				<control type="label">
					<animation type="windowopen">
						<effect type="fade" start="0" end="100" delay="200" time="200"/>
					</animation>
					<animation type="windowclose">
						<effect type="fade" start="100" end="0" delay="0" time="100"/>
					</animation>
					<description>TitleWindow</description>
					<posx>36</posx>
					<posy>216</posy>
					<font>Font42Bold</font>
					<width>auto</width>
					<height>72</height>
					<aligny>center</aligny>
					<textcolor>FFFFFFFF</textcolor>
					<label>$LOCALIZE[10147]</label>
				</control>
				<control type="label" id="1">
					<animation type="windowopen">
						<effect type="fade" start="0" end="100" delay="200" time="200"/>
					</animation>
					<animation type="windowclose">
						<effect type="fade" start="100" end="0" delay="0" time="100"/>
					</animation>
					<description>TitleWindow</description>
					<posx>36</posx>
					<posy>288</posy>
					<font>Font28Bold</font>
					<width>auto</width>
					<height>36</height>
					<aligny>center</aligny>
					<textcolor>FFFFFFFF</textcolor>
					<label>$INFO[Window(home).Property(TextViewer_Header)]</label>
				</control>
				<control type="group">
					<animation type="windowopen">
						<effect type="fade" start="0" end="100" delay="200" time="200"/>
					</animation>
					<animation type="windowclose">
						<effect type="fade" start="100" end="0" delay="0" time="100"/>
					</animation>
					<bottom>1</bottom>
					<posx>27</posx>
					<width>576</width>
					<height>720</height>
					<control type="group" id="9001">
            <control type="textbox" id="5">
							<top>0</top>
										<left>18</left>
							<height>720</height>
                <description>textarea</description>
                <font>Font24Regular</font>
				<pagecontrol>60</pagecontrol>
					<label>$INFO[Window(home).Property(TextViewer_Content)]</label>
            </control>
            			</control>
			</control>
				<control type="group">
					<animation type="windowopen">
						<effect type="fade" start="0" end="100" delay="400" time="300"/>
					</animation>
					<animation type="windowclose">
						<effect type="fade" start="100" end="0" delay="0" time="100"/>
					</animation>
					<right>-64</right>
					<bottom>0</bottom>
					<width>244</width>
					<height>792</height>
					<include content="ModelDialogTopLeftRounded">
						<param name="modelkey_size" value="180"/>
						<param name="modelkey_color" value="40000000"/>
						<param name="dimensionkey_size" value="dim180"/>
					</include>
					<control type="group">
						<visible>!Skin.HasSetting(HideScrollBaronSkin)</visible>
						<right>12</right>
						<bottom>0</bottom>
						<width>18</width>
						<height>756</height>
						<include condition="!Skin.HasSetting(NoAnimationInSkin)">fadeInOutVisible</include>
						<include content="DefaultScrollbars">
							<param name="control_idVer">60</param>
							<param name="visible_verticalbar">true</param>
							<param name="control_HeightVer">720</param>
							<param name="controlVer_onleft">9000</param>
							<param name="controlVer_onright">noop</param>
							<param name="ItsScrollbarForaDialog">true</param>
						</include>
					</control>
				</control>
				<control type="grouplist" id="9000">
					<description>control area</description>
					<right>0</right>
					<bottom>0</bottom>
					<width>180</width>
					<height>756</height>
					<onleft>Control.SetFocus(9001)</onleft>
					<onright>60</onright>
						<control type="button" id="198">
							<font>Font20Bold</font>
							<width>180</width>
							<height>54</height>
							<align>left</align>
							<texturefocus colordiffuse="sorotdark" border="8">shape/dim72/roundedright.png</texturefocus>
							<onclick>Close</onclick>
							<label>$LOCALIZE[31610]</label>
						</control>
				</control>
			</control>
			</control>
    </controls>
</window>
