<?xml version="1.0" encoding="UTF-8"?>
<window type="dialog" id="1104">
	<zorder>50</zorder>
    <defaultcontrol>9000</defaultcontrol>
    <include condition="!Skin.HasSetting(NoAnimationInSkin)">fadeInOut</include>
    <controls>
		<control type="button" id="9">
			<left>-3000</left>
			<bottom>-3000</bottom>
			<width>1</width>
			<height>1</height>
			<onfocus>AlarmClock(limaskyswitchmodebegin,Control.SetFocus(8),00:00:05,silent)</onfocus>
			<onfocus>Control.SetFocus(197)</onfocus>
		</control>
		<control type="button" id="8">
			<left>-3000</left>
			<bottom>-3000</bottom>
			<width>1</width>
			<height>1</height>
			<onfocus condition="String.isEqual(Window(home).Property(SwitchTo_LimaSky),LimaSkyTempEvo)">Skin.Reset(LimaSkySatuAktif)</onfocus>
			<onfocus condition="String.isEqual(Window(home).Property(SwitchTo_LimaSky),LimaSkyTempEvo)">Skin.Reset(LimaSkyTabAktif)</onfocus>
			<onfocus condition="String.isEqual(Window(home).Property(SwitchTo_LimaSky),LimaSkySatu)">Skin.setBool(LimaSkySatuAktif)</onfocus>
			<onfocus condition="String.isEqual(Window(home).Property(SwitchTo_LimaSky),LimaSkySatu)">Skin.Reset(LimaSkyTabAktif)</onfocus>
			<onfocus condition="String.isEqual(Window(home).Property(SwitchTo_LimaSky),LimaSkyTabFriend)">Skin.setBool(LimaSkyTabAktif)</onfocus>
			<onfocus condition="String.isEqual(Window(home).Property(SwitchTo_LimaSky),LimaSkyTabFriend)">Skin.Reset(LimaSkySatuAktif)</onfocus>
			<onfocus>ReloadSkin()</onfocus>
			<onfocus>ReplaceWindow($INFO[System.StartupWindow])</onfocus>
			<onfocus>ActivateWindow(1106)</onfocus>
		</control>
		<control type="image">
			<include condition="!Skin.HasSetting(NoAnimationInSkin)">fadeInOut</include>
			<left>0</left>
			<bottom>0</bottom>
			<width>100%</width>
			<height>100%</height>
			<texture>colors/black.png</texture>
		</control>
		<control type="group">
			<centerleft>50%</centerleft>
			<centertop>50%</centertop>
			<width>1280</width>
			<height>540</height>
			<control type="group">
				<right>64</right>
				<control type="label">
					<animation type="windowopen">
						<effect type="fade" start="0" end="100" delay="200" time="200"/>
					</animation>
					<animation type="windowclose">
						<effect type="fade" start="100" end="0" delay="0" time="100"/>
					</animation>
					<description>TitleWindow</description>
					<posx>0</posx>
					<posy>0</posy>
					<font>Font54Bold</font>
					<width>1280</width>
					<height>72</height>
					<align>center</align>
					<aligny>center</aligny>
					<textcolor>FFFFFFFF</textcolor>
					<label>$LOCALIZE[31208]</label>
				</control>
				<control type="image">
					<visible>!System.HasAlarm(limaskyswitchmodebegin)</visible>
					<left>0</left>
					<posy>72</posy>
					<width>1280</width>
					<height>360</height>
					<texture>home/Limasky-logo/$INFO[Window(home).Property(SwitchTo_LimaSky)]-Long.png</texture>
					<bordersize>2</bordersize>
					<aspectratio scalediffuse="false" align="center">keep</aspectratio>
				</control>
				<control type="image">
					<visible>System.HasAlarm(limaskyswitchmodebegin)</visible>
						<animation type="visible">
							<effect type="fade" start="0" end="100" time="180" delay="0"/>
            				<effect type="slide" start="0,0" end="352,0" tween="cubic" easing="inout" time="0" delay="1"/>
            				<effect type="slide" end="-298,0" tween="cubic" easing="inout" time="180" delay="1500"/>
							<effect type="fade" start="100" end="0" time="180" delay="2500"/>
						</animation>
						<animation type="hidden">
							<effect type="fade" start="50" end="0" time="0" delay="0"/>
						</animation>
					<left>0</left>
					<posy>72</posy>
					<width>576</width>
					<height>360</height>
					<texture>$VAR[LimaSkyLogoBooting]</texture>
					<bordersize>0</bordersize>
					<aspectratio scalediffuse="false" align="right">keep</aspectratio>
				</control>
				<control type="image">
					<visible>System.HasAlarm(limaskyswitchmodebegin)</visible>
						<animation type="visible">
							<effect type="fade" start="0" end="100" time="240" delay="1600"/>
            				<effect type="slide" start="0,0" end="-298,0" tween="cubic" easing="inout" time="180" delay="2600"/>
						</animation>
						<animation type="hidden">
							<effect type="fade" start="100" end="0" time="0" delay="0"/>
						</animation>
					<right>0</right>
					<posy>72</posy>
					<width>576</width>
					<height>360</height>
					<texture>home/Limasky-logo/$INFO[Window(home).Property(SwitchTo_LimaSky)]-Long.png</texture>
					<bordersize>0</bordersize>
					<aspectratio scalediffuse="false" align="left">keep</aspectratio>
				</control>
				<control type="label">
					<visible>System.HasAlarm(limaskyswitchmodebegin)</visible>
					<animation type="visible">
						<effect type="fade" start="0" end="100" delay="0" time="200"/>
					</animation>
					<animation type="hidden">
						<effect type="fade" start="100" end="0" delay="0" time="100"/>
					</animation>
					<description>WaitingtoSwitching</description>
					<posx>0</posx>
					<bottom>90</bottom>
					<font>Font32Bold</font>
					<width>1280</width>
					<height>36</height>
					<align>center</align>
					<aligny>center</aligny>
					<textcolor>FFFFFFFF</textcolor>
					<label>$LOCALIZE[31019]</label>
				</control>
				<control type="grouplist" id="9000">
					<description>control area</description>
					<bottom>0</bottom>
					<width>1280</width>
					<height>72</height>
					<align>center</align>
					<orientation>horizontal</orientation>
						<control type="button" id="196">
							<visible>String.IsEqual(Skin.String(KataSandikeLimaSkySatu),17082025)|String.IsEqual(Skin.String(KataSandikeLimaSkyTab),18082025)</visible>
							<visible>!System.HasAlarm(limaskyswitchmodebegin)</visible>
							<font>Font28Bold</font>
							<width>auto</width>
							<height>72</height>
							<align>center</align>
							<onclick>Control.SetFocus(9)</onclick>
							<label>$LOCALIZE[107]</label>
						</control>
						<control type="button" id="198">
							<visible>!System.HasAlarm(limaskyswitchmodebegin)</visible>
							<font>Font28Bold</font>
							<width>auto</width>
							<height>72</height>
							<align>center</align>
							<onclick>Close</onclick>
							<label>$LOCALIZE[106]</label>
						</control>
						<control type="button" id="197">
							<visible>System.HasAlarm(limaskyswitchmodebegin)</visible>
							<font>Font28Bold</font>
							<width>auto</width>
							<height>72</height>
							<align>center</align>
							<onclick>CancelAlarm(limaskyswitchmodebegin,silent)</onclick>
							<onclick>Close</onclick>
							<label>$LOCALIZE[222]</label>
						</control>
				</control>
			</control>
			</control>
    </controls>
</window>
