<?xml version="1.0" encoding="UTF-8"?>
<includes>
    <default type="label">
        <posx>0</posx>
        <posy>0</posy>
        <label></label>
        <height>36</height>
        <align>left</align>
        <aligny>center</aligny>
        <textoffsetx>0</textoffsetx>
        <font>Font28Medium</font>
        <textcolor>textActive</textcolor>
        <focusedcolor>textActive</focusedcolor>
        <selectedcolor>textActive</selectedcolor>
        <disabledcolor>textDisabled</disabledcolor>
        <shadowcolor></shadowcolor>
    </default>
    <default type="textbox">
        <label></label>
        <font>Font28Regular</font>
        <textcolor>textActive</textcolor>
    </default>
    <default type="fadelabel">
        <posx>0</posx>
        <posy>0</posy>
        <height>36</height>
        <label></label>
        <align>left</align>
        <aligny>center</aligny>
        <font>Font28Medium</font>
        <textcolor>textActive</textcolor>
        <textoffsetx>0</textoffsetx>
        <focusedcolor>textActive</focusedcolor>
        <selectedcolor>textActive</selectedcolor>
        <disabledcolor>textDisabled</disabledcolor>
        <scrollout>false</scrollout>
        <pauseatend>2000</pauseatend>
    </default>
    <default type="image">
        <posx>0</posx>
        <posy>0</posy>
        <width></width>
        <height></height>
        <align>center</align>
        <aligny>center</aligny>
        <texture></texture>
    </default>
    <default type="button">
        <posx>0</posx>
        <posy>0</posy>
        <height>72</height>
        <align>left</align>
        <aligny>center</aligny>
        <font>Font28Bold</font>
        <textcolor>textActive</textcolor>
        <focusedcolor>textActive</focusedcolor>
		<texturefocus colordiffuse="sorotdark" border="8">shape/dim72/roundedsquare.png</texturefocus>
        <texturenofocus></texturenofocus>
        <textoffsetx>18</textoffsetx>
        <disabledcolor>textDisabled</disabledcolor>
        <invalidcolor>textDisabled</invalidcolor>
        <pulseonselect>false</pulseonselect>
    </default>
    <default type="colorbutton">
        <posx>0</posx>
        <posy>0</posy>
        <align>left</align>
        <aligny>center</aligny>
        <height>72</height>
        <font>Font28Bold</font>
        <textcolor>textActive</textcolor>
        <focusedcolor>textActive</focusedcolor>
		<texturefocus colordiffuse="sorotdark" border="8">shape/dim72/roundedsquare.png</texturefocus>
        <texturenofocus></texturenofocus>
		<colorwidth>72</colorwidth>
		<colorheight>36</colorheight>
		<texturecolormask>shape/dim72/circle.png</texturecolormask>
		<texturecolordisabledmask colordiffuse="textDisabled">shape/dim72/circle.png</texturecolordisabledmask>
        <textoffsetx>24</textoffsetx>
        <colorbox>textDisabled</colorbox>
    </default>
    <default type="togglebutton">
        <posx>0</posx>
        <posy>0</posy>
        <width>90</width>
        <height>72</height>
        <align>left</align>
        <aligny>center</aligny>
        <textoffsetx>18</textoffsetx>
        <label></label>
		<texturefocus colordiffuse="sorotdark" border="8">shape/dim72/roundedsquare.png</texturefocus>
        <texturenofocus></texturenofocus>
        <alttexturefocus colordiffuse="overlay" border="8">shape/dim72/roundedsquare.png</alttexturefocus>
        <alttexturenofocus></alttexturenofocus>
        <font>Font28Bold</font>
        <textcolor>textActive</textcolor>
        <focusedcolor>textActive</focusedcolor>
        <disabledcolor>textDisabled</disabledcolor>
        <pulseonselect>false</pulseonselect>
        <colordiffuse>ffFFFFFF</colordiffuse>
    </default>
    <default type="radiobutton">
        <posx>0</posx>
        <posy>0</posy>
        <width></width>
        <height>72</height>
        <align>left</align>
        <aligny>center</aligny>
        <textoffsetx>18</textoffsetx>
        <textoffsety>0</textoffsety>
        <font>Font28Bold</font>
        <label></label>
        <textcolor>textActive</textcolor>
        <focusedcolor>textActive</focusedcolor>
        <disabledcolor>textDisabled</disabledcolor>
        <radioposx>0</radioposx>
        <radioposy>0</radioposy>
		<texturefocus colordiffuse="sorotdark" border="8">shape/dim72/roundedsquare.png</texturefocus>
        <texturenofocus></texturenofocus>
        <pulseonselect>false</pulseonselect>
        <colordiffuse>FFFFFFFF</colordiffuse>
		<radiowidth>108</radiowidth>
		<radioheight>36</radioheight>
		<textureradioonfocus>shape/statusbar/pil-radioon.png</textureradioonfocus>
		<textureradioonnofocus>shape/statusbar/pil-radioon.png</textureradioonnofocus>
		<textureradioofffocus>shape/statusbar/pil-radiooff.png</textureradioofffocus>
		<textureradiooffnofocus>shape/statusbar/pil-radiooff.png</textureradiooffnofocus>
		<textureradioondisabled colordiffuse="textDisabled">shape/statusbar/pil-radiooff.png</textureradioondisabled>
		<textureradiooffdisabled colordiffuse="textDisabled">shape/statusbar/pil-radiooff.png</textureradiooffdisabled>
    </default>
    <default type="spincontrolex">
        <posx>0</posx>
        <posy>0</posy>
        <width></width>
        <height>72</height>
        <align>left</align>
        <aligny>center</aligny>
        <textoffsetx>18</textoffsetx>
        <font>Font32Regular</font>
        <label></label>
        <textcolor>textActive</textcolor>
        <focusedcolor>textActive</focusedcolor>
        <disabledcolor>textDisabled</disabledcolor>
        <spinwidth>36</spinwidth>
        <spinheight>36</spinheight>
		<texturefocus colordiffuse="sorotdark" border="8">shape/dim72/roundedsquare.png</texturefocus>
        <texturenofocus></texturenofocus>
        <textureup>UIControls/arrow-up-nf.png</textureup>
        <texturedown>UIControls/arrow-down-nf.png</texturedown>
        <textureupfocus>UIControls/arrow-up-fo.png</textureupfocus>
        <texturedownfocus>UIControls/arrow-down-fo.png</texturedownfocus>
		<textureupdisabled colordiffuse="textDisabled">UIControls/arrow-up-nf.png</textureupdisabled>
		<texturedowndisabled colordiffuse="textDisabled">UIControls/arrow-down-nf.png</texturedowndisabled>
        <pulseonselect>false</pulseonselect>
    </default>
    <default type="spincontrol">
        <posx>0</posx>
        <posy>0</posy>
        <width></width>
        <height>72</height>
        <align>left</align>
        <aligny>center</aligny>
        <textoffsetx>18</textoffsetx>
        <font>Font28Bold</font>
        <label></label>
        <textcolor>textActive</textcolor>
        <focusedcolor>black</focusedcolor>
        <disabledcolor>textDisabled</disabledcolor>
        <spinwidth>36</spinwidth>
        <spinheight>36</spinheight>
		<texturefocus colordiffuse="sorotdark" border="8">shape/dim72/roundedsquare.png</texturefocus>
        <texturenofocus></texturenofocus>
        <textureup>UIControls/arrow-up-nf.png</textureup>
        <texturedown>UIControls/arrow-down-nf.png</texturedown>
        <textureupfocus>UIControls/arrow-up-fo.png</textureupfocus>
        <texturedownfocus>UIControls/arrow-down-fo.png</texturedownfocus>
        <pulseonselect>false</pulseonselect>
    </default>
    <!--used in audio settings etc-->
    <default type="sliderex">
        <posx>0</posx>
        <posy>0</posy>
        <width></width>
        <height>72</height>
        <aligny>center</aligny>
        <font>Font28Bold</font>
        <textoffsetx>18</textoffsetx>
        <textoffsety>0</textoffsety>
        <textcolor>textActive</textcolor>
        <focusedcolor>textActive</focusedcolor>
        <disabledcolor>textDisabled</disabledcolor>
        <texturenofocus></texturenofocus>
		<texturefocus colordiffuse="sorotdark" border="8">shape/dim72/roundedsquare.png</texturefocus>
        <sliderwidth>144</sliderwidth>
        <sliderheight>36</sliderheight>
		<texturesliderbar colordiffuse="overlay">shape/statusbar/longbean-slider.png</texturesliderbar>
		<textureslidernib colordiffuse="sorotdark">shape/statusbar/circle36px.png</textureslidernib>
		<textureslidernibfocus colordiffuse="sorotbright">shape/statusbar/circle36px.png</textureslidernibfocus>
        <pulseonselect>false</pulseonselect>
    </default>
    <default type="progress">
        <height>12</height>
        <texturebg border="0"></texturebg>
        <midtexture border="10">colors/white.png</midtexture>
        <righttexture></righttexture>
        <overlaytexture></overlaytexture>
    </default>
    <default type="scrollbar">
        <width>12</width>
        <texturesliderbar></texturesliderbar>
        <texturesliderbackground colordiffuse="overlay">colors/black.png</texturesliderbackground>
        <texturesliderbarfocus colordiffuse="highlight">colors/white.png</texturesliderbarfocus>
        <showonepage>false</showonepage>
        <orientation>vertical</orientation>
    </default>
    <default type="edit">
        <description>Default Edit</description>
        <font>Font24Bold</font>
	<textoffsetx>24</textoffsetx>
        <height>72</height>
        <aligny>center</aligny>
	<pulseonselect>no</pulseonselect>
        <textcolor>textActive</textcolor>
        <disabledcolor>textDisabled</disabledcolor>
        <invalidcolor>overlay</invalidcolor>
        <focusedcolor>textActive</focusedcolor>
        <textoffsety>0</textoffsety>
        <align>center</align>
        <aligny>center</aligny>
        <shadowcolor></shadowcolor>
		<texturefocus colordiffuse="sorotdark" border="8">shape/dim72/roundedsquare.png</texturefocus>
		<texturenofocus colordiffuse="overlay" border="8">shape/dim72/roundedsquare.png</texturenofocus>
        <pulseonselect>false</pulseonselect>
    </default>
</includes>
