<?xml version="1.0" encoding="UTF-8"?>
<window>
	<visible>Window.IsActive(fullscreenvideo) | Window.IsActive(visualisation)</visible>
	<visible>![Window.IsActive(sliderdialog) | Window.IsActive(pvrosdchannels) | Window.IsActive(pvrchannelguide) | Window.IsActive(pvrguideinfo)]</visible>
	<visible>Player.Seeking | Player.HasPerformedSeek(3) | [Player.Paused + !Player.Caching] | Player.Forwarding | Player.Rewinding | Player.ShowInfo | Window.IsActive(fullscreeninfo) | Player.ShowTime | Window.IsActive(videoosd) | Window.IsActive(musicosd) | Window.IsActive(playerprocessinfo) | !String.IsEmpty(Player.SeekNumeric) | !String.IsEmpty(PVR.ChannelNumberInput)</visible>
	<depth>DepthOSD</depth>
    	<controls>
		<include>DialogSeekBar</include>
    	</controls>
</window>
