<?xml version="1.0" encoding="UTF-8"?>
<window>
    	<defaultcontrol always="true">9001</defaultcontrol>
    	<onload condition="!Integer.IsGreater(container(3).numitems,0) + !Integer.IsGreater(container(6).numitems,0)">control.SetFocus(9999)</onload>
    	<controls>
        	<control type="group" id="9998">
			<include condition="![Window.IsActive(dialogselectvideo) | Window.IsActive(dialogselectaudio) | Window.IsActive(dialogselectsubtitle) | Window.IsActive(selectvideoversion) | Window.IsActive(selectvideoextra) | Window.IsActive(gamesaves) | Window.IsActive(gamestretchmode) | Window.IsActive(gamevideofilter) | Window.IsActive(gamevideorotation) | Window.IsActive(ingamesaves)]">DialSelectDefault</include>
			<include condition="Window.IsActive(dialogselectvideo)">DialSelectVideoLayout</include>
			<include condition="Window.IsActive(dialogselectaudio)">DialSelectAudioLayout</include>
			<include condition="Window.IsActive(dialogselectsubtitle)">DialSelectSubtitleLayout</include>
	 		<include condition="Window.IsActive(gamesaves)">DialSelectGameSave</include>
			<include condition="Window.IsActive(gamevideofilter)">DialSelectGameLayout</include>
			<include condition="Window.IsActive(gamestretchmode)">DialSelectGameLayout</include>
			<include condition="Window.IsActive(gamevideorotation)">DialSelectGameLayout</include>
			<include condition="Window.IsActive(ingamesaves)">DialSelectSaveInGame</include>
			<include condition="Window.IsActive(selectvideoversion)">DialSelectVideoSelectLayout</include>
			<include condition="Window.IsActive(selectvideoextra)">DialSelectVideoSelectLayout</include>
            	</control>
    </controls>
</window>
