<?xml version="1.0" encoding="UTF-8"?>
<window>
	<onload condition="Skin.hassetting(stopVideoOnMenu) + !Player.HasAudio">PlayerControl(stop)</onload>
	<backgroundcolor>latarcolor</backgroundcolor>
	<defaultcontrol always="true">9010</defaultcontrol>
	<controls>
		<include>UniversalGlobalBackground</include>
		<control type="group" id="9999">
			<include condition="!Skin.HasSetting(NoAnimationInSkin)">SlideFadeDownTwoWayFast</include>
			<left>64</left>
			<right>64</right>
			<posy>54</posy>
			<control type="label">
				<posx>0</posx>
				<posy>0</posy>
				<height>84</height>
				<aligny>center</aligny>
				<font>Font72Bold</font>
				<textcolor>textActive</textcolor>
				<label>$LOCALIZE[10035]</label>
			</control>
			<control type="textbox">
				<right>0</right>
				<left>504</left>
				<posy>90</posy>
				<height>144</height>
				<aligny>center</aligny>
				<font>Font22Medium</font>
				<textcolor>textActive</textcolor>
				<scrolltime>200</scrolltime>
				<autoscroll delay="3000" time="1000" repeat="5000">true</autoscroll>
				<label>$LOCALIZE[31043]</label>
			</control>
			<control type="image">
				<include condition="!Skin.HasSetting(NoAnimationInSkin)">fadeInOut</include>
				<posy>72</posy>
				<posx>0</posx>
				<width>458</width>
				<height>180</height>
				<texture>home/Limasky-logo/LimaSkyTempEvo-LongMain.png</texture>
				<aspectratio align="left">keep</aspectratio>
			</control>
			<control type="list" id="9010">
				<bottom>0</bottom>
				<width>360</width>
				<height>756</height>
				<onleft>noop</onleft>
				<ondown>noop</ondown>
				<onup>noop</onup>
				<onright condition="Container(9010).HasFocus(1)">9021</onright>
				<onright condition="Container(9010).HasFocus(2)">9022</onright>
				<onright condition="Container(9010).HasFocus(3)">9023</onright>
				<onright condition="Container(9010).HasFocus(4)">9024</onright>
				<onright condition="Container(9010).HasFocus(5)">9025</onright>
				<onright condition="Container(9010).HasFocus(6)">9026</onright>
				<onright condition="Container(9010).HasFocus(7)">9027</onright>
				<onright condition="Container(9010).HasFocus(8)">9028</onright>
				<orientation>vertical</orientation>
				<scrolltime tween="cubic" easing="out">500</scrolltime>
				<itemlayout width="360" height="90">
					<control type="label">
						<posx>0</posx>
						<posy>0</posy>
						<width>360</width>
						<height>90</height>
						<aligny>center</aligny>
						<font>Font32Medium</font>
						<textoffsetx>18</textoffsetx>
						<textcolor>textActive</textcolor>
						<label>$INFO[ListItem.Label]</label>
					</control>
				</itemlayout>
				<focusedlayout width="360" height="90">
					<control type="button">
						<height>90</height>
						<label/>
						<texturefocus colordiffuse="sorotan" border="8">shape/dim72/roundedleft.png</texturefocus>
						<texturenofocus colordiffuse="40404040" border="8">shape/dim72/roundedleft.png</texturenofocus>
						<onclick>noop</onclick>
					</control>
					<control type="label">
						<posx>0</posx>
						<posy>0</posy>
						<width>360</width>
						<height>90</height>
						<aligny>center</aligny>
						<font>Font32Medium</font>
						<textoffsetx>18</textoffsetx>
						<textcolor>textActive</textcolor>
						<label>$INFO[ListItem.Label]</label>
					</control>
				</focusedlayout>
				<content>
					<item id="1">
						<label>$LOCALIZE[31113]</label>
						<onclick>Control.SetFocus(9021)</onclick>
					</item>
					<item id="2">
						<label>$LOCALIZE[31022]</label>
						<onclick>Control.SetFocus(9022)</onclick>
					</item>
					<item id="3">
						<label>$LOCALIZE[31111]</label>
						<onclick>Control.SetFocus(9023)</onclick>
					</item>
					<item id="4">
						<label>$LOCALIZE[31280]</label>
						<onclick>Control.SetFocus(9024)</onclick>
					</item>
					<item id="5">
						<label>$LOCALIZE[31112]</label>
						<onclick>Control.SetFocus(9025)</onclick>
					</item>
					<item id="6">
						<label>$LOCALIZE[31044]</label>
						<onclick>Control.SetFocus(9026)</onclick>
					</item>
					<item id="7">
						<label>$LOCALIZE[31115]</label>
						<onclick>Control.SetFocus(9027)</onclick>
					</item>
					<item id="8">
						<label>$LOCALIZE[31045]</label>
						<onclick>Control.SetFocus(9028)</onclick>
					</item>
				</content>
			</control>
			<control type="button">
				<left>360</left>
				<right>0</right>
				<bottom>0</bottom>
				<height>774</height>
				<label/>
				<texturefocus colordiffuse="40404040" border="8">shape/dim72/roundedtop.png</texturefocus>
				<texturenofocus colordiffuse="40404040" border="8">shape/dim72/roundedtop.png</texturenofocus>
				<onclick>noop</onclick>
			</control>
			<control type="grouplist" id="9021">
				<visible>Container(9010).HasFocus(1)</visible>
				<include condition="!Skin.HasSetting(NoAnimationInSkin)">SlideFadeDownTwoWayFast</include>
				<include condition="!Skin.HasSetting(NoAnimationInSkin)">SlideFadeDownTwoWayFastVisible</include>
				<description>Playback-n-OSD</description>
				<left>378</left>
				<right>18</right>
				<bottom>0</bottom>
				<height>756</height>
				<onleft>9010</onleft>
				<onup>noop</onup>
				<ondown>noop</ondown>
				<onright>5009</onright>
				<pagecontrol>5009</pagecontrol>
				<control type="radiobutton" id="912101">
					<description>Stop video on return to menu</description>
					<width>100%</width>
					<label>$LOCALIZE[31119]</label>
					<focusedcolor>textActive</focusedcolor>
					<font>Font24Bold</font>
					<onclick>Skin.ToggleSetting(stopVideoOnMenu)</onclick>
					<selected>Skin.HasSetting(stopVideoOnMenu)</selected>
				</control>
				<control type="radiobutton" id="912102">
					<description>Dummy Watermark</description>
					<width>100%</width>
					<label>$LOCALIZE[31032]</label>
					<focusedcolor>textActive</focusedcolor>
					<font>Font24Bold</font>
					<onclick>Skin.ToggleSetting(LimaskyPunyaTandaAir)</onclick>
					<selected>Skin.HasSetting(LimaskyPunyaTandaAir)</selected>
				</control>
				<control type="radiobutton" id="912103">
					<description>Video Background</description>
					<width>100%</width>
					<focusedcolor>textActive</focusedcolor>
					<font>Font24Bold</font>
					<label>$LOCALIZE[31033]</label>
					<onclick>Skin.ToggleSetting(SetVideotoBackground)</onclick>
					<selected>Skin.HasSetting(SetVideotoBackground)</selected>
				</control>
				<control type="radiobutton" id="912104">
					<description>SimpleVideoOSD</description>
					<width>100%</width>
					<focusedcolor>textActive</focusedcolor>
					<font>Font24Bold</font>
					<label>$LOCALIZE[31031]</label>
					<onclick>Skin.ToggleSetting(VideoOSDSettoSimpleOSD)</onclick>
					<selected>Skin.HasSetting(VideoOSDSettoSimpleOSD)</selected>
				</control>
				<control type="radiobutton" id="912105">
					<description>SimpleMusicOSD</description>
					<width>100%</width>
					<focusedcolor>textActive</focusedcolor>
					<font>Font24Bold</font>
					<label>$LOCALIZE[31030]</label>
					<onclick>Skin.ToggleSetting(MuVizSettoSimpleOSD)</onclick>
					<selected>Skin.HasSetting(MuVizSettoSimpleOSD)</selected>
				</control>
				<control type="radiobutton" id="912106">
					<description>autocloseVideoOSD</description>
					<width>100%</width>
					<focusedcolor>textActive</focusedcolor>
					<font>Font24Bold</font>
					<label>$LOCALIZE[31288]</label>
					<onclick>Skin.ToggleSetting(VideoOSDAutoClose)</onclick>
					<selected>Skin.HasSetting(VideoOSDAutoClose)</selected>
				</control>
				<control type="button" id="912107">
					<description>Autolock timer</description>
					<width>100%</width>
					<focusedcolor>textActive</focusedcolor>
					<font>Font24Bold</font>
					<label>[TABS]1[/TABS]-$LOCALIZE[31289]</label>
					<label2>$VAR[SkinOSDAutoCloseTime]</label2>
					<onclick>Skin.SetNumeric(OSDAutoCloseTime)</onclick>
					<enable>Skin.HasSetting(VideoOSDAutoClose)</enable>
				</control>
			</control>
			<control type="grouplist" id="9022">
				<visible>Container(9010).HasFocus(2)</visible>
				<include condition="!Skin.HasSetting(NoAnimationInSkin)">SlideFadeDownTwoWayFast</include>
				<include condition="!Skin.HasSetting(NoAnimationInSkin)">SlideFadeDownTwoWayFastVisible</include>
				<description>Home-n-Widget</description>
				<left>378</left>
				<right>18</right>
				<bottom>0</bottom>
				<height>756</height>
				<onleft>9010</onleft>
				<onup>noop</onup>
				<ondown>noop</ondown>
				<onright>5009</onright>
				<pagecontrol>5009</pagecontrol>
				<control type="label" id="912201">
					<label>$LOCALIZE[31022]</label>
					<textoffsetx>18</textoffsetx>
					<height>60</height>
					<font>Font32Regular</font>
					<textcolor>CCFFFFFF</textcolor>
				</control>
				<control type="image" id="912202">
					<description>Default Separator</description>
					<width>100%</width>
					<height>2</height>
					<texture>colors/white.png</texture>
					<colordiffuse>highlight</colordiffuse>
					<aspectratio>stretch</aspectratio>
				</control>
				<control type="radiobutton" id="912203">
					<description>Disable Favourites</description>
					<width>100%</width>
					<label>1036</label>
					<focusedcolor>textActive</focusedcolor>
					<font>Font24Bold</font>
					<onclick>Skin.ToggleSetting(disableFavourites)</onclick>
					<selected>!Skin.HasSetting(disableFavourites)</selected>
				</control>
				<control type="radiobutton" id="912204">
					<enable>!Skin.HasSetting(disableFavourites)</enable>
					<description>Autolock timer</description>
					<width>100%</width>
					<focusedcolor>textActive</focusedcolor>
					<font>Font24Bold</font>
					<label>[TABS]1[/TABS]-$LOCALIZE[31285]</label>
					<onclick>Skin.ToggleSetting(disableFavouritesWidget)</onclick>
					<selected>!Skin.HasSetting(disableFavouritesWidget)</selected>
				</control>
				<control type="radiobutton" id="912205">
					<description>Disable Movies</description>
					<width>100%</width>
					<label>342</label>
					<focusedcolor>textActive</focusedcolor>
					<font>Font24Bold</font>
					<onclick>Skin.ToggleSetting(disableMovies)</onclick>
					<selected>!Skin.HasSetting(disableMovies)</selected>
				</control>
				<control type="radiobutton" id="912206">
					<visible>![Skin.HasSetting(LimaSkySatuAktif)|Skin.HasSetting(LimaSkyTabAktif)]</visible>
					<enable>!Skin.HasSetting(disableMovies)</enable>
					<width>100%</width>
					<focusedcolor>textActive</focusedcolor>
					<font>Font24Bold</font>
					<label>[TABS]1[/TABS]-$LOCALIZE[31285]</label>
					<onclick>Skin.ToggleSetting(disableMoviesWidget)</onclick>
					<selected>!Skin.HasSetting(disableMoviesWidget)</selected>
				</control>
				<control type="radiobutton" id="912207">
					<visible>Skin.HasSetting(LimaSkySatuAktif)</visible>
					<enable>!Skin.HasSetting(disableMovies)</enable>
					<width>100%</width>
					<focusedcolor>textActive</focusedcolor>
					<font>Font24Bold</font>
					<label>[TABS]1[/TABS]-$LOCALIZE[31125]</label>
					<onclick>Skin.ToggleSetting(disableMoviesWidget1)</onclick>
					<selected>!Skin.HasSetting(disableMoviesWidget1)</selected>
				</control>
				<control type="radiobutton" id="912208">
					<visible>Skin.HasSetting(LimaSkySatuAktif)</visible>
					<enable>!Skin.HasSetting(disableMovies)</enable>
					<width>100%</width>
					<focusedcolor>textActive</focusedcolor>
					<font>Font24Bold</font>
					<label>[TABS]1[/TABS]-$LOCALIZE[31515]</label>
					<onclick>Skin.ToggleSetting(disableMoviesWidget2)</onclick>
					<selected>!Skin.HasSetting(disableMoviesWidget2)</selected>
				</control>
				<control type="radiobutton" id="912209">
					<description>Disable TVShows</description>
					<width>100%</width>
					<label>31093</label>
					<focusedcolor>textActive</focusedcolor>
					<font>Font24Bold</font>
					<onclick>Skin.ToggleSetting(disableTVShows)</onclick>
					<selected>!Skin.HasSetting(disableTVShows)</selected>
				</control>
				<control type="radiobutton" id="912210">
					<visible>![Skin.HasSetting(LimaSkySatuAktif)|Skin.HasSetting(LimaSkyTabAktif)]</visible>
					<enable>!Skin.HasSetting(disableTVShows)</enable>
					<width>100%</width>
					<focusedcolor>textActive</focusedcolor>
					<font>Font24Bold</font>
					<label>[TABS]1[/TABS]-$LOCALIZE[31285]</label>
					<onclick>Skin.ToggleSetting(disableTVShowsWidget)</onclick>
					<selected>!Skin.HasSetting(disableTVShowsWidget)</selected>
				</control>
				<control type="radiobutton" id="912211">
					<visible>Skin.HasSetting(LimaSkySatuAktif)</visible>
					<enable>!Skin.HasSetting(disableTVShows)</enable>
					<width>100%</width>
					<focusedcolor>textActive</focusedcolor>
					<font>Font24Bold</font>
					<label>[TABS]1[/TABS]-$LOCALIZE[31061]</label>
					<onclick>Skin.ToggleSetting(disableTVShowsWidget1)</onclick>
					<selected>!Skin.HasSetting(disableTVShowsWidget1)</selected>
				</control>
				<control type="radiobutton" id="912212">
					<visible>Skin.HasSetting(LimaSkySatuAktif)</visible>
					<enable>!Skin.HasSetting(disableTVShows)</enable>
					<width>100%</width>
					<focusedcolor>textActive</focusedcolor>
					<font>Font24Bold</font>
					<label>[TABS]1[/TABS]-$LOCALIZE[31515]</label>
					<onclick>Skin.ToggleSetting(disableTVShowsWidget2)</onclick>
					<selected>!Skin.HasSetting(disableTVShowsWidget2)</selected>
				</control>
				<control type="radiobutton" id="912213">
					<description>Disable MusicVideos</description>
					<width>100%</width>
					<label>31095</label>
					<focusedcolor>textActive</focusedcolor>
					<font>Font24Bold</font>
					<onclick>Skin.ToggleSetting(disableMusicVideos)</onclick>
					<selected>!Skin.HasSetting(disableMusicVideos)</selected>
				</control>
				<control type="radiobutton" id="912214">
					<visible>![Skin.HasSetting(LimaSkySatuAktif)|Skin.HasSetting(LimaSkyTabAktif)]</visible>
					<enable>!Skin.HasSetting(disableMusicVideos)</enable>
					<width>100%</width>
					<focusedcolor>textActive</focusedcolor>
					<font>Font24Bold</font>
					<label>[TABS]1[/TABS]-$LOCALIZE[31285]</label>
					<onclick>Skin.ToggleSetting(disableMusicVideosWidget)</onclick>
					<selected>!Skin.HasSetting(disableMusicVideosWidget)</selected>
				</control>
				<control type="radiobutton" id="912215">
					<visible>Skin.HasSetting(LimaSkySatuAktif)</visible>
					<enable>!Skin.HasSetting(disableMusicVideos)</enable>
					<width>100%</width>
					<focusedcolor>textActive</focusedcolor>
					<font>Font24Bold</font>
					<label>[TABS]1[/TABS]-$LOCALIZE[31515]</label>
					<onclick>Skin.ToggleSetting(disableMusicVideosWidget1)</onclick>
					<selected>!Skin.HasSetting(disableMusicVideosWidget1)</selected>
				</control>
				<control type="radiobutton" id="912216">
					<description>Disable Media</description>
					<width>100%</width>
					<label>14211</label>
					<focusedcolor>textActive</focusedcolor>
					<font>Font24Bold</font>
					<onclick>Skin.ToggleSetting(disableMedia)</onclick>
					<selected>!Skin.HasSetting(disableMedia)</selected>
				</control>
				<control type="radiobutton" id="912217">
					<visible>![Skin.HasSetting(LimaSkySatuAktif)|Skin.HasSetting(LimaSkyTabAktif)]</visible>
					<enable>!Skin.HasSetting(disableMedia)</enable>
					<width>100%</width>
					<focusedcolor>textActive</focusedcolor>
					<font>Font24Bold</font>
					<label>[TABS]1[/TABS]-$LOCALIZE[31285]</label>
					<onclick>Skin.ToggleSetting(disableMediaMusicWidget)</onclick>
					<selected>!Skin.HasSetting(disableMediaMusicWidget)</selected>
				</control>
				<control type="radiobutton" id="912218">
					<visible>Skin.HasSetting(LimaSkySatuAktif)</visible>
					<enable>!Skin.HasSetting(disableMedia)</enable>
					<width>100%</width>
					<focusedcolor>textActive</focusedcolor>
					<font>Font24Bold</font>
					<label>[TABS]1[/TABS]-$LOCALIZE[31068]</label>
					<onclick>Skin.ToggleSetting(disableMediaMusicWidget1)</onclick>
					<selected>!Skin.HasSetting(disableMediaMusicWidget1)</selected>
				</control>
				<control type="radiobutton" id="912219">
					<visible>Skin.HasSetting(LimaSkySatuAktif)</visible>
					<enable>!Skin.HasSetting(disableMedia)</enable>
					<width>100%</width>
					<focusedcolor>textActive</focusedcolor>
					<font>Font24Bold</font>
					<label>[TABS]1[/TABS]-$LOCALIZE[31071]</label>
					<onclick>Skin.ToggleSetting(disableMediaMusicWidget2)</onclick>
					<selected>!Skin.HasSetting(disableMediaMusicWidget2)</selected>
				</control>
				<control type="radiobutton" id="912220">
					<visible>Skin.HasSetting(LimaSkySatuAktif)</visible>
					<enable>!Skin.HasSetting(disableMedia)</enable>
					<width>100%</width>
					<focusedcolor>textActive</focusedcolor>
					<font>Font24Bold</font>
					<label>[TABS]1[/TABS]-$LOCALIZE[31285]</label>
					<onclick>Skin.ToggleSetting(disableMediaWidget1)</onclick>
					<selected>!Skin.HasSetting(disableMediaWidget1)</selected>
				</control>
				<control type="radiobutton" id="912221">
					<description>Disable Pictures</description>
					<width>100%</width>
					<label>1</label>
					<focusedcolor>textActive</focusedcolor>
					<font>Font24Bold</font>
					<onclick>Skin.ToggleSetting(disablePictures)</onclick>
					<selected>!Skin.HasSetting(disablePictures)</selected>
				</control>
				<control type="radiobutton" id="912222">
					<visible>![Skin.HasSetting(LimaSkySatuAktif)|Skin.HasSetting(LimaSkyTabAktif)]</visible>
					<enable>!Skin.HasSetting(disablePictures)</enable>
					<width>100%</width>
					<focusedcolor>textActive</focusedcolor>
					<font>Font24Bold</font>
					<label>[TABS]1[/TABS]-$LOCALIZE[31285]</label>
					<onclick>Skin.ToggleSetting(disablePicturesWidget)</onclick>
					<selected>!Skin.HasSetting(disablePicturesWidget)</selected>
				</control>
				<control type="radiobutton" id="912223">
					<visible>Skin.HasSetting(LimaSkySatuAktif)</visible>
					<enable>!Skin.HasSetting(disablePictures)</enable>
					<width>100%</width>
					<focusedcolor>textActive</focusedcolor>
					<font>Font24Bold</font>
					<label>[TABS]1[/TABS]-$LOCALIZE[31104]</label>
					<onclick>Skin.ToggleSetting(disablePicturesWidget1)</onclick>
					<selected>!Skin.HasSetting(disablePicturesWidget1)</selected>
				</control>
				<control type="radiobutton" id="912224">
					<description>Disable TV</description>
					<width>100%</width>
					<label>19020</label>
					<focusedcolor>textActive</focusedcolor>
					<font>Font24Bold</font>
					<onclick>Skin.ToggleSetting(disableTV)</onclick>
					<selected>!Skin.HasSetting(disableTV)</selected>
				</control>
				<control type="radiobutton" id="912225">
					<enable>!Skin.HasSetting(disableTV)</enable>
					<width>100%</width>
					<focusedcolor>textActive</focusedcolor>
					<font>Font24Bold</font>
					<label>[TABS]1[/TABS]-$LOCALIZE[31285]</label>
					<onclick>Skin.ToggleSetting(disableTVWidget)</onclick>
					<selected>!Skin.HasSetting(disableTVWidget)</selected>
				</control>
				<control type="radiobutton" id="912226">
					<description>Disable Radio</description>
					<width>100%</width>
					<label>19021</label>
					<focusedcolor>textActive</focusedcolor>
					<font>Font24Bold</font>
					<onclick>Skin.ToggleSetting(disableRadio)</onclick>
					<selected>!Skin.HasSetting(disableRadio)</selected>
				</control>
				<control type="radiobutton" id="912227">
					<enable>!Skin.HasSetting(disableRadio)</enable>
					<width>100%</width>
					<focusedcolor>textActive</focusedcolor>
					<font>Font24Bold</font>
					<label>[TABS]1[/TABS]-$LOCALIZE[31285]</label>
					<onclick>Skin.ToggleSetting(disableRadioWidget)</onclick>
					<selected>!Skin.HasSetting(disableRadioWidget)</selected>
				</control>
				<control type="radiobutton" id="912228">
					<description>Disable Games</description>
					<width>100%</width>
					<label>10821</label>
					<focusedcolor>textActive</focusedcolor>
					<font>Font24Bold</font>
					<onclick>Skin.ToggleSetting(disableGames)</onclick>
					<selected>!Skin.HasSetting(disableGames)</selected>
				</control>
				<control type="radiobutton" id="912229">
					<visible>![Skin.HasSetting(LimaSkySatuAktif)|Skin.HasSetting(LimaSkyTabAktif)]</visible>
					<enable>!Skin.HasSetting(disableGames)</enable>
					<width>100%</width>
					<focusedcolor>textActive</focusedcolor>
					<font>Font24Bold</font>
					<label>[TABS]1[/TABS]-$LOCALIZE[31285]</label>
					<onclick>Skin.ToggleSetting(disableGamesWidget)</onclick>
					<selected>!Skin.HasSetting(disableGamesWidget)</selected>
				</control>
				<control type="radiobutton" id="912230">
					<visible>Skin.HasSetting(LimaSkySatuAktif)</visible>
					<enable>!Skin.HasSetting(disableGames)</enable>
					<width>100%</width>
					<focusedcolor>textActive</focusedcolor>
					<font>Font24Bold</font>
					<label>[TABS]1[/TABS]-$LOCALIZE[31104]</label>
					<onclick>Skin.ToggleSetting(disableGamesWidget1)</onclick>
					<selected>!Skin.HasSetting(disableGamesWidget1)</selected>
				</control>
				<control type="radiobutton" id="912231">
					<description>Disable Addons</description>
					<width>100%</width>
					<label>24001</label>
					<focusedcolor>textActive</focusedcolor>
					<font>Font24Bold</font>
					<onclick>Skin.ToggleSetting(disableAddons)</onclick>
					<selected>!Skin.HasSetting(disableAddons)</selected>
				</control>
				<control type="radiobutton" id="912232">
					<visible>![Skin.HasSetting(LimaSkySatuAktif)|Skin.HasSetting(LimaSkyTabAktif)]</visible>
					<enable>!Skin.HasSetting(disableAddons)</enable>
					<width>100%</width>
					<focusedcolor>textActive</focusedcolor>
					<font>Font24Bold</font>
					<label>[TABS]1[/TABS]-$LOCALIZE[31285]</label>
					<onclick>Skin.ToggleSetting(disableAddonsWidget)</onclick>
					<selected>!Skin.HasSetting(disableAddonsWidget)</selected>
				</control>
				<control type="radiobutton" id="912233">
					<description>Disable Weather</description>
					<width>100%</width>
					<label>8</label>
					<focusedcolor>textActive</focusedcolor>
					<font>Font24Bold</font>
					<onclick>Skin.ToggleSetting(disableWeather)</onclick>
					<selected>!Skin.HasSetting(disableWeather)</selected>
				</control>
			</control>
			<control type="grouplist" id="9023">
				<visible>Container(9010).HasFocus(3)</visible>
				<include condition="!Skin.HasSetting(NoAnimationInSkin)">SlideFadeDownTwoWayFast</include>
				<include condition="!Skin.HasSetting(NoAnimationInSkin)">SlideFadeDownTwoWayFastVisible</include>
				<description>Background</description>
				<left>378</left>
				<right>18</right>
				<bottom>0</bottom>
				<height>756</height>
				<onleft>9010</onleft>
				<onup>noop</onup>
				<ondown>noop</ondown>
				<onright>5009</onright>
				<pagecontrol>5009</pagecontrol>
					<control type="group" id="9131">
						<height>288</height>
						<control type="label" id="9132">
							<posx>0</posx>
							<posy>0</posy>
							<height>72</height>
							<align>left</align>
							<aligny>center</aligny>
							<textoffsetx>24</textoffsetx>
							<font>Font24Bold</font>
							<textcolor>textActive</textcolor>
							<label>$LOCALIZE[31120]</label>
						</control>
						<control type="panel" id="9133">
							<posy>72</posy>
							<posx>24</posx>
							<height>216</height>
							<onleft>9010</onleft>
							<onright>noop</onright>
							<onup>9120</onup>
							<ondown>9134</ondown>
							<orientation>horizontal</orientation>
							<scrolltime tween="cubic" easing="out">500</scrolltime>
							<itemlayout width="338" height="180">
								<control type="image">
									<posx>0</posx>
									<posy>0</posy>
									<width>320</width>
									<height>180</height>
									<aspectratio>stretch</aspectratio>
									<texture>shape/dim180/roundedlandscape.png</texture>
									<bordersize>0</bordersize>
									<colordiffuse>highlight</colordiffuse>
								</control>
								<control type="image">
									<posx>0</posx>
									<posy>0</posy>
									<width>320</width>
									<height>180</height>
									<aspectratio>stretch</aspectratio>
									<texture>shape/dim180/roundedlandscape.png</texture>
									<bordersize>0</bordersize>
									<colordiffuse>80000000</colordiffuse>
								</control>
								<control type="image">
									<visible>!String.IsEqual(ListItem.Property(jenisgambar),multiimage)</visible>
									<posx>0</posx>
									<posy>0</posy>
									<width>320</width>
									<height>180</height>
									<aspectratio scalediffuse="false">scale</aspectratio>
									<texture diffuse="shape/dim180/roundedlandscape.png">$INFO[ListItem.Thumb]</texture>
									<bordersize>0</bordersize>
								</control>
								<control type="multiimage">
									<visible>String.IsEqual(ListItem.Property(jenisgambar),multiimage)</visible>
									<posx>0</posx>
									<posy>0</posy>
									<width>320</width>
									<height>180</height>
									<timeperimage>5000</timeperimage>
									<fadetime>1000</fadetime>
									<pauseatend>1000</pauseatend>
									<randomize>true</randomize>
									<loop>yes</loop>
									<aspectratio scalediffuse="false">scale</aspectratio>
									<imagepath diffuse="shape/dim180/roundedlandscape.png">$INFO[ListItem.Thumb]</imagepath>
									<bordersize>0</bordersize>
								</control>
								<control type="image">
									<visible>String.IsEmpty(ListItem.Thumb)</visible>
									<posx>108</posx>
									<posy>54</posy>
									<width>72</width>
									<height>72</height>
									<aspectratio>stretch</aspectratio>
									<texture>$INFO[ListItem.Icon]</texture>
									<colordiffuse>$INFO[ListItem.Property(coloricon)]</colordiffuse>
									<bordersize>0</bordersize>
								</control>
								<control type="label">
									<posx>108</posx>
									<posy>54</posy>
									<width>72</width>
									<height>72</height>
									<align>center</align>
									<aligny>center</aligny>
									<font>symbolSize36</font>
									<textcolor>textActive</textcolor>
									<label>$INFO[ListItem.Property(trueselected)]</label>
								</control>
								<control type="label">
									<posx>18</posx>
									<posy>54</posy>
									<width>72</width>
									<height>72</height>
									<align>center</align>
									<aligny>center</aligny>
									<font>symbolSize72</font>
									<textcolor>textActive</textcolor>
									<label>$INFO[ListItem.Label2]</label>
								</control>
								<control type="label">
									<posx>18</posx>
									<posy>126</posy>
									<width>298</width>
									<height>36</height>
									<aligny>center</aligny>
									<font>Font24Medium</font>
									<textcolor>textActive</textcolor>
									<label>$INFO[ListItem.Label]</label>
								</control>
							</itemlayout>
							<focusedlayout width="402" height="180">
								<control type="group">
									<animation effect="zoom" time="300" tween="cubic" easing="inout" start="100" end="110" center="160,90">Focus</animation>
									<animation effect="zoom" time="300" tween="cubic" easing="inout" start="110" end="100" center="160,90">UnFocus</animation>
									<width>320</width>
									<height>180</height>
									<control type="image">
										<posx>0</posx>
										<posy>0</posy>
										<width>320</width>
										<height>180</height>
										<aspectratio>stretch</aspectratio>
										<texture>shape/dim180/roundedlandscape.png</texture>
										<bordersize>0</bordersize>
										<colordiffuse>highlight</colordiffuse>
									</control>
									<control type="image">
										<posx>0</posx>
										<posy>0</posy>
										<width>320</width>
										<height>180</height>
										<aspectratio>stretch</aspectratio>
										<texture>shape/dim180/roundedlandscape.png</texture>
										<bordersize>0</bordersize>
										<colordiffuse>80000000</colordiffuse>
									</control>
									<control type="image">
										<visible>!String.IsEqual(ListItem.Property(jenisgambar),multiimage)</visible>
										<posx>0</posx>
										<posy>0</posy>
										<width>320</width>
										<height>180</height>
										<aspectratio scalediffuse="false">scale</aspectratio>
										<texture diffuse="shape/dim180/roundedlandscape.png">$INFO[ListItem.Thumb]</texture>
										<bordersize>0</bordersize>
									</control>
									<control type="multiimage">
										<visible>String.IsEqual(ListItem.Property(jenisgambar),multiimage)</visible>
										<posx>0</posx>
										<posy>0</posy>
										<width>320</width>
										<height>180</height>
										<timeperimage>5000</timeperimage>
										<fadetime>1000</fadetime>
										<pauseatend>1000</pauseatend>
										<randomize>true</randomize>
										<loop>yes</loop>
										<aspectratio scalediffuse="false">scale</aspectratio>
										<imagepath diffuse="shape/dim180/roundedlandscape.png">$INFO[ListItem.Thumb]</imagepath>
										<bordersize>0</bordersize>
									</control>
									<control type="image">
										<include>FocusedItemFade</include>
										<posx>0</posx>
										<posy>0</posy>
										<width>320</width>
										<height>180</height>
										<aspectratio>stretch</aspectratio>
										<texture>shape/dim180/roundedlandscape.png</texture>
										<bordersize>0</bordersize>
										<colordiffuse>80000000</colordiffuse>
									</control>
									<control type="image">
										<visible>String.IsEmpty(ListItem.Thumb)</visible>
										<posx>108</posx>
										<posy>54</posy>
										<width>72</width>
										<height>72</height>
										<aspectratio>stretch</aspectratio>
										<texture>$INFO[ListItem.Icon]</texture>
										<colordiffuse>$INFO[ListItem.Property(coloricon)]</colordiffuse>
										<bordersize>0</bordersize>
									</control>
									<control type="label">
										<posx>108</posx>
										<posy>54</posy>
										<width>72</width>
										<height>72</height>
										<align>center</align>
										<aligny>center</aligny>
										<font>symbolSize36</font>
										<textcolor>textActive</textcolor>
										<label>$INFO[ListItem.Property(trueselected)]</label>
									</control>
									<control type="label">
										<posx>18</posx>
										<posy>54</posy>
										<width>72</width>
										<height>72</height>
										<align>center</align>
										<aligny>center</aligny>
										<font>symbolSize72</font>
										<textcolor>textActive</textcolor>
										<label>$INFO[ListItem.Label2]</label>
									</control>
									<control type="label">
										<posx>18</posx>
										<posy>126</posy>
										<width>298</width>
										<height>36</height>
										<aligny>center</aligny>
										<font>Font24Medium</font>
										<textcolor>textActive</textcolor>
										<label>$INFO[ListItem.Label]</label>
									</control>
								</control>
							</focusedlayout>
							<content>
								<item id="1">
									<label>31270</label>
									<label2></label2>
									<thumb/>
									<icon>colors/white.png</icon>
									<property name="coloricon">latarcolor</property>
									<property name="trueselected">$VAR[SolidBlackSetOn]</property>
									<onclick>Skin.Reset(SolidBlackSetting)</onclick>
									<onclick>Skin.Reset(SolidColorSetting)</onclick>
									<onclick>Skin.Reset(DefaultPatternBGSetting)</onclick>
									<onclick>Skin.Reset(UserImageSetting)</onclick>
									<onclick>Skin.Reset(UserMultiImageSetting)</onclick>
									<onclick>Skin.Reset(UserVideoSetting)</onclick>
								</item>
								<item id="2">
									<label>31252</label>
									<label2></label2>
									<thumb/>
									<icon>colors/white.png</icon>
									<property name="coloricon">highlight</property>
									<property name="trueselected">$VAR[SolidColorSetOn]</property>
									<onclick>Skin.SetBool(SolidColorSetting)</onclick>
									<onclick>Skin.SetString(SolidColorPicked,highlight)</onclick>
									<onclick>Skin.Reset(SolidBlackSetting)</onclick>
									<onclick>Skin.Reset(DefaultPatternBGSetting)</onclick>
									<onclick>Skin.Reset(UserImageSetting)</onclick>
									<onclick>Skin.Reset(UserMultiImageSetting)</onclick>
									<onclick>Skin.Reset(UserVideoSetting)</onclick>
								</item>
								<item id="3">
									<label>31254</label>
									<label2>♦</label2>
									<thumb>$VAR[SolidColorPathBackground]</thumb>
									<icon/>
									<property name="coloricon"/>
									<property name="trueselected">$VAR[DefaultPatternBGSetOn]</property>
									<onclick>Skin.SetBool(DefaultPatternBGSetting)</onclick>
									<onclick>Skin.Reset(SolidBlackSetting)</onclick>
									<onclick>Skin.Reset(SolidColorSetting)</onclick>
									<onclick>Skin.Reset(UserImageSetting)</onclick>
									<onclick>Skin.Reset(UserMultiImageSetting)</onclick>
									<onclick>Skin.Reset(UserVideoSetting)</onclick>
								</item>
								<item id="4">
									<label>31253</label>
									<label2></label2>
									<thumb>$VAR[UserImagePathBackground]</thumb>
									<icon/>
									<property name="coloricon"/>
									<property name="trueselected">$VAR[UserImageSetOn]</property>
									<onclick>Skin.SetBool(UserImageSetting)</onclick>
									<onclick>Skin.Reset(SolidBlackSetting)</onclick>
									<onclick>Skin.Reset(SolidColorSetting)</onclick>
									<onclick>Skin.Reset(DefaultPatternBGSetting)</onclick>
									<onclick>Skin.Reset(UserMultiImageSetting)</onclick>
									<onclick>Skin.Reset(UserVideoSetting)</onclick>
									<onclick>Skin.SetBool(aspectratiowallpaperscale)</onclick>
									<onclick>Skin.Reset(aspectratiowallpaperkeep)</onclick>
									<onclick>Skin.Reset(aspectratiowallpaperstretch)</onclick>
									<onclick>Skin.Reset(aspectratiowallpapercenter)</onclick>
								</item>
								<item id="5">
									<label>31255</label>
									<label2></label2>
									<thumb>$VAR[UserMultiImagePathBackground]</thumb>
									<icon/>
									<property name="coloricon"/>
									<property name="trueselected">$VAR[UserMultiImageSetOn]</property>
									<property name="jenisgambar">multiimage</property>
									<onclick>Skin.SetBool(UserMultiImageSetting)</onclick>
									<onclick>Skin.Reset(SolidBlackSetting)</onclick>
									<onclick>Skin.Reset(SolidColorSetting)</onclick>
									<onclick>Skin.Reset(DefaultPatternBGSetting)</onclick>
									<onclick>Skin.Reset(UserImageSetting)</onclick>
									<onclick>Skin.Reset(UserVideoSetting)</onclick>
									<onclick>Skin.SetBool(aspectratiowallpaperscale)</onclick>
									<onclick>Skin.Reset(aspectratiowallpaperkeep)</onclick>
									<onclick>Skin.Reset(aspectratiowallpaperstretch)</onclick>
									<onclick>Skin.Reset(aspectratiowallpapercenter)</onclick>
								</item>
								<item id="6">
									<visible>false</visible>
									<label>31256</label>
									<label2></label2>
									<thumb>$VAR[UserVideosPathBackground]</thumb>
									<icon/>
									<property name="coloricon"/>
									<property name="trueselected">$VAR[UserVideoSetOn]</property>
									<onclick>Skin.SetBool(UserVideoSetting)</onclick>
									<onclick>Skin.Reset(SolidBlackSetting)</onclick>
									<onclick>Skin.Reset(SolidColorSetting)</onclick>
									<onclick>Skin.Reset(DefaultPatternBGSetting)</onclick>
									<onclick>Skin.Reset(UserImageSetting)</onclick>
									<onclick>Skin.Reset(UserMultiImageSetting)</onclick>
								</item>
							</content>
						</control>
					</control>
				<control type="group" id="9130">
					<width>100%</width>
					<height>540</height>
					<control type="group">
						<include condition="!Skin.HasSetting(NoAnimationInSkin)">SlideFadeDownTwoWay</include>
						<include condition="!Skin.HasSetting(NoAnimationInSkin)">SlideFadeFromUpToDownVisible</include>
						<posx>18</posx>
						<posy>0</posy>
						<include content="SkinSettingAdvance" condition="String.IsEqual(Skin.AspectRatio,4:3)">
							<param name="modelkey_width" value="720"/>
							<param name="modelkey_height" value="540"/>
							<param name="modelkey_actwidth" value="1440"/>
							<param name="modelkey_actheight" value="1080"/>
							<param name="modelpreview_scrapres" value="shape/ratio-review/landscape4-3.png"/>
						</include>
						<include content="SkinSettingAdvance" condition="String.IsEqual(Skin.AspectRatio,3:2)">
							<param name="modelkey_width" value="810"/>
							<param name="modelkey_height" value="540"/>
							<param name="modelkey_actwidth" value="1620"/>
							<param name="modelkey_actheight" value="1080"/>
							<param name="modelpreview_scrapres" value="shape/ratio-review/landscape3-2.png"/>
						</include>
						<include content="SkinSettingAdvance" condition="String.IsEqual(Skin.AspectRatio,16:10)">
							<param name="modelkey_width" value="864"/>
							<param name="modelkey_height" value="540"/>
							<param name="modelkey_actwidth" value="1728"/>
							<param name="modelkey_actheight" value="1080"/>
							<param name="modelpreview_scrapres" value="shape/ratio-review/landscape16-10.png"/>
						</include>
						<include content="SkinSettingAdvance" condition="String.IsEqual(Skin.AspectRatio,15:9)">
							<param name="modelkey_width" value="900"/>
							<param name="modelkey_height" value="540"/>
							<param name="modelkey_actwidth" value="1800"/>
							<param name="modelkey_actheight" value="1080"/>
							<param name="modelpreview_scrapres" value="shape/ratio-review/landscape15-9.png"/>
						</include>
						<include content="SkinSettingAdvance" condition="String.IsEqual(Skin.AspectRatio,16:9)">
							<param name="modelkey_width" value="960"/>
							<param name="modelkey_height" value="540"/>
							<param name="modelkey_actwidth" value="1920"/>
							<param name="modelkey_actheight" value="1080"/>
							<param name="modelpreview_scrapres" value="shape/ratio-review/landscape16-9.png"/>
						</include>
						<include content="SkinSettingAdvance" condition="String.IsEqual(Skin.AspectRatio,17:9)">
							<param name="modelkey_width" value="1020"/>
							<param name="modelkey_height" value="540"/>
							<param name="modelkey_actwidth" value="2040"/>
							<param name="modelkey_actheight" value="1080"/>
							<param name="modelpreview_scrapres" value="shape/ratio-review/landscape17-9.png"/>
						</include>
						<include content="SkinSettingAdvance" condition="String.IsEqual(Skin.AspectRatio,18:9)">
							<param name="modelkey_width" value="1080"/>
							<param name="modelkey_height" value="540"/>
							<param name="modelkey_actwidth" value="2160"/>
							<param name="modelkey_actheight" value="1080"/>
							<param name="modelpreview_scrapres" value="shape/ratio-review/landscape18-9.png"/>
						</include>
						<include content="SkinSettingAdvance" condition="String.IsEqual(Skin.AspectRatio,18.5:9)">
							<param name="modelkey_width" value="1110"/>
							<param name="modelkey_height" value="540"/>
							<param name="modelkey_actwidth" value="2220"/>
							<param name="modelkey_actheight" value="1080"/>
							<param name="modelpreview_scrapres" value="shape/ratio-review/landscape18-9.png"/>
						</include>
						<include content="SkinSettingAdvance" condition="String.IsEqual(Skin.AspectRatio,19.5:9)">
							<param name="modelkey_width" value="1170"/>
							<param name="modelkey_height" value="540"/>
							<param name="modelkey_actwidth" value="2340"/>
							<param name="modelkey_actheight" value="1080"/>
							<param name="modelpreview_scrapres" value="shape/ratio-review/landscape18-9.png"/>
						</include>
						<include content="SkinSettingAdvance" condition="String.IsEqual(Skin.AspectRatio,21:9)">
							<param name="modelkey_width" value="1260"/>
							<param name="modelkey_height" value="540"/>
							<param name="modelkey_actwidth" value="2520"/>
							<param name="modelkey_actheight" value="1080"/>
							<param name="modelpreview_scrapres" value="shape/ratio-review/landscape21-9.png"/>
						</include>
					</control>
				</control>
				<control type="radiobutton" id="9136">
					<description>Set Universal Background to all windows</description>
					<width>100%</width>
					<focusedcolor>textActive</focusedcolor>
					<font>Font24Bold</font>
					<label>31122</label>
					<onclick>Skin.ToggleSetting(SetAlltoUniBackground)</onclick>
					<selected>Skin.HasSetting(SetAlltoUniBackground)</selected>
				</control>
			</control>
			<control type="grouplist" id="9024">
				<visible>Container(9010).HasFocus(4)</visible>
				<include condition="!Skin.HasSetting(NoAnimationInSkin)">SlideFadeDownTwoWayFast</include>
				<include condition="!Skin.HasSetting(NoAnimationInSkin)">SlideFadeDownTwoWayFastVisible</include>
				<description>LockScreen</description>
				<left>378</left>
				<right>18</right>
				<bottom>0</bottom>
				<height>756</height>
				<onleft>9010</onleft>
				<onup>noop</onup>
				<ondown>noop</ondown>
				<onright>5009</onright>
				<pagecontrol>5009</pagecontrol>
				<control type="radiobutton" id="902401">
					<description>EnableLockscreen</description>
					<width>100%</width>
					<focusedcolor>textActive</focusedcolor>
					<font>Font24Bold</font>
					<label>$LOCALIZE[31280]</label>
					<label>31280</label>
					<onclick>Skin.ToggleSetting(LockscreenisActive)</onclick>
					<selected>Skin.HasSetting(LockscreenisActive)</selected>
				</control>
				<control type="radiobutton" id="902402">
					<enable>Skin.HasSetting(LockscreenisActive)</enable>
					<description>Standalone wallpaper</description>
					<width>100%</width>
					<focusedcolor>textActive</focusedcolor>
					<font>Font24Bold</font>
					<label>$LOCALIZE[31284]</label>
					<onclick>Skin.ToggleSetting(LockscreenhasOwnbackground)</onclick>
					<selected>Skin.HasSetting(LockscreenhasOwnbackground)</selected>
				</control>
				<control type="button" id="902403">
					<enable>Skin.HasSetting(LockscreenisActive) + Skin.HasSetting(LockscreenhasOwnbackground)</enable>
					<description>Standalone wallpaper</description>
					<width>100%</width>
					<focusedcolor>textActive</focusedcolor>
					<font>Font24Bold</font>
					<label>[TABS]1[/TABS]-$LOCALIZE[31261]</label>
					<label2>$INFO[Skin.String(LSImageBackgroundPath)]</label2>
					<onclick>Skin.SetImage(LSImageBackgroundPath)</onclick>
				</control>
				<control type="radiobutton" id="902404">
					<enable>Skin.HasSetting(LockscreenisActive)</enable>
					<description>Oled Friendly</description>
					<width>100%</width>
					<focusedcolor>textActive</focusedcolor>
					<font>Font24Bold</font>
					<label>$LOCALIZE[31281]</label>
					<onclick>Skin.ToggleSetting(LockscreenOledFriendly)</onclick>
					<selected>Skin.HasSetting(LockscreenOledFriendly)</selected>
				</control>
				<control type="radiobutton" id="902405">
					<enable>Skin.HasSetting(LockscreenisActive)</enable>
					<description>Docking Mode</description>
					<width>100%</width>
					<focusedcolor>textActive</focusedcolor>
					<font>Font24Bold</font>
					<label>$LOCALIZE[31282]</label>
					<onclick>Skin.ToggleSetting(LockscreenDockingMode)</onclick>
					<selected>Skin.HasSetting(LockscreenDockingMode)</selected>
				</control>
				<control type="radiobutton" id="902406">
					<enable>Skin.HasSetting(LockscreenisActive)</enable>
					<description>Autolock</description>
					<width>100%</width>
					<focusedcolor>textActive</focusedcolor>
					<font>Font24Bold</font>
					<label>$LOCALIZE[31286]</label>
					<onclick>Skin.ToggleSetting(LockscreenAutolock)</onclick>
					<selected>Skin.HasSetting(LockscreenAutolock)</selected>
				</control>
				<control type="button" id="902407">
					<enable>Skin.HasSetting(LockscreenisActive) + Skin.HasSetting(LockscreenAutolock)</enable>
					<description>Autolock timer</description>
					<width>100%</width>
					<focusedcolor>textActive</focusedcolor>
					<font>Font24Bold</font>
					<label>[TABS]1[/TABS]-$LOCALIZE[31287]</label>
					<label2>$VAR[SkinLockscreenAutolockTime]</label2>
					<onclick>Skin.SetNumeric(LockscreenAutolockTime)</onclick>
				</control>
			</control>
			<control type="grouplist" id="9025">
				<visible>Container(9010).HasFocus(5)</visible>
				<include condition="!Skin.HasSetting(NoAnimationInSkin)">SlideFadeDownTwoWayFast</include>
				<include condition="!Skin.HasSetting(NoAnimationInSkin)">SlideFadeDownTwoWayFastVisible</include>
				<description>Accessibility</description>
				<left>378</left>
				<right>18</right>
				<bottom>0</bottom>
				<height>756</height>
				<onleft>9010</onleft>
				<onup>noop</onup>
				<ondown>noop</ondown>
				<onright>5009</onright>
				<pagecontrol>5009</pagecontrol>
				<control type="radiobutton" id="902501">
					<description>Status bar visibility</description>
					<width>100%</width>
					<label>$LOCALIZE[31273]</label>
					<focusedcolor>textActive</focusedcolor>
					<font>Font24Bold</font>
					<onclick>Skin.ToggleSetting(TurnOffStatusBar)</onclick>
					<selected>!Skin.HasSetting(TurnOffStatusBar)</selected>
				</control>
				<control type="radiobutton" id="902502">
					<description>Show/Hide Scrollbar</description>
					<width>100%</width>
					<label>$LOCALIZE[31274]</label>
					<focusedcolor>textActive</focusedcolor>
					<font>Font24Bold</font>
					<onclick>Skin.ToggleSetting(HideScrollBaronSkin)</onclick>
					<selected>!Skin.HasSetting(HideScrollBaronSkin)</selected>
				</control>
				<control type="radiobutton" id="902503">
					<enable>false</enable>
					<description>Show/Hide Back Button</description>
					<width>100%</width>
					<label>$LOCALIZE[31277]</label>
					<focusedcolor>textActive</focusedcolor>
					<font>Font24Bold</font>
					<onclick>Skin.ToggleSetting(TurnOnTouchMode)</onclick>
					<selected>Skin.HasSetting(TurnOnTouchMode)</selected>
				</control>
				<control type="radiobutton" id="902504">
					<description>Disable Animation</description>
					<width>100%</width>
					<label>$LOCALIZE[31275]</label>
					<focusedcolor>textActive</focusedcolor>
					<font>Font24Bold</font>
					<onclick>Skin.ToggleSetting(NoAnimationInSkin)</onclick>
					<selected>Skin.HasSetting(NoAnimationInSkin)</selected>
				</control>
				<control type="button" id="902505">
					<description>Dummy Dimness screen</description>
					<width>100%</width>
					<label>$LOCALIZE[31276]</label>
					<label2>$INFO[Skin.String(DummyDimnessSkin)]</label2>
					<focusedcolor>textActive</focusedcolor>
					<font>Font24Bold</font>
					<onclick condition="String.isEmpty(Skin.String(DummyDimnessSkin))">Skin.SetString(DummyDimnessSkin,10)</onclick>
					<onclick condition="String.isEqual(Skin.String(DummyDimnessSkin),10)">Skin.SetString(DummyDimnessSkin,20)</onclick>
					<onclick condition="String.isEqual(Skin.String(DummyDimnessSkin),20)">Skin.SetString(DummyDimnessSkin,30)</onclick>
					<onclick condition="String.isEqual(Skin.String(DummyDimnessSkin),30)">Skin.SetString(DummyDimnessSkin,40)</onclick>
					<onclick condition="String.isEqual(Skin.String(DummyDimnessSkin),40)">Skin.SetString(DummyDimnessSkin,50)</onclick>
					<onclick condition="String.isEqual(Skin.String(DummyDimnessSkin),50)">Skin.SetString(DummyDimnessSkin,60)</onclick>
					<onclick condition="String.isEqual(Skin.String(DummyDimnessSkin),60)">Skin.SetString(DummyDimnessSkin,70)</onclick>
					<onclick condition="String.isEqual(Skin.String(DummyDimnessSkin),70)">Skin.SetString(DummyDimnessSkin,80)</onclick>
					<onclick condition="String.isEqual(Skin.String(DummyDimnessSkin),80)">Skin.SetString(DummyDimnessSkin,90)</onclick>
					<onclick condition="String.isEqual(Skin.String(DummyDimnessSkin),90)">Skin.SetString(DummyDimnessSkin,100)</onclick>
					<onclick condition="String.isEqual(Skin.String(DummyDimnessSkin),100)">Skin.Reset(DummyDimnessSkin)</onclick>
				</control>
			</control>
			<control type="grouplist" id="9026">
				<visible>Container(9010).HasFocus(6)</visible>
				<include condition="!Skin.HasSetting(NoAnimationInSkin)">SlideFadeDownTwoWayFast</include>
				<include condition="!Skin.HasSetting(NoAnimationInSkin)">SlideFadeDownTwoWayFastVisible</include>
				<description>Debugging</description>
				<left>378</left>
				<right>18</right>
				<bottom>0</bottom>
				<height>756</height>
				<onleft>9010</onleft>
				<onup>noop</onup>
				<ondown>noop</ondown>
				<onright>5009</onright>
				<pagecontrol>5009</pagecontrol>
				<control type="radiobutton" id="902601">
					<description>Grid Debug</description>
					<width>100%</width>
					<focusedcolor>textActive</focusedcolor>
					<font>Font24Bold</font>
					<label>$LOCALIZE[31034]</label>
					<onclick>Skin.ToggleSetting(DebugGrid)</onclick>
					<selected>Skin.HasSetting(DebugGrid)</selected>
				</control>
				<control type="radiobutton" id="902602">
					<description>DebugInfo</description>
					<width>100%</width>
					<focusedcolor>textActive</focusedcolor>
					<font>Font24Bold</font>
					<label>31035</label>
					<onclick>Skin.ToggleSetting(DebugInfo)</onclick>
					<selected>Skin.HasSetting(DebugInfo)</selected>
				</control>
				<control type="button" id="902603">
					<description>Debug</description>
					<width>100%</width>
					<focusedcolor>textActive</focusedcolor>
					<font>Font24Bold</font>
					<label>31036</label>
					<onclick>Skin.ToggleDebug</onclick>
				</control>
				<control type="button" id="902604">
					<description>Debug</description>
					<width>100%</width>
					<focusedcolor>textActive</focusedcolor>
					<font>Font24Bold</font>
					<label>31037</label>
					<onclick>ToggleDebug</onclick>
				</control>
				<control type="button" id="902605">
					<description>Reset Skin</description>
					<width>100%</width>
					<focusedcolor>textActive</focusedcolor>
					<font>Font24Bold</font>
					<label>DeadPixelTest</label>
					<onclick>activateWindow(1107)</onclick>
				</control>
				<control type="button" id="902606">
					<description>Refresh Skin</description>
					<width>100%</width>
					<focusedcolor>textActive</focusedcolor>
					<font>Font24Bold</font>
					<label>31042</label>
					<onclick>ReloadSkin()</onclick>
					<onclick>activateWindow(home)</onclick>
				</control>
				<control type="button" id="902607">
					<description>Reset Skin</description>
					<width>100%</width>
					<focusedcolor>textActive</focusedcolor>
					<font>Font24Bold</font>
					<label>31038</label>
					<onclick>Skin.ResetSettings</onclick>
					<onclick>activateWindow(home)</onclick>
				</control>
			</control>
			<control type="grouplist" id="9027">
				<visible>Container(9010).HasFocus(7)</visible>
				<include condition="!Skin.HasSetting(NoAnimationInSkin)">SlideFadeDownTwoWayFast</include>
				<include condition="!Skin.HasSetting(NoAnimationInSkin)">SlideFadeDownTwoWayFastVisible</include>
				<description>LimaSkyTheme</description>
				<left>378</left>
				<right>18</right>
				<bottom>0</bottom>
				<height>756</height>
				<onleft>9010</onleft>
				<onup>noop</onup>
				<ondown>noop</ondown>
				<onright>5009</onright>
				<pagecontrol>5009</pagecontrol>
				<control type="group">
					<height>234</height>
					<control type="radiobutton" id="902701">
						<description>LimaSkyTempEvo</description>
						<width>100%</width>
						<height>234</height>
						<onleft>9010</onleft>
						<onup>noop</onup>
						<ondown>902702</ondown>
						<onclick condition="Skin.HasSetting(LimaSkySatuAktif)|Skin.HasSetting(LimaSkyTabAktif)">SetProperty(SwitchTo_LimaSky,LimaSkyTempEvo,home)</onclick>
						<onclick condition="Skin.HasSetting(LimaSkySatuAktif)|Skin.HasSetting(LimaSkyTabAktif)">ActivateWindow(1104)</onclick>
						<selected>![Skin.HasSetting(LimaSkySatuAktif)|Skin.HasSetting(LimaSkyTabAktif)]</selected>
					</control>
					<control type="image">
						<left>0</left>
						<posy>0</posy>
						<width>828</width>
						<height>234</height>
						<texture>home/Limasky-logo/LimaSkyTempEvo-Long.png</texture>
						<bordersize>2</bordersize>
						<aspectratio scalediffuse="false" align="left">keep</aspectratio>
					</control>
				</control>
				<control type="group">
					<height>234</height>
					<control type="radiobutton" id="902702">
						<description>LimaSkySatu</description>
						<width>100%</width>
						<height>234</height>
						<onleft>9010</onleft>
						<onup>902701</onup>
						<ondown>902703</ondown>
						<onclick condition="!Skin.HasSetting(LimaSkySatuAktif)">Skin.Reset(KataSandikeLimaSkySatu)</onclick>
						<onclick condition="!Skin.HasSetting(LimaSkySatuAktif)">Skin.SetNumeric(KataSandikeLimaSkySatu)</onclick>
						<onclick condition="!Skin.HasSetting(LimaSkySatuAktif)">SetProperty(SwitchTo_LimaSky,LimaSkySatu,home)</onclick>
						<onclick condition="!Skin.HasSetting(LimaSkySatuAktif)">ActivateWindow(1104)</onclick>
						<selected>Skin.HasSetting(LimaSkySatuAktif)</selected>
					</control>
					<control type="image">
						<left>0</left>
						<posy>0</posy>
						<width>828</width>
						<height>234</height>
						<texture>home/Limasky-logo/LimaSkySatu-Long.png</texture>
						<bordersize>2</bordersize>
						<aspectratio scalediffuse="false" align="left">keep</aspectratio>
					</control>
				</control>
				<control type="group">
					<height>234</height>
					<control type="radiobutton" id="902703">
						<description>LimaSkyTab</description>
						<width>100%</width>
						<height>234</height>
						<onup>902702</onup>
						<onleft>9010</onleft>
						<ondown>noop</ondown>
						<onclick condition="!Skin.HasSetting(LimaSkySatuAktif)">Skin.Reset(KataSandikeLimaSkyTab)</onclick>
						<onclick condition="!Skin.HasSetting(LimaSkySatuAktif)">Skin.SetNumeric(KataSandikeLimaSkyTab)</onclick>
						<onclick condition="!Skin.HasSetting(LimaSkyTabAktif)">SetProperty(SwitchTo_LimaSky,LimaSkyTabFriend,home)</onclick>
						<onclick condition="!Skin.HasSetting(LimaSkyTabAktif)">ActivateWindow(1104)</onclick>
						<selected>Skin.HasSetting(LimaSkyTabAktif)</selected>
					</control>
					<control type="image">
						<left>0</left>
						<posy>0</posy>
						<width>828</width>
						<height>234</height>
						<texture>home/Limasky-logo/LimaSkyTabFriend-Long.png</texture>
						<bordersize>2</bordersize>
						<aspectratio scalediffuse="false" align="left">keep</aspectratio>
					</control>
				</control>
			</control>
			<control type="grouplist" id="9028">
				<visible>Container(9010).HasFocus(8)</visible>
				<left>396</left>
				<right>36</right>
				<bottom>0</bottom>
				<height>756</height>
				<include condition="!Skin.HasSetting(NoAnimationInSkin)">SlideFadeDownTwoWayFast</include>
				<include condition="!Skin.HasSetting(NoAnimationInSkin)">SlideFadeDownTwoWayFastVisible</include>
				<description>Credit</description>
                <control type="textbox">
                    <width>auto</width>
                    <height>auto</height>
                    <aligny>center</aligny>
                    <font>Font36Medium</font>
                    <textcolor>textActive</textcolor>
                    <label>[B]LimaSky TempEvo x LimaSky Satu x LimaSky TabFriend[/B][CR]by Nao3Line and TempeTahoo</label>
                </control>
                <control type="textbox">
                    <width>auto</width>
                    <height>auto</height>
                    <aligny>center</aligny>
                    <font>Font28Medium</font>
                    <textcolor>textActive</textcolor>
                    <label>Inspired by renowned Kodi skins such as Estuary, Amber, Pellucid, Unity, AppTV, FTV, and others.[CR][CR][B]This accidental project has been going on for over 5 years (2019–2025). Big thanks to everyone who's been using this skin — I really appreciate it![/B] (Nao3Line)[CR][CR][CR][B]Font[/B][CR]Bodoni Moda - Designed by Owen Earl | DotGothic16 - Designed by Fontworks Inc. | IBM Plex Sans JP - Designed by Mike Abbink, Bold Monday | Natsuzemi Maru Gothic - Designed by Mokuzai | Noto Sans From Google. | Nunito - Designed by Vernon Adams, Cyreal, Jacques Le Bailly | RobotoCJKSC compiled by akiirui | Font symbol is sourced from WebHostingHub Glyphs @ http://www.webhostinghub.com/glyphs/</label>
                </control>
			</control>
			
		</control>
		<control type="group">
			<visible>!Skin.HasSetting(HideScrollBaronSkin)</visible>
			<include condition="!Skin.HasSetting(NoAnimationInSkin)">fadeInOutVisible</include>
			<include content="DefaultScrollbars">
				<param name="visible_horizontalbar">false</param>
				<param name="visible_verticalbar">true</param>
				<param name="control_idVer">5009</param>
				<param name="control_HeightVer">864</param>
				<param name="controlVer_onleft">9999</param>
			</include>
		</control>
		<include condition="Skin.HasSetting(TurnOnTouchMode)">BackMenuForTouchScreen</include>
        <!-- Universal Status Bar -->
        <include condition="![Skin.HasSetting(LimaSkySatuAktif)+Skin.HasSetting(LimaSkyTabAktif)]">StatusBarandTimeDisplay</include>
	</controls>
</window>
