<?xml version="1.0" encoding="utf-8"?>
<window>
    <defaultcontrol />
    <controls>
        <control type="group"
                 id="0">
            <control type="label"
                     id="10">
                <left>45</left>
                <top>15</top>
                <width>1770</width>
                <height>100</height>
                <label />
                <font>Font18Bold</font>
                <shadowcolor>black</shadowcolor>
            </control>
            <control type="label"
                     id="11">
                <left>45</left>
                <top>45</top>
                <width>1770</width>
                <height>100</height>
                <label />
                <font>Font18Bold</font>
                <shadowcolor>black</shadowcolor>
            </control>
            <control type="label"
                     id="12">
                <left>45</left>
                <top>75</top>
                <width>1770</width>
                <height>100</height>
                <label />
                <font>Font18Bold</font>
                <shadowcolor>black</shadowcolor>
            </control>
        </control>
		<control type="group" id="1">
			<visible>String.isEmpty(VideoPlayer.VideoResolution)</visible>
			<visible>!Player.HasGame</visible>
			<include condition="!Skin.HasSetting(NoAnimationInSkin)">fadeInOutVisible</include>
			<bottom>72</bottom>
           	<left>64</left>
			<right>64</right>
			<height>792</height>
			<include>DefaultMusicPlayerLayout</include>
		</control>
        <control type="group"
                 id="1">
            <depth>DepthOSD+</depth>
            <visible>Player.Caching</visible>
            <include condition="!Skin.HasSetting(NoAnimationInSkin)">SlideFadeDownTwoWayFastVisible</include>
            <posy>756</posy>
            <right>96</right>
            <height>180</height>
            <control type="group"
                     id="1">
                <left>96</left>
                <width>288</width>
                <bottom>36</bottom>
                <height>90</height>
                <control type="group"
                         id="1">
                    <posy>0</posy>
                    <posx>0</posx>
                    <height>90</height>
                    <control type="group"
                             id="1">
                        <control type="image"
                                 id="1">
                            <left>0</left>
                            <posy>0</posy>
                            <width>90</width>
                            <height>90</height>
                            <aspectratio>stretch</aspectratio>
                            <texture>shape/dim90/roundedleft.png</texture>
                            <bordersize>0</bordersize>
                            <colordiffuse>CC000000</colordiffuse>
                        </control>
                        <control type="group"
                                 id="1">
                            <right>90</right>
                            <height>90</height>
                            <control type="image"
                                     id="1">
                                <left>90</left>
                                <posy>0</posy>
                                <aspectratio>stretch</aspectratio>
                                <texture>colors/white.png</texture>
                                <bordersize>0</bordersize>
                                <colordiffuse>CC000000</colordiffuse>
                            </control>
                        </control>
                        <control type="image"
                                 id="1">
                            <right>0</right>
                            <posy>0</posy>
                            <width>90</width>
                            <height>90</height>
                            <aspectratio>stretch</aspectratio>
                            <texture>shape/dim90/roundedright.png</texture>
                            <bordersize>0</bordersize>
                            <colordiffuse>CC000000</colordiffuse>
                        </control>
                    </control>
                </control>
                <control type="group"
                         id="1">
                    <left>18</left>
                    <top>18</top>
                    <width>54</width>
                    <height>54</height>
                    <control type="image"
                             id="1">
                        <animation type="Conditional"
                                   condition="Player.Caching"
                                   loop="true">
                            <effect type="slide"
                                    start="0,0"
                                    end="36,0"
                                    tween="cubic"
                                    easing="out"
                                    time="180"
                                    delay="180" />
                            <effect type="slide"
                                    end="0,36"
                                    tween="cubic"
                                    easing="out"
                                    time="180"
                                    delay="360" />
                        </animation>
                        <left>0</left>
                        <posy>0</posy>
                        <width>18</width>
                        <height>18</height>
                        <aspectratio>stretch</aspectratio>
                        <texture>shape/dim72/roundedsquare.png</texture>
                        <bordersize>0</bordersize>
                    </control>
                    <control type="image"
                             id="1">
                        <animation type="Conditional"
                                   condition="Player.Caching"
                                   loop="true">
                            <effect type="slide"
                                    start="0,0"
                                    end="-36,0"
                                    tween="cubic"
                                    easing="out"
                                    time="180"
                                    delay="180" />
                            <effect type="slide"
                                    end="0,-36"
                                    tween="cubic"
                                    easing="out"
                                    time="180"
                                    delay="360" />
                        </animation>
                        <right>0</right>
                        <bottom>0</bottom>
                        <width>18</width>
                        <height>18</height>
                        <aspectratio>stretch</aspectratio>
                        <texture>shape/dim72/roundedsquare.png</texture>
                        <bordersize>0</bordersize>
                    </control>
                </control>
                <control type="label"
                         id="1">
                    <posy>14</posy>
                    <posx>90</posx>
                    <width>180</width>
                    <height>24</height>
                    <aligny>center</aligny>
                    <font>Font20Medium</font>
                    <textcolor>textActive</textcolor>
                    <label>$LOCALIZE[15107]</label>
                </control>
                <control type="label"
                         id="1">
                    <description>buffering value</description>
                    <posy>36</posy>
                    <posx>90</posx>
                    <width>180</width>
                    <height>36</height>
                    <aligny>center</aligny>
                    <font>Font32Bold</font>
                    <textcolor>textActive</textcolor>
                    <label>$INFO[Player.CacheLevel,,%]</label>
                </control>
            </control>
        </control>
    </controls>
</window>