<?xml version="1.0" encoding="UTF-8"?>
<includes>
	<!-- ContentList: DialogExtendedProgressBar, DialogNotification, DialogSeekBar, DialogSlider, DialogTextViewer, DialogVolumeBar -->
	<include name="DialogExtendedProgressBar">
        	<control type="group" id="9999">
			<include condition="!Skin.HasSetting(NoAnimationInSkin)">TempEvoSlideFadeDownTwoWayFast</include>
                    	<bottom>36</bottom>
                    	<right>64</right>
			<width>540</width>
			<height>72</height>
            		<control type="group">
                    		<posy>0</posy>
	    			<right>0</right>
				<height>72</height>
				<include content="TempEvoModelListHorizontalRounded">
					<param name="modelkey_size" value="72" />
					<param name="modelkey_color" value="80000000" />
					<param name="dimensionkey_size" value="dim72" />
				</include>
                    		<control type="label" id="30">
                        		<description>heading</description>
					<right>0</right>
					<posy>0</posy>
                     			<font>Font22Medium</font>
                    			<width>540</width>
                     			<height>36</height>
					<textoffsetx>18</textoffsetx>
                     			<textcolor>textActive</textcolor>
                     			<shadowcolor></shadowcolor>
		    			<scroll>true</scroll>
		    			<scrollout>false</scrollout>
		    			<scrollspeed>72</scrollspeed>
		    			<pauseatend>5000</pauseatend>
					<aligny>center</aligny>
					<align>left</align>
                    		</control>
                    		<control type="label" id="31">
                    			<description>message</description>
					<right>0</right>
					<posy>31</posy>
                			<font>Font20Bold</font>
                     			<textcolor>textActive</textcolor>
                    			<width>540</width>
                   			<height>28</height>
					<textoffsetx>18</textoffsetx>
		    			<scroll>true</scroll>
		    			<scrollout>false</scrollout>
		    			<scrollspeed>72</scrollspeed>
		    			<pauseatend>5000</pauseatend>
					<aligny>center</aligny>
					<align>left</align>
                    		</control>
				<control type="progress" id="32">
		                	<description>Progress Bar</description>
                     			<left>18</left>
                     			<right>18</right>
                			<bottom>4</bottom>
		                	<height>4</height>
		                	<texturebg colordiffuse="sorotbright">colors/white.png</texturebg>
		                	<midtexture colordiffuse="overlay">colors/white.png</midtexture>
		            	</control>
			</control>
            	</control>
	</include>
	<include name="DialogNotification">
        	<control type="group" id="9999">
                    	<posy>126</posy>
                    	<right>64</right>
			<width>720</width>
			<height>90</height>
			<control type="group">
            			<control type="group">
					<animation type="Conditional" condition="Window.IsActive(notification)" loop="true">
            					<effect type="zoom" start="100" end="125" center="648,54" time="720" delay="0"/>
						<effect type="fade" start="0" end="50" tween="cubic" easing="out" time="360" delay="0"/>
						<effect type="fade" start="100" end="0" tween="cubic" easing="out" time="360" delay="360"/>
					</animation>
					<animation type="windowopen">
						<effect type="fade" start="0" end="100" tween="cubic" easing="out" time="180" delay="360"/>
					</animation>
					<animation type="windowclose">
						<effect type="fade" start="100" end="0" tween="cubic" easing="out" time="180" delay="0"/>
					</animation>
                    			<posy>0</posy>
	    				<right>0</right>
					<height>90</height>
					<include content="TempEvoModelListHorizontalRounded">
						<param name="modelkey_size" value="90" />
						<param name="modelkey_color" value="highlight" />
						<param name="dimensionkey_size" value="dim90" />
					</include>
				</control>
            			<control type="group">
					<animation type="windowopen">
						<effect type="fade" start="0" end="100" tween="cubic" easing="out" time="180" delay="0"/>
					</animation>
					<animation type="windowclose">
						<effect type="fade" start="100" end="0" tween="cubic" easing="out" time="180" delay="360"/>
					</animation>
                    			<posy>0</posy>
	    				<right>0</right>
					<height>90</height>
					<control type="image">
						<animation type="windowopen">
							<effect type="fade" start="0" end="100" tween="cubic" easing="out" time="180" delay="0"/>
							<effect type="slide" start="405,0" end="0,0" tween="cubic" easing="out" time="180" delay="180"/>
						</animation>
						<animation type="windowclose">
							<effect type="slide" start="0,0" end="405,0" tween="cubic" easing="out" time="180"/>
						</animation>
						<right>630</right>
						<posy>0</posy>
						<width>90</width>
						<height>90</height>
						<aspectratio>stretch</aspectratio>
						<texture>shape/dim90/roundedleft.png</texture>
						<bordersize>0</bordersize>
						<colordiffuse>80000000</colordiffuse>
					</control>
					<control type="image">
						<animation type="windowopen">
							<effect type="fade" start="0" end="100" tween="cubic" easing="out" time="180" delay="0"/>
							<effect type="zoom" center="630,0" start="25,100" end="100,100" tween="cubic" easing="out" time="180" delay="180"/>
						</animation>
						<animation type="windowclose">
							<effect type="zoom" start="100,100" end="25,100" center="630,0" tween="cubic" easing="out" time="180"/>
						</animation>
						<right>90</right>
						<posy>0</posy>
						<width>540</width>
						<height>90</height>
						<aspectratio>stretch</aspectratio>
						<texture>colors/white.png</texture>
						<bordersize>0</bordersize>
						<colordiffuse>80000000</colordiffuse>
					</control>
					<control type="image">
						<right>0</right>
						<posy>0</posy>
						<width>90</width>
						<height>90</height>
						<aspectratio>stretch</aspectratio>
						<texture>shape/dim90/roundedright.png</texture>
						<bordersize>0</bordersize>
						<colordiffuse>80000000</colordiffuse>
					</control>
		           	</control>
            			<control type="group">
					<animation type="windowopen">
						<effect type="fade" start="0" end="100" tween="cubic" easing="out" time="180" delay="0"/>
						<effect type="fade" start="100" end="0" tween="cubic" easing="out" time="180" delay="360"/>
					</animation>
					<animation type="windowclose">
						<effect type="fade" start="0" end="100" tween="cubic" easing="out" time="180" delay="0"/>
						<effect type="fade" start="100" end="0" tween="cubic" easing="out" time="180" delay="360"/>
					</animation>
                    			<control type="label">
                    				<right>225</right>
						<posy>0</posy>
						<width>90</width>
						<height>90</height>
                				<font>symbolSize54</font>
                     				<textcolor>80FFFFFF</textcolor>
						<textoffsetx>0</textoffsetx>
                    				<align>center</align>
                    				<aligny>center</aligny>
		    				<label></label>
                    			</control>   
                    			<control type="label">
						<right>0</right>
						<posy>0</posy>
						<width>225</width>
						<height>90</height>
                				<font>Font36Bold</font>
                     				<textcolor>FFFFFFFF</textcolor>
						<textoffsetx>0</textoffsetx>
                    				<align>left</align>
                    				<aligny>center</aligny>
		    				<label>$LOCALIZE[31014]</label>
                    			</control>
                    		</control>
	                        <control type="group">
	    				<right>18</right>
					<width>702</width>
                			<control type="image" id="400">
						<animation type="windowopen">
							<effect type="fade" start="0" end="100" time="180" delay="180"/>
						</animation>
						<animation type="windowclose">
							<effect type="fade" start="100" end="0" time="180" delay="0"/>
        					</animation>
                    				<posx>0</posx>
						<posy>0</posy>
						<width>90</width>
						<height>90</height>
	                        		<bordersize>9</bordersize>
						<texture diffuse="shape/dim90/roundedsquare.png"></texture>
                    				<colordiffuse>ffffffff</colordiffuse>
               				</control>
                    			<control type="fadelabel" id="401">
						<animation type="windowopen">
							<effect type="fade" start="0" end="100" time="180" delay="198"/>
            						<effect type="Slide" start="36,0" end="0,0" tween="cubic" easing="inout" time="180" delay="198"/>
						</animation>
						<animation type="windowclose">
							<effect type="fade" start="100" end="0" time="180"/>
            						<effect type="Slide" start="0,0" end="36,0" tween="cubic" easing="inout" time="180"/>
        					</animation>
                        			<description>heading</description>
						<posx>90</posx>
						<posy>0</posy>
                     				<font>Font24Bold</font>
                    				<width>auto</width>
                     				<height>54</height>
						<textoffsetx>0</textoffsetx>
                     				<textcolor>textActive</textcolor>
                     				<shadowcolor></shadowcolor>
		    				<scroll>true</scroll>
		    				<scrollout>false</scrollout>
		    				<scrollspeed>72</scrollspeed>
		    				<pauseatend>5000</pauseatend>
						<aligny>center</aligny>
						<align>left</align>
                    			</control>
                    			<control type="fadelabel" id="402">
						<animation type="windowopen">
							<effect type="fade" start="0" end="100" time="180" delay="216"/>
            						<effect type="Slide" start="36,0" end="0,0" tween="cubic" easing="inout" time="180" delay="216"/>
						</animation>
						<animation type="windowclose">
							<effect type="fade" start="100" end="0" time="180"/>
            						<effect type="Slide" start="0,0" end="36,0" tween="cubic" easing="inout" time="180"/>
        					</animation>
                    				<description>message</description>
						<posx>90</posx>
						<posy>36</posy>
                				<font>Font28Medium</font>
                     				<textcolor>textActive</textcolor>
                    				<width>auto</width>
                   				<height>54</height>
						<textoffsetx>0</textoffsetx>
		    				<scroll>true</scroll>
		    				<scrollout>false</scrollout>
		    				<scrollspeed>72</scrollspeed>
		    				<pauseatend>5000</pauseatend>
						<aligny>center</aligny>
						<align>left</align>
                    			</control>
		           	</control>
               		</control>
		</control>
	</include>
	<include name="DialogSeekBar">
		<control type="group">
			<visible>Player.Paused</visible>
			<include condition="!Skin.HasSetting(NoAnimationInSkin)">TempEvoSlideFadeLeftTwoWay</include>
			<include condition="!Skin.HasSetting(NoAnimationInSkin)">TempEvoSlideFadeLeftTwoWayFastVisible</include>
			<control type="group">
                    		<left>-108</left>
				<include content="TempEvoModelListHorizontalRounded">
					<param name="leftmodel_visible" value="false" />
					<param name="modelkey_size" value="108" />
					<param name="modelkey_color" value="CC000000" />
					<param name="dimensionkey_size" value="dim108" />
				</include>
			</control>
			<top>108</top>
                    	<left>0</left>
			<width>396</width>
			<height>108</height>
			<control type="group">
				<animation type="Conditional" condition="Player.Paused" loop="true">
            				<effect type="fade" start="100" end="100" tween="cubic" easing="out" time="180" delay="920"/>
            				<effect type="fade" start="100" end="100" tween="cubic" easing="out" time="180" delay="4640"/>
            				<effect type="Slide" end="46,0" tween="cubic" easing="inout" time="180" delay="4820"/>
				</animation>
				<left>64</left>
				<top>18</top>
				<width>28</width>
				<height>72</height>
				<control type="image">
					<animation type="Conditional" condition="Player.Paused" loop="true">
						<effect type="zoom" start="100,0" end="100,100" center="0,14" tween="cubic" easing="out" time="180" delay="920"/>
						<effect type="zoom" start="100,100" end="100,0" center="0,58" tween="cubic" easing="out" time="180" delay="4640"/>
            					<effect type="fade" start="100" end="100" tween="cubic" easing="out" time="180" delay="4820"/>
					</animation>
	                        	<left>0</left>
	                        	<posy>14</posy>
					<width>28</width>
					<height>44</height>
	                        	<aspectratio>stretch</aspectratio>
	                        	<texture>colors/white.png</texture>
					<colordiffuse>textActive</colordiffuse>
	                        	<bordersize>0</bordersize>
				</control>
				<control type="image">
					<animation type="Conditional" condition="Player.Paused" loop="true">
            					<effect type="slide" start="0,0" end="0,0" tween="cubic" easing="out" time="180" delay="920"/>
            					<effect type="slide" start="0,0" end="0,44" tween="cubic" easing="out" time="180" delay="4640"/>
            					<effect type="fade" start="100" end="100" tween="cubic" easing="out" time="180" delay="4820"/>
					</animation>
	                        	<left>0</left>
	                        	<posy>0</posy>
					<width>28</width>
					<height>28</height>
	                        	<aspectratio>stretch</aspectratio>
	                        	<texture>shape/dim72/roundedsquare.png</texture>
					<colordiffuse>textActive</colordiffuse>
	                        	<bordersize>0</bordersize>
				</control>
				<control type="image">
					<animation type="Conditional" condition="Player.Paused" loop="true">
            					<effect type="slide" start="0,0" end="0,44" tween="cubic" easing="out" time="180" delay="920"/>
            					<effect type="slide" start="0,0" end="0,0" tween="cubic" easing="out" time="180" delay="4640"/>
            					<effect type="fade" start="100" end="100" tween="cubic" easing="out" time="180" delay="4820"/>
					</animation>
	                        	<left>0</left>
	                        	<posy>0</posy>
					<width>28</width>
					<height>28</height>
	                        	<aspectratio>stretch</aspectratio>
	                        	<texture>shape/dim72/roundedsquare.png</texture>
					<colordiffuse>textActive</colordiffuse>
	                        	<bordersize>0</bordersize>
				</control>
			</control>
			<control type="group">
				<animation type="Conditional" condition="Player.Paused" loop="true">
            				<effect type="fade" start="100" end="100" tween="cubic" easing="out" time="180" delay="920"/>
            				<effect type="fade" start="100" end="100" tween="cubic" easing="out" time="180" delay="4640"/>
            				<effect type="Slide" end="-46,0" tween="cubic" easing="inout" time="180" delay="4820"/>
				</animation>
				<left>110</left>
				<top>18</top>
				<width>28</width>
				<height>72</height>
				<control type="image">
					<animation type="Conditional" condition="Player.Paused" loop="true">
						<effect type="zoom" start="100,0" end="100,100" center="0,58" tween="cubic" easing="out" time="180" delay="920"/>
						<effect type="zoom" start="100,100" end="100,0" center="0,14" tween="cubic" easing="out" time="180" delay="4640"/>
            					<effect type="fade" start="100" end="100" tween="cubic" easing="out" time="180" delay="4820"/>
					</animation>
	                        	<left>0</left>
	                        	<bottom>14</bottom>
					<width>28</width>
					<height>44</height>
	                        	<aspectratio>stretch</aspectratio>
	                        	<texture>colors/white.png</texture>
					<colordiffuse>textActive</colordiffuse>
	                        	<bordersize>0</bordersize>
				</control>
				<control type="image">
					<animation type="Conditional" condition="Player.Paused" loop="true">
            					<effect type="slide" start="0,0" end="0,0" tween="cubic" easing="out" time="180" delay="920"/>
            					<effect type="slide" start="0,0" end="0,-44" tween="cubic" easing="out" time="180" delay="4640"/>
            					<effect type="fade" start="100" end="100" tween="cubic" easing="out" time="180" delay="4820"/>
					</animation>
	                        	<left>0</left>
	                        	<bottom>0</bottom>
					<width>28</width>
					<height>28</height>
	                        	<aspectratio>stretch</aspectratio>
	                        	<texture>shape/dim72/roundedsquare.png</texture>
					<colordiffuse>textActive</colordiffuse>
	                        	<bordersize>0</bordersize>
				</control>
				<control type="image">
					<animation type="Conditional" condition="Player.Paused" loop="true">
            					<effect type="slide" start="0,0" end="0,-44" tween="cubic" easing="out" time="180" delay="920"/>
            					<effect type="slide" start="0,0" end="0,0" tween="cubic" easing="out" time="180" delay="4640"/>
            					<effect type="fade" start="100" end="100" tween="cubic" easing="out" time="180" delay="4820"/>
					</animation>
	                        	<left>0</left>
	                        	<bottom>0</bottom>
					<width>28</width>
					<height>28</height>
	                        	<aspectratio>stretch</aspectratio>
	                        	<texture>shape/dim72/roundedsquare.png</texture>
					<colordiffuse>textActive</colordiffuse>
	                        	<bordersize>0</bordersize>
				</control>
			</control>
                        <control type="label">
				<posy>18</posy>
				<posx>162</posx>
				<width>216</width>
				<height>30</height>
                          	<aligny>center</aligny>
				<font>Font28Medium</font>
				<textcolor>textActive</textcolor>
				<label>14086</label>
				<shadowcolor></shadowcolor>
			</control>
                        <control type="label">
				<posy>44</posy>
				<posx>162</posx>
				<width>216</width>
				<height>54</height>
                       		<aligny>center</aligny>
                      		<font>Font42Bold</font>
                       		<textcolor>textActive</textcolor>
                     		<label>112</label>
                       		<shadowcolor></shadowcolor>
                        </control>
		</control>
		<control type="group">
			<visible>Player.Seeking</visible>
			<include condition="!Skin.HasSetting(NoAnimationInSkin)">TempEvoSlideFadeLeftTwoWay</include>
			<include condition="!Skin.HasSetting(NoAnimationInSkin)">TempEvoSlideFadeLeftTwoWayFastVisible</include>
			<animation type="Conditional" condition="Player.Paused|[Player.Forwarding | Player.Rewinding]|Player.IsTempo">
            			<effect type="Slide" end="0,126" tween="cubic" easing="inout" time="180" delay="0"/>
			</animation>
			<control type="group">
                    		<left>-108</left>
				<include content="TempEvoModelListHorizontalRounded">
					<param name="leftmodel_visible" value="false" />
					<param name="modelkey_size" value="108" />
					<param name="modelkey_color" value="CC000000" />
					<param name="dimensionkey_size" value="dim108" />
				</include>
			</control>
			<top>108</top>
                    	<left>0</left>
			<width>396</width>
			<height>108</height>
			<control type="group">
				<left>64</left>
				<top>18</top>
				<width>72</width>
				<height>36</height>
				<control type="image">
	                        	<left>0</left>
	                        	<posy>17</posy>
					<width>72</width>
					<height>2</height>
	                        	<aspectratio>stretch</aspectratio>
	                        	<texture>colors/white.png</texture>
	                        	<bordersize>0</bordersize>
				</control>
				<control type="image">
					<animation type="Conditional" condition="Player.Seeking" loop="true">
            					<effect type="slide" start="0,0" end="36,0" tween="cubic" easing="out" time="180" delay="360"/>
            					<effect type="slide" end="-18,0" tween="cubic" easing="out" time="180" delay="720"/>
            					<effect type="slide" end="-18,0" tween="cubic" easing="out" time="180" delay="1080"/>
            					<effect type="slide" end="27,0" tween="cubic" easing="out" time="180" delay="1440"/>
            					<effect type="slide" end="-9,0" tween="cubic" easing="out" time="180" delay="1800"/>
            					<effect type="slide" end="18,0" tween="cubic" easing="out" time="180" delay="2160"/>
            					<effect type="slide" end="-36,0" tween="cubic" easing="out" time="180" delay="2520"/>
					</animation>
	                        	<left>0</left>
	                        	<posy>9</posy>
					<width>18</width>
					<height>18</height>
	                        	<aspectratio>stretch</aspectratio>
	                        	<texture>shape/dim72/circle.png</texture>
	                        	<bordersize>0</bordersize>
				</control>
			</control>
			<control type="progress">
				<visible>Player.Seeking + !VideoPlayer.HasEPG</visible>
		                <description>Progress Bar</description>
				<left>0</left>
				<right>8</right>
				<bottom>0</bottom>
		                <height>8</height>
		                <texturebg colordiffuse="overlay">colors/white.png</texturebg>
		                <midtexture colordiffuse="highlight">colors/white.png</midtexture>
		                <info>player.seekbar</info>
		        </control>
			<control type="progress">
				<visible>Player.Seeking + VideoPlayer.HasEPG</visible>
		                <description>Progress Bar</description>
				<left>0</left>
				<right>8</right>
				<bottom>0</bottom>
		                <height>8</height>
		                <texturebg colordiffuse="overlay">colors/white.png</texturebg>
		                <midtexture colordiffuse="highlight">colors/white.png</midtexture>
		                <info>pvr.timeshiftseekbar</info>
		        </control>
                        <control type="label">
				<visible>Player.Seeking + !VideoPlayer.HasEPG</visible>
				<posy>6</posy>
				<posx>162</posx>
				<width>216</width>
				<height>54</height>
                       		<aligny>center</aligny>
                      		<font>Font42Bold</font>
                       		<textcolor>textActive</textcolor>
                     		<label>$INFO[Player.SeekStepSize]</label>
                       		<shadowcolor></shadowcolor>
                        </control>
                        <control type="label">
				<visible>Player.Seeking + !VideoPlayer.HasEPG</visible>
				<posy>54</posy>
				<posx>64</posx>
				<width>324</width>
				<height>39</height>
                          	<aligny>center</aligny>
				<font>Font28Medium</font>
				<textcolor>textActive</textcolor>
				<label>$INFO[Player.SeekTime]$INFO[Player.Duration, / ,]</label>
				<shadowcolor></shadowcolor>
			</control>
                        <control type="label">
				<visible>Player.Seeking + VideoPlayer.HasEPG</visible>
				<posy>54</posy>
				<posx>64</posx>
				<width>324</width>
				<height>39</height>
                          	<aligny>center</aligny>
				<font>Font28Medium</font>
				<textcolor>textActive</textcolor>
				<label>$INFO[PVR.EpgEventDuration]</label>
				<shadowcolor></shadowcolor>
			</control>
                        <control type="label">
				<visible>Player.Seeking + VideoPlayer.HasEPG</visible>
				<posy>6</posy>
				<posx>162</posx>
				<width>216</width>
				<height>54</height>
                       		<aligny>center</aligny>
                      		<font>Font42Bold</font>
                       		<textcolor>textActive</textcolor>
                     		<label>$INFO[PVR.EpgEventSeekTime]</label>
                       		<shadowcolor></shadowcolor>
                        </control>
		</control>
		<control type="group">
			<visible>!String.IsEmpty(Player.SeekNumeric)</visible>
			<include condition="!Skin.HasSetting(NoAnimationInSkin)">TempEvoSlideFadeLeftTwoWay</include>
			<include condition="!Skin.HasSetting(NoAnimationInSkin)">TempEvoSlideFadeLeftTwoWayFastVisible</include>
			<animation type="Conditional" condition="Player.Paused|[Player.Forwarding | Player.Rewinding]|Player.IsTempo">
            			<effect type="Slide" end="0,126" tween="cubic" easing="inout" time="180" delay="0"/>
			</animation>
			<control type="group">
                    		<left>-108</left>
				<include content="TempEvoModelListHorizontalRounded">
					<param name="leftmodel_visible" value="false" />
					<param name="modelkey_size" value="108" />
					<param name="modelkey_color" value="CC000000" />
					<param name="dimensionkey_size" value="dim108" />
				</include>
			</control>
			<top>108</top>
                    	<left>0</left>
			<width>396</width>
			<height>108</height>
			<control type="label">
				<posy>18</posy>
				<posx>64</posx>
		    		<width>72</width>
			    	<height>72</height>
				<font>symbolSize72</font>
				<align>center</align>
				<aligny>center</aligny>
				<textcolor>textActive</textcolor>
				<shadowcolor></shadowcolor>
				<label></label>
			</control>
                        <control type="label">
				<posy>18</posy>
				<posx>162</posx>
				<width>216</width>
				<height>30</height>
                          	<aligny>center</aligny>
				<font>Font28Medium</font>
				<textcolor>textActive</textcolor>
				<label>773</label>
				<shadowcolor></shadowcolor>
			</control>
                        <control type="label">
				<posy>44</posy>
				<posx>162</posx>
				<width>216</width>
				<height>54</height>
                       		<aligny>center</aligny>
                      		<font>Font42Bold</font>
                       		<textcolor>textActive</textcolor>
                     		<label>$INFO[Player.SeekNumeric]</label>
                       		<shadowcolor></shadowcolor>
                        </control>
		</control>
		<control type="group">
			<visible>Player.Forwarding | Player.Rewinding</visible>
			<include condition="!Skin.HasSetting(NoAnimationInSkin)">TempEvoSlideFadeLeftTwoWay</include>
			<include condition="!Skin.HasSetting(NoAnimationInSkin)">TempEvoSlideFadeLeftTwoWayFastVisible</include>
			<control type="group">
                    		<left>-108</left>
				<include content="TempEvoModelListHorizontalRounded">
					<param name="leftmodel_visible" value="false" />
					<param name="modelkey_size" value="108" />
					<param name="modelkey_color" value="CC000000" />
					<param name="dimensionkey_size" value="dim108" />
				</include>
			</control>
			<top>108</top>
                    	<left>0</left>
			<width>396</width>
			<height>108</height>
			<control type="group">
				<animation type="Conditional" condition="Player.Rewinding">
            				<effect type="rotate" end="180" center="auto" time="0"/>
				</animation>
				<posy>18</posy>
				<posx>64</posx>
		    		<width>72</width>
			    	<height>72</height>
				<control type="label">
				<animation type="Conditional" condition="Player.Forwarding | Player.Rewinding" loop="true">
            				<effect type="slide" start="-18,0" end="0,0" tween="cubic" easing="out" time="180" delay="180"/>
            				<effect type="fade" start="0" end="100" tween="cubic" easing="out" time="180" delay="180"/>
            				<effect type="slide" start="0,0" end="18,0" tween="cubic" easing="out" time="180" delay="3180"/>
            				<effect type="fade" start="100" end="0" tween="cubic" easing="out" time="180" delay="3180"/>
            				<effect type="slide" start="0,0" end="0,0" tween="cubic" easing="out" time="180" delay="3270"/>
				</animation>
					<posy>9</posy>
					<posx>0</posx>
		    			<width>54</width>
			    		<height>54</height>
					<font>symbolSize54</font>
					<align>center</align>
					<aligny>center</aligny>
					<textcolor>textActive</textcolor>
					<shadowcolor></shadowcolor>
					<label></label>
				</control>
				<control type="label">
				<animation type="Conditional" condition="Player.Forwarding | Player.Rewinding" loop="true">
            				<effect type="slide" start="-18,0" end="0,0" tween="cubic" easing="out" time="180" delay="270"/>
            				<effect type="fade" start="0" end="100" tween="cubic" easing="out" time="180" delay="270"/>
            				<effect type="slide" start="0,0" end="18,0" tween="cubic" easing="out" time="180" delay="3270"/>
            				<effect type="fade" start="100" end="0" tween="cubic" easing="out" time="180" delay="3270"/>
				</animation>
					<posy>9</posy>
					<posx>18</posx>
		    			<width>54</width>
			    		<height>54</height>
					<font>symbolSize54</font>
					<align>center</align>
					<aligny>center</aligny>
					<textcolor>textActive</textcolor>
					<shadowcolor></shadowcolor>
					<label></label>
				</control>
			</control>
                        <control type="label">
				<posy>18</posy>
				<posx>162</posx>
				<width>216</width>
				<height>30</height>
                          	<aligny>center</aligny>
				<font>Font28Medium</font>
				<textcolor>textActive</textcolor>
				<label>224</label>
				<shadowcolor></shadowcolor>
			</control>
                        <control type="label">
				<posy>44</posy>
				<posx>162</posx>
				<width>216</width>
				<height>54</height>
                       		<aligny>center</aligny>
                      		<font>Font42Bold</font>
                       		<textcolor>textActive</textcolor>
                     		<label>$VAR[VideoPlayerForwardRewindVar]</label>
                       		<shadowcolor></shadowcolor>
                        </control>
		</control>
		<control type="group">
			<visible>Player.IsTempo</visible>
			<include condition="!Skin.HasSetting(NoAnimationInSkin)">TempEvoSlideFadeLeftTwoWay</include>
			<include condition="!Skin.HasSetting(NoAnimationInSkin)">TempEvoSlideFadeLeftTwoWayFastVisible</include>
			<control type="group">
                    		<left>-108</left>
				<include content="TempEvoModelListHorizontalRounded">
					<param name="leftmodel_visible" value="false" />
					<param name="modelkey_size" value="108" />
					<param name="modelkey_color" value="CC000000" />
					<param name="dimensionkey_size" value="dim108" />
				</include>
			</control>
			<top>108</top>
                    	<left>0</left>
			<width>396</width>
			<height>108</height>
			<control type="label">
				<posy>18</posy>
				<posx>64</posx>
		    		<width>72</width>
			    	<height>72</height>
				<font>symbolSize72</font>
				<align>center</align>
				<aligny>center</aligny>
				<textcolor>textActive</textcolor>
				<shadowcolor></shadowcolor>
				<label></label>
			</control>
                        <control type="label">
				<posy>18</posy>
				<posx>162</posx>
				<width>216</width>
				<height>30</height>
                          	<aligny>center</aligny>
				<font>Font28Medium</font>
				<textcolor>textActive</textcolor>
				<label>224</label>
				<shadowcolor></shadowcolor>
			</control>
                        <control type="label">
				<posy>44</posy>
				<posx>162</posx>
				<width>216</width>
				<height>54</height>
                       		<aligny>center</aligny>
                      		<font>Font42Bold</font>
                       		<textcolor>textActive</textcolor>
                     		<label>$INFO[Player.PlaySpeed]</label>
                       		<shadowcolor></shadowcolor>
                        </control>
		</control>


			<control type="group">
				<visible>[PVR.IsRecordingPlayingChannel + !Player.ChannelPreviewActive] | PVR.IsPlayingActiveRecording</visible>
				<animation effect="Slide" start="0,-252" end="0,0" tween="cubic" easing="out" time="300" delay="0">visible</animation>
				<animation effect="Slide" start="0,0" end="0,-252" tween="cubic" easing="out" time="300" delay="0">hidden</animation>
				<animation effect="Slide" start="0,-252" end="0,0" tween="cubic" easing="out" time="300" delay="0">windowopen</animation>
				<animation effect="Slide" start="0,0" end="0,-252" tween="cubic" easing="out" time="300" delay="0">windowclose</animation>
                    		<posy>72</posy>
                    		<posx>144</posx>
				<width>216</width>
				<height>108</height>
				<control type="image">
					<animation effect="Zoom" start="0,100" end="100,100" center="0,0" tween="cubic" easing="out" time="300" delay="300">windowopen</animation>
					<animation effect="Zoom" start="100,100" end="0,100" center="0,0" tween="cubic" easing="out" time="300" delay="0">windowclose</animation>
                    			<posx>54</posx>
                    			<posy>0</posy>
					<width>108</width>
					<height>108</height>
                    			<texture colordiffuse="FFFF0000">colors/white.png</texture>
               			</control>
				<control type="image">
					<animation effect="Slide" start="0,0" end="108,0" tween="cubic" easing="out" time="300" delay="300">windowopen</animation>
					<animation effect="Slide" start="108,0" end="0,0" tween="cubic" easing="out" time="300" delay="0">windowclose</animation>
                    			<posx>0</posx>
                    			<posy>0</posy>
					<width>108</width>
					<height>108</height>
                    			<texture diffuse="shape/statusbar/roundedsquare.png" colordiffuse="FFFF0000">colors/white.png</texture>
               			</control>
				<control type="image">
                    			<posx>0</posx>
                    			<posy>0</posy>
					<width>108</width>
					<height>108</height>
                    			<texture diffuse="shape/statusbar/roundedsquare.png" colordiffuse="FFFF0000">colors/white.png</texture>
               			</control>
				<control type="label">
					<animation type="windowopen">
						<effect type="fade" start="0" end="100" time="300" delay="200"/>
					</animation>
					<animation type="windowclose">
						<effect type="fade" start="100" end="0" time="300"/>
        				</animation>
					<posy>0</posy>
					<posx>18</posx>
		    			<width>180</width>
					<height>108</height>
					<font>Font24Medium</font>
					<aligny>center</aligny>
					<textcolor>FFFFFFFF</textcolor>
					<wrapmultiline>true</wrapmultiline>
					<shadowcolor></shadowcolor>
					<label>$LOCALIZE[19158]</label>
				</control>
			</control>
			<control type="group">
				<visible>!String.IsEmpty(PVR.ChannelNumberInput)</visible>
				<animation effect="Slide" start="0,0" end="0,144" tween="cubic" easing="out" time="300" delay="0" condition="[Player.ChannelPreviewActive | Player.ShowInfo] + VideoPlayer.Content(LiveTV)">Conditional</animation>
				<animation type="Visible">
					<effect type="slide" start="-360,0" end="0,0" tween="quadratic" easing="out" time="180" delay="0"/>
				</animation>
				<animation type="Hidden">
					<effect type="slide" start="0,0" end="-360,0" tween="quadratic" easing="out" time="360" delay="0"/>
				</animation>
				<animation type="windowopen">
					<effect type="slide" start="-360,0" end="0,0" tween="quadratic" easing="out" time="180" delay="0"/>
				</animation>
				<animation type="windowclose">
					<effect type="slide" start="0,0" end="-360,0" tween="quadratic" easing="out" time="360" delay="0"/>
        			</animation>
				<top>180</top>
                    		<left>0</left>
				<width>360</width>
				<height>289</height>
				<include content="TempEvoModelDialogRightRounded">
					<param name="modelkey_size" value="144" />
					<param name="modelkey_color" value="CC000000" />
					<param name="dimensionkey_size" value="dim144" />
				</include>
				<control type="label">
					<posx>64</posx>
		    			<width>252</width>
					<height>108</height>
					<font>Font36Medium</font>
					<aligny>center</aligny>
					<textcolor>FFFFFFFF</textcolor>
					<wrapmultiline>true</wrapmultiline>
					<shadowcolor></shadowcolor>
					<label>$LOCALIZE[19103]</label>
				</control>
				<control type="label">
					<bottom>0</bottom>
					<right>18</right>
		    			<width>324</width>
					<height>180</height>
					<font>Font180Bold</font>
					<aligny>center</aligny>
					<align>right</align>
					<textcolor>CC808080</textcolor>
					<shadowcolor></shadowcolor>
					<label>$INFO[PVR.ChannelNumberInput]</label>
				</control>
			</control>
			<control type="group">
				<visible>[Player.ChannelPreviewActive | Player.ShowInfo] + VideoPlayer.Content(LiveTV)</visible>
				<animation type="Visible">
					<effect type="slide" start="0,-288" end="0,0" tween="quadratic" easing="out" time="180" delay="0"/>
				</animation>
				<animation type="Hidden">
					<effect type="slide" start="0,0" end="0,-288" tween="quadratic" easing="out" time="360" delay="500"/>
				</animation>
				<animation type="windowopen">
					<effect type="slide" start="0,-288" end="0,0" tween="quadratic" easing="out" time="180" delay="0"/>
				</animation>
				<animation type="windowclose">
					<effect type="slide" start="0,0" end="0,-288" tween="quadratic" easing="out" time="360" delay="500"/>
        			</animation>
				<top>0</top>
                    		<left>0</left>
				<width>936</width>
				<height>289</height>
				<include content="TempEvoModelDialogBottomRightRounded">
					<param name="modelkey_size" value="288" />
					<param name="modelkey_color" value="CC000000" />
					<param name="dimensionkey_size" value="dim288" />
				</include>
				<control type="label">
					<bottom>0</bottom>
					<right>18</right>
		    			<width>360</width>
					<height>180</height>
					<font>Font180Bold</font>
					<aligny>center</aligny>
					<align>right</align>
					<textcolor>CC808080</textcolor>
					<shadowcolor></shadowcolor>
					<label>$INFO[VideoPlayer.ChannelNumberLabel]</label>
				</control>
				<control type="label">
					<posx>64</posx>
					<bottom>18</bottom>
		    			<width>846</width>
					<height>48</height>
					<font>Font32Medium</font>
					<aligny>center</aligny>
					<textcolor>FFFFFFFF</textcolor>
					<wrapmultiline>true</wrapmultiline>
					<shadowcolor>80000000</shadowcolor>
					<label fallback="(EPG) $LOCALIZE[10005]">$INFO[VideoPlayer.Title]</label>
				</control>
				<control type="label">
					<bottom>72</bottom>
					<posx>64</posx>
		    			<width>846</width>
					<height>54</height>
					<font>Font54Bold</font>
					<aligny>center</aligny>
					<textcolor>FFFFFFFF</textcolor>
					<shadowcolor>80000000</shadowcolor>
					<label>$INFO[VideoPlayer.ChannelName]</label>
				</control>
				<control type="label">
					<visible>![Player.ShowInfo + !Player.ChannelPreviewActive]</visible>
					<bottom>126</bottom>
					<posx>64</posx>
		    			<width>846</width>
					<height>38</height>
					<font>Font36Medium</font>
					<aligny>center</aligny>
					<textcolor>FFFFFFFF</textcolor>
					<shadowcolor>80000000</shadowcolor>
					<label>$LOCALIZE[19103]</label>
				</control>
				<control type="label">
					<visible>Player.ShowInfo + !Player.ChannelPreviewActive</visible>
					<bottom>126</bottom>
					<posx>64</posx>
		    			<width>846</width>
					<height>38</height>
					<font>Font36Medium</font>
					<aligny>center</aligny>
					<textcolor>FFFFFFFF</textcolor>
					<shadowcolor>80000000</shadowcolor>
					<label>$LOCALIZE[19323]</label>
				</control>
			</control>
	</include>
	<include name="DialogSlider">
        	<control type="group" id="9999">
			<include condition="!Skin.HasSetting(NoAnimationInSkin)">TempEvoSlideFadeDownTwoWayFast</include>
			<bottom>72</bottom>
                    	<left>192</left>
	    		<right>192</right>
			<height>216</height>
            		<control type="group">
                    		<posy>0</posy>
				<height>216</height>
				<include content="TempEvoModelListHorizontalRounded">
					<param name="modelkey_size" value="216" />
					<param name="modelkey_color" value="sorotbright" />
					<param name="dimensionkey_size" value="dim216" />
				</include>
				<include content="TempEvoModelListHorizontalRounded">
					<param name="modelkey_size" value="216" />
					<param name="modelkey_color" value="CC000000" />
					<param name="dimensionkey_size" value="dim216" />
				</include>
		        </control>
			<control type="group">
				<right>0</right>
				<bottom>0</bottom>
				<width>216</width>
				<height>216</height>
				<control type="image">
	                        	<left>0</left>
	                        	<bottom>0</bottom>
	                        	<aspectratio>stretch</aspectratio>
	                        	<texture>shape/dim216/roundedsquare.png</texture>
	                        	<bordersize>0</bordersize>
	                     	  	<colordiffuse>CC000000</colordiffuse>
				</control>
			</control>
            		<control type="grouplist" id="9000">
                		<description>control area</description>
				<right>18</right>
				<bottom>18</bottom>
				<width>198</width>
				<height>180</height>
				<onleft>Control.SetFocus(11)</onleft>
				<control type="button" id="199">
					<description>Cancel</description>
					<font>Font20Bold</font>
					<label>$LOCALIZE[31610]</label>
					<width>198</width>
	                       		<height>54</height>
                                	<align>left</align>
					<textcolor>textActive</textcolor>
					<focusedcolor>textActive</focusedcolor>
					<textoffsetx>9</textoffsetx>
							<texturefocus colordiffuse="sorotdark" border="8">shape/dim72/roundedright.png</texturefocus>
					<onclick>back</onclick>
				</control>
            		</control>
			<control type="group">
	    			<right>228</right>
        			<control type="label" id="2">
					<visible>String.isEmpty(Control.GetLabel(10))</visible>
					<animation type="windowopen">
            					<effect type="fade" start="0" end="100" delay="200" time="200"/>
        				</animation>
					<animation type="windowclose">
            					<effect type="fade" start="100" end="0" delay="0" time="100"/>
        				</animation>
                         		<description>TitleWindow</description>
					<posx>36</posx>
                         		<posy>36</posy>
                         		<font>Font42Bold</font>
                         		<width>auto</width>
                         		<height>72</height>
					<aligny>center</aligny>
                     			<textcolor>FFFFFFFF</textcolor>
					<label>$LOCALIZE[10145]</label>
             			</control>
        			<control type="label" id="10">
					<animation type="windowopen">
            					<effect type="fade" start="0" end="100" delay="200" time="200"/>
        				</animation>
					<animation type="windowclose">
            					<effect type="fade" start="100" end="0" delay="0" time="100"/>
        				</animation>
                         		<description>TitleWindow</description>
					<posx>36</posx>
                         		<posy>36</posy>
                         		<font>Font42Bold</font>
                         		<width>auto</width>
                         		<height>72</height>
					<aligny>center</aligny>
                     			<textcolor>FFFFFFFF</textcolor>
					<label></label>
             			</control>
                        	<control type="label" id="12">
					<posy>36</posy>
					<right>0</right>
					<width>50%</width>
				        <height>72</height>
                            		<align>right</align>
                            		<aligny>center</aligny>
                            		<font>Font48Bold</font>
                            		<textcolor>textActive</textcolor>
                            		<label>$INFO[Player.SeekNumeric]</label>
                            		<shadowcolor></shadowcolor>
                        	</control>
				<control type="slider" id="11">
					<description>Slider</description>
					<left>36</left>
					<bottom>36</bottom>
					<height>36</height>
					<onleft>11</onleft>
					<onright>11</onright>
					<onup>11</onup>
					<ondown>9000</ondown>
					<orientation>horizontal</orientation>
					<texturesliderbar colordiffuse="overlay">colors/white.png</texturesliderbar>
					<textureslidernib colordiffuse="sorotbright">colors/white.png</textureslidernib>
					<textureslidernibfocus colordiffuse="highlight">colors/white.png</textureslidernibfocus>
                			<texturefocus colordiffuse="40eaeaea">colors/white.png</texturefocus>
				</control>
			</control>
		</control>
	</include>
	<include name="DialogTextViewer">
        	<control type="group" id="9999">
			<include condition="!Skin.HasSetting(NoAnimationInSkin)">fadeInOut</include>
			<right>64</right>
			<bottom>36</bottom>
			<width>612</width>
			<height>864</height>
        <animation type="Windowopen">
            <effect type="slide" start="720,0" end="0,0" tween="cubic" easing="out" time="300"/>
        </animation>
        <animation type="Windowclose">
            <effect type="slide" start="0,0" end="720,0" tween="cubic" easing="out" time="300"/>
        </animation>
				<include content="TempEvoModelDialogRounded">
					<param name="modelkey_size" value="180" />
					<param name="modelkey_color" value="sorotdark" />
					<param name="dimensionkey_size" value="dim180" />
				</include>
				<include content="TempEvoModelDialogRounded">
					<param name="modelkey_size" value="180" />
					<param name="modelkey_color" value="80000000" />
					<param name="dimensionkey_size" value="dim180" />
				</include>
		<control type="group">
			<right>36</right>
        	<control type="label" id="1">
				<animation type="windowopen">
            				<effect type="fade" start="0" end="100" delay="200" time="200"/>
        			</animation>
				<animation type="windowclose">
            				<effect type="fade" start="100" end="0" delay="0" time="100"/>
        			</animation>
                         	<description>TitleWindow</description>
				<posx>36</posx>
                         	<posy>0</posy>
                         	<font>Font28Bold</font>
                         	<width>auto</width>
                         	<height>90</height>
				<aligny>center</aligny>
                     		<textcolor>FFFFFFFF</textcolor>
				<label>$LOCALIZE[13406]</label>
             		</control>
					<control type="group" id="9001">
					<animation type="windowopen">
            					<effect type="fade" start="0" end="100" delay="200" time="200"/>
        				</animation>
					<animation type="windowclose">
            					<effect type="fade" start="100" end="0" delay="0" time="100"/>
        				</animation>
					<bottom>36</bottom>
				<posx>36</posx>
                    			<width>540</width>
					<height>738</height>
            <control type="textbox" id="5">
                <description>textarea</description>
                <font>Font24Regular</font>
				<pagecontrol>61</pagecontrol>
            </control>
            			</control>
					<control type="scrollbar" id="61">
                   				<right>18</right>
                 				<posy>36</posy>
                    				<width>6</width>
                   				<height>738</height>
						<orientation>vertical</orientation>
					</control>
			</control>
		</control>
	</include>
	<include name="DialogVolumeBar">
        	<control type="group">
			<control type="progress" id="20">
				<visible>false</visible>
            			<info>Player.Volume</info>
        		</control>
            	</control>
        	<control type="group" id="9999">
                   	<right>64</right>
                 	<top>126</top>
			<width>288</width>
			<height>72</height>
			<control type="group">
				<animation effect="slide" start="0,0" end="0,108" time="180" delay="0" condition="Window.isActive(notification)">Conditional</animation>
				<include>TempEvoSlideFadeUpTwoWayFast</include>
				<include content="TempEvoModelListHorizontalRounded">
					<param name="modelkey_size" value="72" />
					<param name="modelkey_color" value="80000000" />
					<param name="dimensionkey_size" value="dim72" />
				</include>
				<control type="group">
						<animation effect="zoom" end="100,100" tween="sine" easing="inout" time="180" center="0,129" condition="String.isEqual(Control.getlabel(20),100)" reversible="false">Conditional</animation>
						<animation effect="zoom" end="99,100" tween="sine" easing="inout" time="180" center="0,129" condition="String.isEqual(Control.getlabel(20),99)" reversible="true">Conditional</animation>
						<animation effect="zoom" end="98,100" tween="sine" easing="inout" time="180" center="0,129" condition="String.isEqual(Control.getlabel(20),98)" reversible="true">Conditional</animation>
						<animation effect="zoom" end="97,100" tween="sine" easing="inout" time="180" center="0,129" condition="String.isEqual(Control.getlabel(20),97)" reversible="true">Conditional</animation>
						<animation effect="zoom" end="96,100" tween="sine" easing="inout" time="180" center="0,129" condition="String.isEqual(Control.getlabel(20),96)" reversible="true">Conditional</animation>
						<animation effect="zoom" end="95,100" tween="sine" easing="inout" time="180" center="0,129" condition="String.isEqual(Control.getlabel(20),95)" reversible="true">Conditional</animation>
						<animation effect="zoom" end="94,100" tween="sine" easing="inout" time="180" center="0,129" condition="String.isEqual(Control.getlabel(20),94)" reversible="true">Conditional</animation>
						<animation effect="zoom" end="93,100" tween="sine" easing="inout" time="180" center="0,129" condition="String.isEqual(Control.getlabel(20),93)" reversible="true">Conditional</animation>
						<animation effect="zoom" end="92,100" tween="sine" easing="inout" time="180" center="0,129" condition="String.isEqual(Control.getlabel(20),92)" reversible="true">Conditional</animation>
						<animation effect="zoom" end="91,100" tween="sine" easing="inout" time="180" center="0,129" condition="String.isEqual(Control.getlabel(20),91)" reversible="true">Conditional</animation>
						<animation effect="zoom" end="90,100" tween="sine" easing="inout" time="180" center="0,129" condition="String.isEqual(Control.getlabel(20),90)" reversible="true">Conditional</animation>
						<animation effect="zoom" end="89,100" tween="sine" easing="inout" time="180" center="0,129" condition="String.isEqual(Control.getlabel(20),89)" reversible="true">Conditional</animation>
						<animation effect="zoom" end="88,100" tween="sine" easing="inout" time="180" center="0,129" condition="String.isEqual(Control.getlabel(20),88)" reversible="true">Conditional</animation>
						<animation effect="zoom" end="87,100" tween="sine" easing="inout" time="180" center="0,129" condition="String.isEqual(Control.getlabel(20),87)" reversible="true">Conditional</animation>
						<animation effect="zoom" end="86,100" tween="sine" easing="inout" time="180" center="0,129" condition="String.isEqual(Control.getlabel(20),86)" reversible="true">Conditional</animation>
						<animation effect="zoom" end="85,100" tween="sine" easing="inout" time="180" center="0,129" condition="String.isEqual(Control.getlabel(20),85)" reversible="true">Conditional</animation>
						<animation effect="zoom" end="84,100" tween="sine" easing="inout" time="180" center="0,129" condition="String.isEqual(Control.getlabel(20),84)" reversible="true">Conditional</animation>
						<animation effect="zoom" end="83,100" tween="sine" easing="inout" time="180" center="0,129" condition="String.isEqual(Control.getlabel(20),83)" reversible="true">Conditional</animation>
						<animation effect="zoom" end="82,100" tween="sine" easing="inout" time="180" center="0,129" condition="String.isEqual(Control.getlabel(20),82)" reversible="true">Conditional</animation>
						<animation effect="zoom" end="81,100" tween="sine" easing="inout" time="180" center="0,129" condition="String.isEqual(Control.getlabel(20),81)" reversible="true">Conditional</animation>
						<animation effect="zoom" end="80,100" tween="sine" easing="inout" time="180" center="0,129" condition="String.isEqual(Control.getlabel(20),80)" reversible="true">Conditional</animation>
						<animation effect="zoom" end="79,100" tween="sine" easing="inout" time="180" center="0,129" condition="String.isEqual(Control.getlabel(20),79)" reversible="true">Conditional</animation>
						<animation effect="zoom" end="78,100" tween="sine" easing="inout" time="180" center="0,129" condition="String.isEqual(Control.getlabel(20),78)" reversible="true">Conditional</animation>
						<animation effect="zoom" end="77,100" tween="sine" easing="inout" time="180" center="0,129" condition="String.isEqual(Control.getlabel(20),77)" reversible="true">Conditional</animation>
						<animation effect="zoom" end="76,100" tween="sine" easing="inout" time="180" center="0,129" condition="String.isEqual(Control.getlabel(20),76)" reversible="true">Conditional</animation>
						<animation effect="zoom" end="75,100" tween="sine" easing="inout" time="180" center="0,129" condition="String.isEqual(Control.getlabel(20),75)" reversible="true">Conditional</animation>
						<animation effect="zoom" end="74,100" tween="sine" easing="inout" time="180" center="0,129" condition="String.isEqual(Control.getlabel(20),74)" reversible="true">Conditional</animation>
						<animation effect="zoom" end="73,100" tween="sine" easing="inout" time="180" center="0,129" condition="String.isEqual(Control.getlabel(20),73)" reversible="true">Conditional</animation>
						<animation effect="zoom" end="72,100" tween="sine" easing="inout" time="180" center="0,129" condition="String.isEqual(Control.getlabel(20),72)" reversible="true">Conditional</animation>
						<animation effect="zoom" end="71,100" tween="sine" easing="inout" time="180" center="0,129" condition="String.isEqual(Control.getlabel(20),71)" reversible="true">Conditional</animation>
						<animation effect="zoom" end="70,100" tween="sine" easing="inout" time="180" center="0,129" condition="String.isEqual(Control.getlabel(20),70)" reversible="true">Conditional</animation>
						<animation effect="zoom" end="69,100" tween="sine" easing="inout" time="180" center="0,129" condition="String.isEqual(Control.getlabel(20),69)" reversible="true">Conditional</animation>
						<animation effect="zoom" end="68,100" tween="sine" easing="inout" time="180" center="0,129" condition="String.isEqual(Control.getlabel(20),68)" reversible="true">Conditional</animation>
						<animation effect="zoom" end="67,100" tween="sine" easing="inout" time="180" center="0,129" condition="String.isEqual(Control.getlabel(20),67)" reversible="true">Conditional</animation>
						<animation effect="zoom" end="66,100" tween="sine" easing="inout" time="180" center="0,129" condition="String.isEqual(Control.getlabel(20),66)" reversible="true">Conditional</animation>
						<animation effect="zoom" end="65,100" tween="sine" easing="inout" time="180" center="0,129" condition="String.isEqual(Control.getlabel(20),65)" reversible="true">Conditional</animation>
						<animation effect="zoom" end="64,100" tween="sine" easing="inout" time="180" center="0,129" condition="String.isEqual(Control.getlabel(20),64)" reversible="true">Conditional</animation>
						<animation effect="zoom" end="63,100" tween="sine" easing="inout" time="180" center="0,129" condition="String.isEqual(Control.getlabel(20),63)" reversible="true">Conditional</animation>
						<animation effect="zoom" end="62,100" tween="sine" easing="inout" time="180" center="0,129" condition="String.isEqual(Control.getlabel(20),62)" reversible="true">Conditional</animation>
						<animation effect="zoom" end="61,100" tween="sine" easing="inout" time="180" center="0,129" condition="String.isEqual(Control.getlabel(20),61)" reversible="true">Conditional</animation>
						<animation effect="zoom" end="60,100" tween="sine" easing="inout" time="180" center="0,129" condition="String.isEqual(Control.getlabel(20),60)" reversible="true">Conditional</animation>
						<animation effect="zoom" end="59,100" tween="sine" easing="inout" time="180" center="0,129" condition="String.isEqual(Control.getlabel(20),59)" reversible="true">Conditional</animation>
						<animation effect="zoom" end="58,100" tween="sine" easing="inout" time="180" center="0,129" condition="String.isEqual(Control.getlabel(20),58)" reversible="true">Conditional</animation>
						<animation effect="zoom" end="57,100" tween="sine" easing="inout" time="180" center="0,129" condition="String.isEqual(Control.getlabel(20),57)" reversible="true">Conditional</animation>
						<animation effect="zoom" end="56,100" tween="sine" easing="inout" time="180" center="0,129" condition="String.isEqual(Control.getlabel(20),56)" reversible="true">Conditional</animation>
						<animation effect="zoom" end="55,100" tween="sine" easing="inout" time="180" center="0,129" condition="String.isEqual(Control.getlabel(20),55)" reversible="true">Conditional</animation>
						<animation effect="zoom" end="54,100" tween="sine" easing="inout" time="180" center="0,129" condition="String.isEqual(Control.getlabel(20),54)" reversible="true">Conditional</animation>
						<animation effect="zoom" end="53,100" tween="sine" easing="inout" time="180" center="0,129" condition="String.isEqual(Control.getlabel(20),53)" reversible="true">Conditional</animation>
						<animation effect="zoom" end="52,100" tween="sine" easing="inout" time="180" center="0,129" condition="String.isEqual(Control.getlabel(20),52)" reversible="true">Conditional</animation>
						<animation effect="zoom" end="51,100" tween="sine" easing="inout" time="180" center="0,129" condition="String.isEqual(Control.getlabel(20),51)" reversible="true">Conditional</animation>
						<animation effect="zoom" end="50,100" tween="sine" easing="inout" time="180" center="0,129" condition="String.isEqual(Control.getlabel(20),50)" reversible="true">Conditional</animation>
						<animation effect="zoom" end="49,100" tween="sine" easing="inout" time="180" center="0,129" condition="String.isEqual(Control.getlabel(20),49)" reversible="true">Conditional</animation>
						<animation effect="zoom" end="48,100" tween="sine" easing="inout" time="180" center="0,129" condition="String.isEqual(Control.getlabel(20),48)" reversible="true">Conditional</animation>
						<animation effect="zoom" end="47,100" tween="sine" easing="inout" time="180" center="0,129" condition="String.isEqual(Control.getlabel(20),47)" reversible="true">Conditional</animation>
						<animation effect="zoom" end="46,100" tween="sine" easing="inout" time="180" center="0,129" condition="String.isEqual(Control.getlabel(20),46)" reversible="true">Conditional</animation>
						<animation effect="zoom" end="45,100" tween="sine" easing="inout" time="180" center="0,129" condition="String.isEqual(Control.getlabel(20),45)" reversible="true">Conditional</animation>
						<animation effect="zoom" end="44,100" tween="sine" easing="inout" time="180" center="0,129" condition="String.isEqual(Control.getlabel(20),44)" reversible="true">Conditional</animation>
						<animation effect="zoom" end="43,100" tween="sine" easing="inout" time="180" center="0,129" condition="String.isEqual(Control.getlabel(20),43)" reversible="true">Conditional</animation>
						<animation effect="zoom" end="42,100" tween="sine" easing="inout" time="180" center="0,129" condition="String.isEqual(Control.getlabel(20),42)" reversible="true">Conditional</animation>
						<animation effect="zoom" end="41,100" tween="sine" easing="inout" time="180" center="0,129" condition="String.isEqual(Control.getlabel(20),41)" reversible="true">Conditional</animation>
						<animation effect="zoom" end="40,100" tween="sine" easing="inout" time="180" center="0,129" condition="String.isEqual(Control.getlabel(20),40)" reversible="true">Conditional</animation>
						<animation effect="zoom" end="39,100" tween="sine" easing="inout" time="180" center="0,129" condition="String.isEqual(Control.getlabel(20),39)" reversible="true">Conditional</animation>
						<animation effect="zoom" end="38,100" tween="sine" easing="inout" time="180" center="0,129" condition="String.isEqual(Control.getlabel(20),38)" reversible="true">Conditional</animation>
						<animation effect="zoom" end="37,100" tween="sine" easing="inout" time="180" center="0,129" condition="String.isEqual(Control.getlabel(20),37)" reversible="true">Conditional</animation>
						<animation effect="zoom" end="36,100" tween="sine" easing="inout" time="180" center="0,129" condition="String.isEqual(Control.getlabel(20),36)" reversible="true">Conditional</animation>
						<animation effect="zoom" end="35,100" tween="sine" easing="inout" time="180" center="0,129" condition="String.isEqual(Control.getlabel(20),35)" reversible="true">Conditional</animation>
						<animation effect="zoom" end="34,100" tween="sine" easing="inout" time="180" center="0,129" condition="String.isEqual(Control.getlabel(20),34)" reversible="true">Conditional</animation>
						<animation effect="zoom" end="33,100" tween="sine" easing="inout" time="180" center="0,129" condition="String.isEqual(Control.getlabel(20),33)" reversible="true">Conditional</animation>
						<animation effect="zoom" end="32,100" tween="sine" easing="inout" time="180" center="0,129" condition="String.isEqual(Control.getlabel(20),32)" reversible="true">Conditional</animation>
						<animation effect="zoom" end="31,100" tween="sine" easing="inout" time="180" center="0,129" condition="String.isEqual(Control.getlabel(20),31)" reversible="true">Conditional</animation>
						<animation effect="zoom" end="30,100" tween="sine" easing="inout" time="180" center="0,129" condition="String.isEqual(Control.getlabel(20),30)" reversible="true">Conditional</animation>
						<animation effect="zoom" end="29,100" tween="sine" easing="inout" time="180" center="0,129" condition="String.isEqual(Control.getlabel(20),29)" reversible="true">Conditional</animation>
						<animation effect="zoom" end="28,100" tween="sine" easing="inout" time="180" center="0,129" condition="String.isEqual(Control.getlabel(20),28)" reversible="true">Conditional</animation>
						<animation effect="zoom" end="27,100" tween="sine" easing="inout" time="180" center="0,129" condition="String.isEqual(Control.getlabel(20),27)" reversible="true">Conditional</animation>
						<animation effect="zoom" end="26,100" tween="sine" easing="inout" time="180" center="0,129" condition="String.isEqual(Control.getlabel(20),26)" reversible="true">Conditional</animation>
						<animation effect="zoom" end="25,100" tween="sine" easing="inout" time="180" center="0,129" condition="String.isEqual(Control.getlabel(20),25)" reversible="true">Conditional</animation>
						<animation effect="zoom" end="24,100" tween="sine" easing="inout" time="180" center="0,129" condition="String.isEqual(Control.getlabel(20),24)" reversible="true">Conditional</animation>
						<animation effect="zoom" end="23,100" tween="sine" easing="inout" time="180" center="0,129" condition="String.isEqual(Control.getlabel(20),23)" reversible="true">Conditional</animation>
						<animation effect="zoom" end="22,100" tween="sine" easing="inout" time="180" center="0,129" condition="String.isEqual(Control.getlabel(20),22)" reversible="true">Conditional</animation>
						<animation effect="zoom" end="21,100" tween="sine" easing="inout" time="180" center="0,129" condition="String.isEqual(Control.getlabel(20),21)" reversible="true">Conditional</animation>
						<animation effect="zoom" end="20,100" tween="sine" easing="inout" time="180" center="0,129" condition="String.isEqual(Control.getlabel(20),20)" reversible="true">Conditional</animation>
						<animation effect="zoom" end="19,100" tween="sine" easing="inout" time="180" center="0,129" condition="String.isEqual(Control.getlabel(20),19)" reversible="true">Conditional</animation>
						<animation effect="zoom" end="18,100" tween="sine" easing="inout" time="180" center="0,129" condition="String.isEqual(Control.getlabel(20),18)" reversible="true">Conditional</animation>
						<animation effect="zoom" end="17,100" tween="sine" easing="inout" time="180" center="0,129" condition="String.isEqual(Control.getlabel(20),17)" reversible="true">Conditional</animation>
						<animation effect="zoom" end="16,100" tween="sine" easing="inout" time="180" center="0,129" condition="String.isEqual(Control.getlabel(20),16)" reversible="true">Conditional</animation>
						<animation effect="zoom" end="15,100" tween="sine" easing="inout" time="180" center="0,129" condition="String.isEqual(Control.getlabel(20),15)" reversible="true">Conditional</animation>
						<animation effect="zoom" end="14,100" tween="sine" easing="inout" time="180" center="0,129" condition="String.isEqual(Control.getlabel(20),14)" reversible="true">Conditional</animation>
						<animation effect="zoom" end="13,100" tween="sine" easing="inout" time="180" center="0,129" condition="String.isEqual(Control.getlabel(20),13)" reversible="true">Conditional</animation>
						<animation effect="zoom" end="12,100" tween="sine" easing="inout" time="180" center="0,129" condition="String.isEqual(Control.getlabel(20),12)" reversible="true">Conditional</animation>
						<animation effect="zoom" end="11,100" tween="sine" easing="inout" time="180" center="0,129" condition="String.isEqual(Control.getlabel(20),11)" reversible="true">Conditional</animation>
						<animation effect="zoom" end="10,100" tween="sine" easing="inout" time="180" center="0,129" condition="String.isEqual(Control.getlabel(20),10)" reversible="true">Conditional</animation>
						<animation effect="zoom" end="9,100" tween="sine" easing="inout" time="180" center="0,129" condition="String.isEqual(Control.getlabel(20),9)" reversible="true">Conditional</animation>
						<animation effect="zoom" end="8,100" tween="sine" easing="inout" time="180" center="0,129" condition="String.isEqual(Control.getlabel(20),8)" reversible="true">Conditional</animation>
						<animation effect="zoom" end="7,100" tween="sine" easing="inout" time="180" center="0,129" condition="String.isEqual(Control.getlabel(20),7)" reversible="true">Conditional</animation>
						<animation effect="zoom" end="6,100" tween="sine" easing="inout" time="180" center="0,129" condition="String.isEqual(Control.getlabel(20),6)" reversible="true">Conditional</animation>
						<animation effect="zoom" end="5,100" tween="sine" easing="inout" time="180" center="0,129" condition="String.isEqual(Control.getlabel(20),5)" reversible="true">Conditional</animation>
						<animation effect="zoom" end="4,100" tween="sine" easing="inout" time="180" center="0,129" condition="String.isEqual(Control.getlabel(20),4)" reversible="true">Conditional</animation>
						<animation effect="zoom" end="3,100" tween="sine" easing="inout" time="180" center="0,129" condition="String.isEqual(Control.getlabel(20),3)" reversible="true">Conditional</animation>
						<animation effect="zoom" end="2,100" tween="sine" easing="inout" time="180" center="0,129" condition="String.isEqual(Control.getlabel(20),2)" reversible="true">Conditional</animation>
						<animation effect="zoom" end="1,100" tween="sine" easing="inout" time="180" center="0,129" condition="String.isEqual(Control.getlabel(20),1)" reversible="true">Conditional</animation>
						<animation effect="zoom" end="0,100,100" tween="sine" easing="inout" time="180" center="0,129" condition="String.isEqual(Control.getlabel(20),0)" reversible="true">Conditional</animation>
					<include content="TempEvoModelListHorizontalRounded">
						<param name="modelkey_size" value="72" />
						<param name="modelkey_color" value="sorotdark" />
						<param name="dimensionkey_size" value="dim72" />
					</include>
		           	</control>
	                        <control type="group">
					<width>288</width>
					<height>72</height>
					<control type="label">
						<left>0</left>
		    				<width>72</width>
						<height>72</height>
						<font>symbolSize36</font>
						<align>center</align>
						<aligny>center</aligny>
						<textcolor>FFFFFFFF</textcolor>
						<shadowcolor></shadowcolor>
						<label>$VAR[VolumeMedia]</label>
					</control>
                    			<control type="label">
						<right>0</right>
						<bottom>0</bottom>
                     				<font>Font36Bold</font>
                    				<width>90</width>
                     				<height>72</height>
						<aligny>center</aligny>
						<align>center</align>
						<label>$INFO[control.getlabel(20)]</label>
                    			</control>
		           	</control>
			</control>
		</control>
	</include>
</includes>