<?xml version="1.0" encoding="UTF-8"?>
<includes>
    <!-- List-small -->
    <include name="ListLayoutSmallSize">
        <param name="size_control">72</param>
        <param name="dimensionkey_size">dim72</param>
        <param name="font_forlabel">Font22Medium</param>
        <param name="visible_details">true</param>
        <param name="control_label1">$INFO[Listitem.Label]</param>
        <param name="control_label2">$INFO[Listitem.Label2]</param>
        <definition>
            <control type="image">
                <left>0</left>
                <width>$PARAM[size_control]</width>
                <height>$PARAM[size_control]</height>
                <texture diffuse="shape/$PARAM[dimensionkey_size]/roundedsquare.png"
                         background="true">$INFO[ListItem.icon]</texture>
                <colordiffuse>FFFFFFFF</colordiffuse>
                <bordersize>9</bordersize>
                <aspectratio scalediffuse="false">scale</aspectratio>
            </control>
            <control type="label">
                <left>$PARAM[size_control]</left>
                <height>$PARAM[size_control]</height>
                <aligny>center</aligny>
                <align>left</align>
                <font>$PARAM[font_forlabel]</font>
                <textcolor>FFFFFFFF</textcolor>
                <label>$PARAM[control_label1]</label>
            </control>
            <control type="label">
                <right>18</right>
                <height>$PARAM[size_control]</height>
                <aligny>center</aligny>
                <align>right</align>
                <font>$PARAM[font_forlabel]</font>
                <textcolor>FFFFFFFF</textcolor>
                <label>$PARAM[control_label2]</label>
            </control>
        </definition>
    </include>
    <include name="ListLayoutNormalSize">
        <param name="size_control">108</param>
        <param name="dimensionkey_size">dim108</param>
        <param name="visible_details">true</param>
        <param name="control_label1">$INFO[Listitem.Label]</param>
        <param name="control_label2">$INFO[Listitem.Label2]</param>
        <definition>
            <control type="image">
                <left>0</left>
                <width>$PARAM[size_control]</width>
                <height>$PARAM[size_control]</height>
                <texture diffuse="shape/$PARAM[dimensionkey_size]/roundedsquare.png"
                         background="true">$INFO[ListItem.icon]</texture>
                <colordiffuse>FFFFFFFF</colordiffuse>
                <bordersize>9</bordersize>
                <aspectratio scalediffuse="false">scale</aspectratio>
            </control>
            <control type="label">
                <centertop>36%</centertop>
                <left>$PARAM[size_control]</left>
                <height>54</height>
                <aligny>center</aligny>
                <align>left</align>
                <font>Font28Medium</font>
                <textcolor>FFFFFFFF</textcolor>
                <label>$PARAM[control_label1]</label>
            </control>
            <control type="label">
                <centertop>70%</centertop>
                <left>$PARAM[size_control]</left>
                <height>36</height>
                <aligny>center</aligny>
                <align>left</align>
                <font>Font22Regular</font>
                <textcolor>FFFFFFFF</textcolor>
                <label>$PARAM[control_label2]</label>
            </control>
        </definition>
    </include>
    <!-- Square -->
    <include name="MediaSquareLayout">
        <param name="size_layout">360</param>
        <param name="dimensionkey_size">dim360</param>
        <param name="font_forlabel">Font22Medium</param>
        <param name="visible_details">true</param>
        <definition>
            <control type="image">
                <posx>0</posx>
                <posy>0</posy>
                <width>$PARAM[size_layout]</width>
                <height>$PARAM[size_layout]</height>
                <aspectratio>stretch</aspectratio>
                <texture>shape/$PARAM[dimensionkey_size]/roundedsquare.png</texture>
                <colordiffuse>black</colordiffuse>
                <bordersize>0</bordersize>
            </control>
            <control type="image">
                <animation effect="fade"
                           time="300"
                           start="50"
                           end="100">Focus</animation>
                <animation effect="fade"
                           time="300"
                           start="100"
                           end="50">Unfocus</animation>
                <posx>0</posx>
                <posy>0</posy>
                <width>$PARAM[size_layout]</width>
                <height>$PARAM[size_layout]</height>
                <texture diffuse="shape/$PARAM[dimensionkey_size]/roundedsquare.png"
                         background="true">$INFO[ListItem.thumb]</texture>
                <colordiffuse>$PARAM[alpha_colors]FFFFFF</colordiffuse>
                <bordersize>0</bordersize>
                <fadetime>0</fadetime>
                <aspectratio scalediffuse="false">scale</aspectratio>
            </control>
            <control type="textbox">
                <visible>String.isEmpty(ListItem.thumb)</visible>
                <left>18</left>
                <right>18</right>
                <top>18</top>
                <bottom>18</bottom>
                <font>$PARAM[fontif_noimage]</font>
                <aligny>center</aligny>
                <label>$INFO[Listitem.Label]</label>
                <textcolor>80FFFFFF</textcolor>
            </control>
        </definition>
    </include>
    <!-- Poster -->
    <include name="MediaPosterLayout">
        <param name="size_width">240</param>
        <param name="size_height">360</param>
        <param name="dimensionkey_size">dim360</param>
        <param name="fontif_noimage">Font32Bold</param>
        <param name="visible_details">true</param>
        <definition>
            <control type="image">
                <posx>0</posx>
                <posy>0</posy>
                <width>$PARAM[size_width]</width>
                <height>$PARAM[size_height]</height>
                <aspectratio>stretch</aspectratio>
                <texture>shape/$PARAM[dimensionkey_size]/roundedposter.png</texture>
                <colordiffuse>black</colordiffuse>
                <bordersize>0</bordersize>
            </control>
            <control type="image">
                <animation effect="fade"
                           time="300"
                           start="50"
                           end="100">Focus</animation>
                <animation effect="fade"
                           time="300"
                           start="100"
                           end="50">Unfocus</animation>
                <posx>0</posx>
                <posy>0</posy>
                <width>$PARAM[size_width]</width>
                <height>$PARAM[size_height]</height>
                <texture diffuse="shape/$PARAM[dimensionkey_size]/roundedposter.png"
                         background="true">$INFO[ListItem.art(poster)]</texture>
                <colordiffuse>$PARAM[alpha_colors]FFFFFF</colordiffuse>
                <bordersize>0</bordersize>
                <fadetime>0</fadetime>
                <aspectratio>stretch</aspectratio>
            </control>
            <control type="textbox">
                <visible>String.isEmpty(Listitem.art(poster))</visible>
                <left>18</left>
                <right>18</right>
                <top>18</top>
                <bottom>18</bottom>
                <font>$PARAM[fontif_noimage]</font>
                <aligny>center</aligny>
                <label>$INFO[Listitem.Label]</label>
                <textcolor>80FFFFFF</textcolor>
            </control>
            <control type="group">
                <visible>$PARAM[visible_details]</visible>
                <visible>String.IsEqual(ListItem.DBtype,tvshow) | String.IsEqual(ListItem.DBType,season) | ListItem.IsRecording | ListItem.HasReminder | ListItem.HasTimer | ListItem.IsCollection | ListItem.HasVideoVersions | ListItem.IsPlaying | ListItem.IsResumable | ListItem.HasVideoExtras | ListItem.HasArchive | Integer.IsGreater(ListItem.Playcount,0)</visible>
                <include>$PARAM[ifvisiblechange_anim]</include>
                <width>$PARAM[size_width]</width>
                <height>$PARAM[size_height]</height>
                <control type="group">
                    <visible>ListItem.IsCollection | ListItem.HasVideoVersions| ListItem.HasVideoExtras</visible>
                    <right>18</right>
                    <bottom>64</bottom>
                    <width>28</width>
                    <height>28</height>
                    <control type="image">
                        <width>28</width>
                        <height>28</height>
                        <aspectratio>stretch</aspectratio>
                        <texture>shape/dim72/roundedsquare.png</texture>
                        <colordiffuse>80000000</colordiffuse>
                        <bordersize>0</bordersize>
                    </control>
                    <control type="label">
                        <width>28</width>
                        <height>28</height>
                        <font>symbolSize18</font>
                        <align>center</align>
                        <aligny>center</aligny>
                        <label>$VAR[ListItemTypeSymbol]</label>
                        <textcolor>textActive</textcolor>
                    </control>
                </control>
                <control type="group">
                    <visible>ListItem.IsRecording | ListItem.HasReminder | ListItem.HasTimer | ListItem.IsPlaying | ListItem.IsResumable | ListItem.HasArchive | Integer.IsGreater(ListItem.Playcount,0)</visible>
                    <right>18</right>
                    <bottom>18</bottom>
                    <width>28</width>
                    <height>28</height>
                    <control type="image">
                        <width>28</width>
                        <height>28</height>
                        <aspectratio>stretch</aspectratio>
                        <texture>shape/dim72/roundedsquare.png</texture>
                        <colordiffuse>80000000</colordiffuse>
                        <bordersize>0</bordersize>
                    </control>
                    <control type="label">
                        <width>28</width>
                        <height>28</height>
                        <font>symbolSize18</font>
                        <align>center</align>
                        <aligny>center</aligny>
                        <label>$VAR[ListItemStatusSymbol]</label>
                        <textcolor>textActive</textcolor>
                    </control>
                </control>
                <control type="label">
                    <visible>String.IsEqual(ListItem.DBtype,tvshow) | String.IsEqual(ListItem.DBtype,set) | String.IsEqual(ListItem.DBType,season)</visible>
                    <left>18</left>
                    <bottom>18</bottom>
                    <width>108</width>
                    <height>24</height>
                    <font>Font20Bold</font>
                    <align>left</align>
                    <aligny>center</aligny>
                    <label>$VAR[ListItemWatchedStatus]</label>
                    <textcolor>80000000</textcolor>
                </control>
            </control>
        </definition>
    </include>
    <!-- Landscape-Episode -->
    <include name="MediaLanskapLayout">
        <param name="size_width">512</param>
        <param name="size_height">288</param>
        <param name="dimensionkey_size">dim288</param>
        <param name="fontif_noimage">Font36Bold</param>
        <param name="visible_details">true</param>
        <definition>
            <control type="image">
                <posx>0</posx>
                <posy>0</posy>
                <width>$PARAM[size_width]</width>
                <height>$PARAM[size_height]</height>
                <aspectratio>stretch</aspectratio>
                <texture>shape/$PARAM[dimensionkey_size]/roundedlandscape.png</texture>
                <bordersize>0</bordersize>
                <colordiffuse>FF000000</colordiffuse>
            </control>
            <control type="textbox">
                <visible>String.isEmpty(ListItem.Title)</visible>
                <left>18</left>
                <right>18</right>
                <top>18</top>
                <bottom>18</bottom>
                <font>$PARAM[fontif_noimage]</font>
                <textcolor>textActive</textcolor>
                <aligny>center</aligny>
                <label>$INFO[ListItem.Label]</label>
            </control>
            <control type="image">
                <animation effect="fade"
                           time="300"
                           start="50"
                           end="100">Focus</animation>
                <animation effect="fade"
                           time="300"
                           start="100"
                           end="50">Unfocus</animation>
                <posx>0</posx>
                <posy>0</posy>
                <width>$PARAM[size_width]</width>
                <height>$PARAM[size_height]</height>
                <fadetime>300</fadetime>
                <texture diffuse="shape/$PARAM[dimensionkey_size]/roundedlandscape.png"
                         background="true">$INFO[ListItem.Thumb]</texture>
                <colordiffuse>$PARAM[alpha_colors]FFFFFF</colordiffuse>
                <bordersize>0</bordersize>
                <aspectratio scalediffuse="false">scale</aspectratio>
            </control>
            <control type="group">
                <visible>!String.isEmpty(ListItem.Title)</visible>
                <visible>!String.isEmpty(ListItem.Episode)</visible>
                <posx>18</posx>
                <posy>18</posy>
                <width>144</width>
                <height>48</height>
                <include content="TempEvoModelListHorizontalRounded">
                    <param name="modelkey_size"
                           value="48" />
                    <param name="modelkey_color"
                           value="highlight" />
                    <param name="dimensionkey_size"
                           value="dim72" />
                </include>
                <control type="label">
                    <posx>9</posx>
                    <posy>2</posy>
                    <font>Font18Medium</font>
                    <width>126</width>
                    <height>20</height>
                    <aligny>center</aligny>
                    <label>$INFO[ListItem.Season,$LOCALIZE[20373] ,]</label>
                    <textcolor>FFFFFFFF</textcolor>
                </control>
                <control type="label">
                    <posx>9</posx>
                    <posy>20</posy>
                    <font>Font22Bold</font>
                    <width>126</width>
                    <height>28</height>
                    <aligny>center</aligny>
                    <label>$INFO[ListItem.Episode,$LOCALIZE[20359] ,]</label>
                    <textcolor>FFFFFFFF</textcolor>
                </control>
            </control>
            <control type="group">
                <left>0</left>
                <right>18</right>
                <bottom>64</bottom>
                <height>36</height>
                <control type="label">
                    <posx>0</posx>
                    <bottom>24</bottom>
                    <height>24</height>
                    <align>left</align>
                    <aligny>center</aligny>
                    <font>Font20Bold</font>
                    <textoffsetx>18</textoffsetx>
                    <textcolor>CCCCCCCC</textcolor>
                    <label>$PARAM[control_label1]</label>
                </control>
                <control type="label">
                    <posx>0</posx>
                    <bottom>0</bottom>
                    <height>24</height>
                    <align>left</align>
                    <aligny>center</aligny>
                    <font>Font18Medium</font>
                    <textoffsetx>18</textoffsetx>
                    <textcolor>CCCCCCCC</textcolor>
                    <label>$PARAM[control_label2]</label>
                </control>
            </control>
            <control type="group">
                <visible>!String.isEmpty(ListItem.Title)</visible>
                <right>18</right>
                <bottom>18</bottom>
                <width>90</width>
                <height>24</height>
                <include content="TempEvoModelListHorizontalRounded">
                    <param name="modelkey_size"
                           value="24" />
                    <param name="modelkey_color"
                           value="sorotdark" />
                    <param name="dimensionkey_size"
                           value="dim72" />
                </include>
                <control type="label">
                    <posx>9</posx>
                    <posy>0</posy>
                    <font>Font20Bold</font>
                    <width>72</width>
                    <height>24</height>
                    <aligny>center</aligny>
                    <align>center</align>
                    <label>$INFO[ListItem.Duration]</label>
                    <textcolor>FFFFFFFF</textcolor>
                </control>
            </control>
            <control type="group">
                <visible>$PARAM[visible_details]</visible>
                <visible>String.IsEqual(ListItem.DBtype,tvshow) | String.IsEqual(ListItem.DBType,season) | ListItem.IsRecording | ListItem.HasReminder | ListItem.HasTimer | ListItem.IsCollection | ListItem.HasVideoVersions | ListItem.IsPlaying | ListItem.IsResumable | ListItem.HasVideoExtras | ListItem.HasArchive | Integer.IsGreater(ListItem.Playcount,0)</visible>
                <include>$PARAM[ifvisiblechange_anim]</include>
                <width>$PARAM[size_width]</width>
                <height>$PARAM[size_height]</height>
                <control type="group">
                    <visible>ListItem.IsCollection | ListItem.HasVideoVersions| ListItem.HasVideoExtras</visible>
                    <left>64</left>
                    <bottom>18</bottom>
                    <width>28</width>
                    <height>28</height>
                    <control type="image">
                        <width>28</width>
                        <height>28</height>
                        <aspectratio>stretch</aspectratio>
                        <texture>shape/dim72/roundedsquare.png</texture>
                        <colordiffuse>80000000</colordiffuse>
                        <bordersize>0</bordersize>
                    </control>
                    <control type="label">
                        <width>28</width>
                        <height>28</height>
                        <font>symbolSize18</font>
                        <align>center</align>
                        <aligny>center</aligny>
                        <label>$VAR[ListItemTypeSymbol]</label>
                        <textcolor>textActive</textcolor>
                    </control>
                </control>
                <control type="group">
                    <visible>ListItem.IsRecording | ListItem.HasReminder | ListItem.HasTimer | ListItem.IsPlaying | ListItem.IsResumable | ListItem.HasArchive | Integer.IsGreater(ListItem.Playcount,0)</visible>
                    <left>18</left>
                    <bottom>18</bottom>
                    <width>28</width>
                    <height>28</height>
                    <control type="image">
                        <width>28</width>
                        <height>28</height>
                        <aspectratio>stretch</aspectratio>
                        <texture>shape/dim72/roundedsquare.png</texture>
                        <colordiffuse>80000000</colordiffuse>
                        <bordersize>0</bordersize>
                    </control>
                    <control type="label">
                        <width>28</width>
                        <height>28</height>
                        <font>symbolSize18</font>
                        <align>center</align>
                        <aligny>center</aligny>
                        <label>$VAR[ListItemStatusSymbol]</label>
                        <textcolor>textActive</textcolor>
                    </control>
                </control>
            </control>
        </definition>
    </include>
</includes>