<?xml version="1.0" encoding="UTF-8"?>
<includes>
	<include name="FavouritesViewList">
        	<control type="group" id="9999">
			<right>64</right>
			<left>64</left>
			<control type="group">
				<control type="panel" id="50">
		    			<visible>String.Contains(container.folderpath,favourites://)</visible>
					<include condition="!Skin.HasSetting(NoAnimationInSkin)">TempEvoSlideFadeDownTwoWayFast</include>
					<include condition="!Skin.HasSetting(NoAnimationInSkin)">TempEvoSlideFadeFromUpToDownVisible</include>
					<include condition="!Skin.HasSetting(NoAnimationInSkin)" content="TempEvoSlideFadeFromUpToDownVisibleControl">
						<param name="control_id" value="50" />
					</include>
					<right>-10</right>
                   			<posx>0</posx>
                 			<bottom>0</bottom>
					<height>864</height>
					<onleft condition="!Skin.HasSetting(TempEvoMusicSideMenu)">Skin.Setbool(TempEvoOpenSideMenu)</onleft>
					<onleft condition="!Skin.HasSetting(TempEvoMusicSideMenu)">Control.SetFocus(599)</onleft>
					<onfocus>Skin.Reset(TempEvoOpenSideMenu)</onfocus>
            				<onright>5009</onright>
					<ondown>20001</ondown>
					<onup>20000</onup>
					<pagecontrol>5009</pagecontrol>
					<orientation>vertical</orientation>
					<scrolltime tween="cubic" easing="out">500</scrolltime>
	               		 	<itemlayout width="360" height="360">
						<control type="image">
	                        			<posx>0</posx>
	                        			<posy>0</posy>
	                        			<aspectratio>stretch</aspectratio>
	                        			<texture>shape/dim360/roundedsquare.png</texture>
	                        			<bordersize>9</bordersize>
	                       				<colordiffuse>black</colordiffuse>
	                    			</control>
						<control type="image">
							<left>0</left>
							<posy>0</posy>
							<width>360</width>
							<height>360</height>
							<texture diffuse="shape/dim360/roundedsquare.png">$INFO[ListItem.icon]</texture>
							<colordiffuse>FFFFFFFF</colordiffuse>
							<bordersize>9</bordersize>
							<fadetime>300</fadetime>
							<aspectratio scalediffuse="false">scale</aspectratio>
						</control>
						<control type="image">
	                        			<posx>0</posx>
	                        			<posy>0</posy>
	                        			<aspectratio>stretch</aspectratio>
	                        			<texture>shape/dim360/roundedsquare.png</texture>
	                        			<bordersize>9</bordersize>
	                       				<colordiffuse>80000000</colordiffuse>
	                    			</control>
	                        		<control type="label">
		                        		<posx>0</posx>
		                        		<bottom>54</bottom>
		                        		<height>36</height>
		                        		<align>left</align>
		                        		<aligny>center</aligny>
		                        		<font>Font24Bold</font>
		                        		<textcolor>textActive</textcolor>
		                        		<textoffsetx>36</textoffsetx>
		                        		<label>$INFO[ListItem.Label]</label>
		           			</control>
	                        		<control type="label">
		                        		<posx>0</posx>
		                        		<bottom>22</bottom>
		                        		<height>36</height>
		                        		<align>left</align>
		                        		<aligny>center</aligny>
		                        		<font>Font22Regular</font>
		                        		<textcolor>FFFFFFFF</textcolor>
		                        		<textoffsetx>36</textoffsetx>
		                        		<label>$INFO[ListItem.Label2]</label>
		           			</control>
	                		</itemlayout>
	                		<focusedlayout width="360" height="360">
						<control type="image">
	                        			<posx>0</posx>
	                        			<posy>0</posy>
	                        			<aspectratio>stretch</aspectratio>
	                        			<texture>shape/dim360/roundedsquare.png</texture>
	                        			<bordersize>0</bordersize>
	                       				<colordiffuse>sorotan</colordiffuse>
	                    			</control>
						<control type="image">
	                        			<posx>0</posx>
	                        			<posy>0</posy>
	                        			<aspectratio>stretch</aspectratio>
	                        			<texture>shape/dim360/roundedsquare.png</texture>
	                        			<bordersize>9</bordersize>
	                       				<colordiffuse>black</colordiffuse>
	                    			</control>
						<control type="image">
							<left>0</left>
							<posy>0</posy>
							<width>360</width>
							<height>360</height>
							<fadetime>300</fadetime>
							<texture diffuse="shape/dim360/roundedsquare.png">$INFO[ListItem.icon]</texture>
							<colordiffuse>FFFFFFFF</colordiffuse>
							<bordersize>9</bordersize>
							<aspectratio scalediffuse="false">scale</aspectratio>
						</control>
						<control type="image">
	                        			<posx>0</posx>
	                        			<posy>0</posy>
	                        			<aspectratio>stretch</aspectratio>
	                        			<texture>shape/dim360/roundedsquare.png</texture>
	                        			<bordersize>9</bordersize>
	                       				<colordiffuse>80000000</colordiffuse>
	                    			</control>
	                        		<control type="label">
		                        		<posx>0</posx>
		                        		<bottom>54</bottom>
		                        		<height>36</height>
		                        		<align>left</align>
		                        		<aligny>center</aligny>
		                        		<font>Font24Bold</font>
		                        		<textcolor>textActive</textcolor>
		                        		<textoffsetx>36</textoffsetx>
		                        		<label>$INFO[ListItem.Label]</label>
		           			</control>
	                        		<control type="label">
		                        		<posx>0</posx>
		                        		<bottom>22</bottom>
		                        		<height>36</height>
		                        		<align>left</align>
		                        		<aligny>center</aligny>
		                        		<font>Font22Regular</font>
		                        		<textcolor>FFFFFFFF</textcolor>
		                        		<textoffsetx>36</textoffsetx>
		                        		<label>$INFO[ListItem.Label2]</label>
		           			</control>
	                		</focusedlayout>
	            		</control>
	            	</control>
            	</control>
        <control type="group">
			<visible>!Skin.HasSetting(HideScrollBaronSkin)</visible>
            <include condition="!Skin.HasSetting(NoAnimationInSkin)">fadeInOutVisible</include>
			<include content="DefaultScrollbars">
				<param name="visible_verticalbar">Control.IsVisible(50)</param>
				<param name="control_HeightVer">864</param>
			</include>
		</control>
		<include content="DefaultWindowHeader">
			<param name="visible_control">true</param>
			<param name="header_label" value="$LOCALIZE[10060]"/>
			<param name="subheader_label" value=""/>
			<param name="pos_left" value="64"/>
		</include>
		<!--Universal Status Bar-->
		<include>StatusBarandTimeDisplay</include>
	</include>
    	<include name="UniversalViewList">
		<control type="panel" id="501">
			<include>UniversalListVisible</include>
			<include condition="!Skin.HasSetting(NoAnimationInSkin)">TempEvoListBounceAnimation</include>
			<include condition="!Skin.HasSetting(NoAnimationInSkin)">TempEvoSlideFadeDownTwoWayFast</include>
			<include condition="!Skin.HasSetting(NoAnimationInSkin)" content="TempEvoSlideFadeDownTwoWayFastVisibleControl">
				<param name="control_id" value="501" />
			</include>
                   	<left>0</left>
                 	<bottom>0</bottom>
			<height>864</height>
			<onup>20000</onup>
			<ondown>20001</ondown>
			<onright>5009</onright>
			<onleft>599</onleft>
			<onleft>Skin.SetBool(TempEvoOpenSideMenu)</onleft>
			<onfocus>Skin.Reset(TempEvoOpenSideMenu)</onfocus>
			<orientation>vertical</orientation>
			<pagecontrol>5009</pagecontrol>
			<viewtype label="SmallList">list</viewtype>
			<scrolltime tween="cubic" easing="out">500</scrolltime>
			<itemlayout height="72">
				<include content="ListLayoutSmallSize">
					<param name="size_height" value="72"/>
					<param name="dimensionkey_size" value="dim72"/>
					<param name="font_forlabel" value="Font22Medium"/>
					<param name="visible_details" value="true"/>
					<param name="control_label1" value="$INFO[Listitem.label]"/>
					<param name="control_label2" value="$INFO[Listitem.label2]"/>
				</include>
	                </itemlayout>
	                <focusedlayout height="72">
				<control type="group">
					<include condition="!Skin.HasSetting(NoAnimationInSkin)">TempEvoFocusedItemFade</include>
					<include content="TempEvoModelListHorizontalRounded">
						<param name="modelkey_size" value="72" />
						<param name="modelkey_color" value="sorotan" />
						<param name="dimensionkey_size" value="dim72" />
					</include>
				</control>
				<include content="ListLayoutSmallSize">
					<param name="size_height" value="72"/>
					<param name="dimensionkey_size" value="dim72"/>
					<param name="font_forlabel" value="Font22Medium"/>
					<param name="visible_details" value="true"/>
					<param name="control_label1" value="$INFO[Listitem.label]"/>
					<param name="control_label2" value="$INFO[Listitem.label2]"/>
				</include>
	               </focusedlayout>
	      </control>
		<control type="panel" id="502">
			<include>UniversalListVisible</include>
			<include condition="!Skin.HasSetting(NoAnimationInSkin)">TempEvoListBounceAnimation</include>
			<include condition="!Skin.HasSetting(NoAnimationInSkin)">TempEvoSlideFadeDownTwoWayFast</include>
			<include condition="!Skin.HasSetting(NoAnimationInSkin)" content="TempEvoSlideFadeDownTwoWayFastVisibleControl">
				<param name="control_id" value="502" />
			</include>
                   	<left>0</left>
                 	<bottom>0</bottom>
			<height>864</height>
			<onup>20000</onup>
			<ondown>20001</ondown>
			<onright>5009</onright>
			<onleft>599</onleft>
			<onleft>Skin.SetBool(TempEvoOpenSideMenu)</onleft>
			<onfocus>Skin.Reset(TempEvoOpenSideMenu)</onfocus>
			<orientation>vertical</orientation>
			<pagecontrol>5009</pagecontrol>
			<viewtype label="NormalList">list</viewtype>
			<scrolltime tween="cubic" easing="out">500</scrolltime>
			<itemlayout height="108">
				<include content="ListLayoutNormalSize">
					<param name="size_height" value="108"/>
					<param name="dimensionkey_size" value="dim108"/>
					<param name="visible_details" value="true"/>
					<param name="control_label1" value="$INFO[Listitem.label]"/>
					<param name="control_label2" value="$INFO[Listitem.label2]"/>
				</include>
	                </itemlayout>
	                <focusedlayout height="108">
				<control type="group">
					<include condition="!Skin.HasSetting(NoAnimationInSkin)">TempEvoFocusedItemFade</include>
					<include content="TempEvoModelListHorizontalRounded">
						<param name="modelkey_size" value="108" />
						<param name="modelkey_color" value="sorotan" />
						<param name="dimensionkey_size" value="dim108" />
					</include>
				</control>
				<include content="ListLayoutNormalSize">
					<param name="size_height" value="108"/>
					<param name="dimensionkey_size" value="dim108"/>
					<param name="visible_details" value="true"/>
					<param name="control_label1" value="$INFO[Listitem.label]"/>
					<param name="control_label2" value="$INFO[Listitem.label2]"/>
				</include>
	               </focusedlayout>
	      </control>
		<control type="panel" id="503">
			<include>UniversalListVisible</include>
			<include condition="!Skin.HasSetting(NoAnimationInSkin)">TempEvoListBounceAnimation</include>
			<include condition="!Skin.HasSetting(NoAnimationInSkin)">TempEvoSlideFadeDownTwoWayFast</include>
			<include condition="!Skin.HasSetting(NoAnimationInSkin)" content="TempEvoSlideFadeDownTwoWayFastVisibleControl">
				<param name="control_id" value="503" />
			</include>
                   	<left>0</left>
                 	<bottom>0</bottom>
			<height>864</height>
			<onup>20000</onup>
			<ondown>20001</ondown>
			<onright>5009</onright>
			<onleft>599</onleft>
			<onleft>Skin.SetBool(TempEvoOpenSideMenu)</onleft>
			<onfocus>Skin.Reset(TempEvoOpenSideMenu)</onfocus>
			<orientation>vertical</orientation>
			<pagecontrol>5009</pagecontrol>
			<viewtype label="SmallIcon">icon</viewtype>
			<scrolltime tween="cubic" easing="out">500</scrolltime>
			<itemlayout width="144" height="294">
				<control type="group">
                   			<left>0</left>
                 			<top>0</top>
					<width>144</width>
					<height>289</height>
					<control type="image">
						<left>0</left>
						<width>144</width>
						<height>144</height>
						<texture diffuse="shape/dim144/roundedsquare.png" background="true">$INFO[ListItem.icon]</texture>
						<colordiffuse>FFFFFFFF</colordiffuse>
						<bordersize>9</bordersize>
						<aspectratio scalediffuse="false">scale</aspectratio>
					</control>
					<control type="textbox">
						<left>9</left>
						<top>144</top>
						<width>126</width>
						<height>126</height>
						<font>Font18Medium</font>
						<textcolor>textActive</textcolor>
						<aligny>top</aligny>
						<align>center</align>
						<label>[B]$INFO[ListItem.Label][/B]$INFO[ListItem.Label2, - ,]</label>
					</control>
				</control>
	                </itemlayout>
	                <focusedlayout width="144" height="294">
				<control type="group">
                   			<left>0</left>
                 			<top>0</top>
					<width>144</width>
					<height>289</height>
					<control type="group">
						<include condition="!Skin.HasSetting(NoAnimationInSkin)">TempEvoFocusedItemFade</include>
						<include content="TempEvoModelListVerticalRounded">
							<param name="modelkey_size" value="144" />
							<param name="modelkey_color" value="sorotan" />
							<param name="dimensionkey_size" value="dim144" />
						</include>
					</control>
					<control type="image">
						<left>0</left>
						<width>144</width>
						<height>144</height>
						<texture diffuse="shape/dim144/roundedsquare.png" background="true">$INFO[ListItem.icon]</texture>
						<colordiffuse>FFFFFFFF</colordiffuse>
						<bordersize>9</bordersize>
						<aspectratio scalediffuse="false">scale</aspectratio>
					</control>
					<control type="textbox">
						<left>9</left>
						<top>144</top>
						<width>126</width>
						<height>126</height>
						<font>Font18Medium</font>
						<textcolor>textActive</textcolor>
						<aligny>top</aligny>
						<align>center</align>
						<label>[B]$INFO[ListItem.Label][/B]$INFO[ListItem.Label2, - ,]</label>
					</control>
				</control>
	               </focusedlayout>
	      </control>
		<control type="panel" id="504">
			<include>UniversalListVisible</include>
			<include condition="!Skin.HasSetting(NoAnimationInSkin)">TempEvoListBounceAnimation</include>
			<include condition="!Skin.HasSetting(NoAnimationInSkin)">TempEvoSlideFadeDownTwoWayFast</include>
			<include condition="!Skin.HasSetting(NoAnimationInSkin)" content="TempEvoSlideFadeDownTwoWayFastVisibleControl">
				<param name="control_id" value="504" />
			</include>
                   	<left>0</left>
                 	<bottom>0</bottom>
			<height>864</height>
			<onup>20000</onup>
			<ondown>20001</ondown>
			<onright>5009</onright>
			<onleft>599</onleft>
			<onleft>Skin.SetBool(TempEvoOpenSideMenu)</onleft>
			<onfocus>Skin.Reset(TempEvoOpenSideMenu)</onfocus>
			<orientation>vertical</orientation>
			<pagecontrol>5009</pagecontrol>
			<viewtype label="BigIcon">icon</viewtype>
			<scrolltime tween="cubic" easing="out">500</scrolltime>
			<itemlayout width="324" height="396">
				<control type="group">
                   			<left>0</left>
                 			<top>0</top>
					<width>324</width>
					<height>378</height>
					<control type="image">
						<left>0</left>
						<width>324</width>
						<height>324</height>
						<texture diffuse="shape/dim360/roundedsquare.png" background="true">$INFO[ListItem.icon]</texture>
						<colordiffuse>FFFFFFFF</colordiffuse>
						<bordersize>9</bordersize>
						<aspectratio scalediffuse="false">scale</aspectratio>
					</control>
					<control type="textbox">
						<left>9</left>
						<top>320</top>
						<width>306</width>
						<height>54</height>
						<font>Font20Medium</font>
						<textcolor>textActive</textcolor>
						<aligny>top</aligny>
						<align>center</align>
						<label>[B]$INFO[ListItem.Label][/B]$INFO[ListItem.Label2, - ,]</label>
					</control>
				</control>
	                </itemlayout>
	                <focusedlayout width="324" height="396">
				<control type="group">
                   			<left>0</left>
                 			<top>0</top>
					<width>324</width>
					<height>378</height>
					<control type="group">
						<include condition="!Skin.HasSetting(NoAnimationInSkin)">TempEvoFocusedItemFade</include>
						<include content="TempEvoModelDialogRounded">
							<param name="modelkey_size" value="144" />
							<param name="modelkey_color" value="sorotan" />
							<param name="dimensionkey_size" value="dim144" />
						</include>
					</control>
					<control type="image">
						<left>0</left>
						<width>324</width>
						<height>324</height>
						<texture diffuse="shape/dim360/roundedsquare.png" background="true">$INFO[ListItem.icon]</texture>
						<colordiffuse>FFFFFFFF</colordiffuse>
						<bordersize>9</bordersize>
						<aspectratio scalediffuse="false">scale</aspectratio>
					</control>
					<control type="textbox">
						<left>9</left>
						<top>320</top>
						<width>306</width>
						<height>54</height>
						<font>Font20Medium</font>
						<textcolor>textActive</textcolor>
						<aligny>top</aligny>
						<align>center</align>
						<autoscroll delay="500" repeat="3000" time="2000">Control.HasFocus(504)</autoscroll>
						<label>[B]$INFO[ListItem.Label][/B]$INFO[ListItem.Label2, - ,]</label>
					</control>
				</control>
	               </focusedlayout>
	      </control>
		<control type="panel" id="505">
		    	<visible>$EXP[TempEvoVideoLandscapeList]|$EXP[TempEvoVideoEpisodeList]|$EXP[TempEvoForYoutube]|$EXP[TempEvoVideoMovieList]</visible>
			<include condition="!Skin.HasSetting(NoAnimationInSkin)">TempEvoListBounceAnimation</include>
			<include condition="!Skin.HasSetting(NoAnimationInSkin)">TempEvoSlideFadeDownTwoWayFast</include>
			<include condition="!Skin.HasSetting(NoAnimationInSkin)" content="TempEvoSlideFadeDownTwoWayFastVisibleControl">
				<param name="control_id" value="505" />
			</include>
                   	<left>0</left>
                 	<bottom>0</bottom>
			<height>864</height>
			<onup>20000</onup>
			<ondown>20001</ondown>
			<onright>5009</onright>
			<onleft>599</onleft>
			<onleft>Skin.SetBool(TempEvoOpenSideMenu)</onleft>
			<onfocus>Skin.Reset(TempEvoOpenSideMenu)</onfocus>
			<orientation>vertical</orientation>
			<pagecontrol>5009</pagecontrol>
			<viewtype label="Lanskap">icon</viewtype>
			<scrolltime tween="cubic" easing="out">500</scrolltime>
			<itemlayout width="434" height="324">
				<control type="image">
					<posx>9</posx>
					<posy>9</posy>
					<width>416</width>
					<height>234</height>
					<texture>shape/dim216/roundedlandscape.png</texture>
					<colordiffuse>black</colordiffuse>
					<bordersize>0</bordersize>
					<aspectratio scalediffuse="false">scale</aspectratio>
				</control>
				<control type="image">
					<posx>9</posx>
					<posy>9</posy>
					<width>416</width>
					<height>234</height>
					<texture diffuse="shape/dim216/roundedlandscape.png" background="true">$INFO[ListItem.icon]</texture>
					<colordiffuse>FFFFFFFF</colordiffuse>
					<bordersize>0</bordersize>
					<aspectratio scalediffuse="false">scale</aspectratio>
				</control>
				<control type="image">
					<posx>9</posx>
					<posy>9</posy>
					<width>416</width>
					<height>234</height>
					<texture>shape/dim216/roundedlandscape.png</texture>
					<colordiffuse>80000000</colordiffuse>
					<bordersize>0</bordersize>
				</control>
	                        <control type="label">
					<visible>![String.IsEmpty(ListItem.Duration)]</visible>
	                        	<posx>309</posx>
	                        	<posy>195</posy>
		                        <width>108</width>
		                        <height>36</height>
		                        <align>center</align>
		                        <aligny>center</aligny>
		                        <font>Font22Bold</font>
					<textoffsetx>2</textoffsetx>
		                        <textcolor>textActive</textcolor>
		                        <label>$INFO[ListItem.Duration]</label>
		           	</control>
	                        <control type="group">
		                        <posx>18</posx>
		                        <posy>249</posy>
					<width>398</width>
	                        	<control type="label">
		                        	<posy>6</posy>
						<width>398</width>
		                        	<height>36</height>
		                        	<align>left</align>
		                        	<aligny>center</aligny>
		                        	<font>Font24Medium</font>
		                        	<textcolor>textActive</textcolor>
		                        	<label>$INFO[ListItem.Label]</label>
		           		</control>
	                        	<control type="label">
		                        	<posy>36</posy>
						<width>398</width>
		                        	<height>36</height>
		                        	<align>left</align>
		                        	<aligny>center</aligny>
		                        	<font>Font20Medium</font>
		                        	<textcolor>textActive</textcolor>
		                        	<label>$INFO[ListItem.Label2]</label>
		           		</control>
		           	</control>
	                </itemlayout>
	                <focusedlayout width="434" height="324">
	                        <control type="group">
					<include condition="!Skin.HasSetting(NoAnimationInSkin)">TempEvoFocusedItemFade</include>
					<width>434</width>
					<height>324</height>
					<include content="TempEvoModelDialogRounded">
						<param name="modelkey_size" value="144" />
						<param name="modelkey_color" value="sorotdark" />
						<param name="dimensionkey_size" value="dim144" />
					</include>
		           	</control>
				<control type="image">
					<posx>9</posx>
					<posy>9</posy>
					<width>416</width>
					<height>234</height>
					<texture>shape/dim216/roundedlandscape.png</texture>
					<colordiffuse>black</colordiffuse>
					<bordersize>0</bordersize>
					<aspectratio scalediffuse="false">scale</aspectratio>
				</control>
				<control type="image">
					<posx>9</posx>
					<posy>9</posy>
					<width>416</width>
					<height>234</height>
					<texture diffuse="shape/dim216/roundedlandscape.png" background="true">$INFO[ListItem.icon]</texture>
					<colordiffuse>FFFFFFFF</colordiffuse>
					<bordersize>0</bordersize>
					<aspectratio scalediffuse="false">scale</aspectratio>
				</control>
				<control type="image">
					<posx>9</posx>
					<posy>9</posy>
					<width>416</width>
					<height>234</height>
					<texture>shape/dim216/roundedlandscape.png</texture>
					<colordiffuse>80000000</colordiffuse>
					<bordersize>0</bordersize>
					<aspectratio scalediffuse="false">scale</aspectratio>
				</control>
	                        <control type="label">
					<visible>![String.IsEmpty(ListItem.Duration)]</visible>
	                        	<posx>309</posx>
	                        	<posy>195</posy>
		                        <width>108</width>
		                        <height>36</height>
		                        <align>center</align>
		                        <aligny>center</aligny>
		                        <font>Font22Bold</font>
					<textoffsetx>2</textoffsetx>
		                        <textcolor>textActive</textcolor>
		                        <label>$INFO[ListItem.Duration]</label>
		           	</control>
	                        <control type="group">
		                        <posx>18</posx>
		                        <posy>249</posy>
					<width>398</width>
	                        	<control type="label">
		                        	<posy>6</posy>
						<width>398</width>
		                        	<height>36</height>
		                        	<align>left</align>
		                        	<aligny>center</aligny>
		                        	<font>Font24Medium</font>
		                        	<textcolor>textActive</textcolor>
		                        	<label>$INFO[ListItem.Label]</label>
		           		</control>
	                        	<control type="label">
		                        	<posy>36</posy>
						<width>398</width>
		                        	<height>36</height>
		                        	<align>left</align>
		                        	<aligny>center</aligny>
		                        	<font>Font20Medium</font>
		                        	<textcolor>textActive</textcolor>
		                        	<label>$INFO[ListItem.Label2]</label>
		           		</control>
		           	</control>
	               </focusedlayout>
	      </control>
		<control type="panel" id="506">
		    	<visible>$EXP[TempEvoVideoPosterList]</visible>
			<include condition="!Skin.HasSetting(NoAnimationInSkin)">TempEvoListBounceAnimation</include>
			<include condition="!Skin.HasSetting(NoAnimationInSkin)">TempEvoSlideFadeDownTwoWayFast</include>
			<include condition="!Skin.HasSetting(NoAnimationInSkin)" content="TempEvoSlideFadeDownTwoWayFastVisibleControl">
				<param name="control_id" value="506" />
			</include>
                   	<left>0</left>
                 	<bottom>0</bottom>
			<height>864</height>
			<onup>20000</onup>
			<ondown>20001</ondown>
			<onright>5009</onright>
			<onleft>599</onleft>
			<onleft>Skin.SetBool(TempEvoOpenSideMenu)</onleft>
			<onfocus>Skin.Reset(TempEvoOpenSideMenu)</onfocus>
			<orientation>vertical</orientation>
			<pagecontrol>5009</pagecontrol>
			<preloaditems>2</preloaditems>
			<viewtype label="Poster">icon</viewtype>
			<scrolltime tween="cubic" easing="out">500</scrolltime>
	                <itemlayout width="252" height="360">
				<control type="group">
					<left>18</left>
					<top>18</top>
					<width>216</width>
					<height>324</height>
					<control type="image">
						<posx>0</posx>
						<posy>0</posy>
						<width>216</width>
						<height>324</height>
	                        		<aspectratio>stretch</aspectratio>
	                        		<texture>shape/dim216/roundedposter.png</texture>
						<colordiffuse>black</colordiffuse>
	                        		<bordersize>0</bordersize>
	                    		</control>
					<control type="image">
						<posx>0</posx>
						<posy>0</posy>
						<width>216</width>
						<height>324</height>
						<texture diffuse="shape/dim216/roundedposter.png" background="true" fallback="defaultposter.png">$VAR[ControlVideoPosterImage]</texture>
						<colordiffuse>FFFFFFFF</colordiffuse>
						<fadetime>180</fadetime>
						<bordersize>0</bordersize>
						<aspectratio scalediffuse="false">scale</aspectratio>
					</control>
	                    	</control>
	                </itemlayout>
	                <focusedlayout width="252" height="360">
				<control type="group">
					<animation type="focus">
						<effect type="zoom" center="auto" start="100" end="110" time="180" tween="cubic" easing="inout" />
					</animation>
					<animation type="unfocus">
						<effect type="zoom" center="auto" start="110" end="100" time="180" tween="cubic" easing="inout" />
					</animation>
					<left>18</left>
					<top>18</top>
					<width>216</width>
					<height>324</height>
					<control type="image">
						<posx>0</posx>
						<posy>0</posy>
						<width>216</width>
						<height>324</height>
	                        		<aspectratio>stretch</aspectratio>
	                        		<texture>shape/dim216/roundedposter.png</texture>
						<colordiffuse>black</colordiffuse>
	                        		<bordersize>0</bordersize>
	                    		</control>
					<control type="image">
						<posx>0</posx>
						<posy>0</posy>
						<width>216</width>
						<height>324</height>
						<texture diffuse="shape/dim216/roundedposter.png" background="true" fallback="defaultposter.png">$VAR[ControlVideoPosterImage]</texture>
						<colordiffuse>FFFFFFFF</colordiffuse>
						<bordersize>0</bordersize>
						<aspectratio scalediffuse="false">scale</aspectratio>
					</control>
	                    	</control>
	                </focusedlayout>
	      </control>
	</include>
	<include name="TempEvoMusicPlaylist">
		<include>TempEvoFixedSolidBackground</include>
		<control type="button">
			<description>background close area</description>
			<width>1</width>
			<height>100%</height>
			<texturefocus />
			<texturenofocus />
			<onclick>Action(back)</onclick>
		</control>
		<control type="group" id="9200">
			<include condition="!Skin.HasSetting(NoAnimationInSkin)">TempEvoSlideFadeDownTwoWay</include>
			<include condition="!Skin.HasSetting(NoAnimationInSkin)">TempEvoSlideFadeDownTwoWayVisible</include>
				<bottom>144</bottom>
           			<left>64</left>
				<right>64</right>
				<height>792</height>
				<control type="group">
					<animation type="windowopen">
						<effect type="fade" start="0" end="100" time="180" delay="0"/>
            					<effect type="Slide" start="0,-72" end="0,0" tween="cubic" easing="inout" time="180" delay="0"/>
					</animation>
					<animation type="windowclose">
						<effect type="fade" start="100" end="0" time="180" delay="330"/>
            					<effect type="Slide" start="0,0" end="0,72" tween="cubic" easing="inout" time="180" delay="330"/>
        				</animation>
					<animation type="Conditional" condition="Player.HasDuration + !Player.Paused + !Window.isactive(script-cu-lrclyrics-main.xml)">
            					<effect type="slide" start="0,0" end="0,24" tween="cubic" easing="inout" time="180" delay="0"/>
					</animation>
					<animation type="Conditional" condition="Player.HasDuration + !Player.Paused + window.isactive(musicplaylist)">
            					<effect type="slide" start="0,0" end="0,60" tween="cubic" easing="inout" time="180" delay="0"/>
					</animation>
					<posx>-5</posx>
					<posy>66</posy>
					<width>658</width>
					<height>648</height>
	                        	<control type="group">
						<animation type="Conditional" condition="!Window.isactive(musicosd) + Player.HasDuration + !Player.Paused">
            						<effect type="zoom" start="75" end="100" center="auto" tween="cubic" easing="inout" time="180" delay="0"/>
						</animation>
						<left>-9</left>
						<right>-9</right>
						<bottom>0</bottom>
						<height>18</height>
						<include content="TempEvoModelListHorizontalRound">
							<param name="modelkey_size" value="18" />
							<param name="modelkey_color" value="overlay" />
							<param name="dimensionkey_size" value="dim72" />
						</include>
						<control type="image">
						<animation effect="slide" end="640,0" tween="sine" easing="inout" time="180" condition="String.isEqual(Player.progress,100)" reversible="false">Conditional</animation>
						<animation effect="slide" end="633.6,0" tween="sine" easing="inout" time="180" condition="String.isEqual(Player.progress,99)" reversible="true">Conditional</animation>
						<animation effect="slide" end="627.2,0" tween="sine" easing="inout" time="180" condition="String.isEqual(Player.progress,98)" reversible="true">Conditional</animation>
						<animation effect="slide" end="620.8,0" tween="sine" easing="inout" time="180" condition="String.isEqual(Player.progress,97)" reversible="true">Conditional</animation>
						<animation effect="slide" end="614.4,0" tween="sine" easing="inout" time="180" condition="String.isEqual(Player.progress,96)" reversible="true">Conditional</animation>
						<animation effect="slide" end="608,0" tween="sine" easing="inout" time="180" condition="String.isEqual(Player.progress,95)" reversible="true">Conditional</animation>
						<animation effect="slide" end="601.6,0" tween="sine" easing="inout" time="180" condition="String.isEqual(Player.progress,94)" reversible="true">Conditional</animation>
						<animation effect="slide" end="595.2,0" tween="sine" easing="inout" time="180" condition="String.isEqual(Player.progress,93)" reversible="true">Conditional</animation>
						<animation effect="slide" end="588.8,0" tween="sine" easing="inout" time="180" condition="String.isEqual(Player.progress,92)" reversible="true">Conditional</animation>
						<animation effect="slide" end="582.4,0" tween="sine" easing="inout" time="180" condition="String.isEqual(Player.progress,91)" reversible="true">Conditional</animation>
						<animation effect="slide" end="576,0" tween="sine" easing="inout" time="180" condition="String.isEqual(Player.progress,90)" reversible="true">Conditional</animation>
						<animation effect="slide" end="569.6,0" tween="sine" easing="inout" time="180" condition="String.isEqual(Player.progress,89)" reversible="true">Conditional</animation>
						<animation effect="slide" end="563.2,0" tween="sine" easing="inout" time="180" condition="String.isEqual(Player.progress,88)" reversible="true">Conditional</animation>
						<animation effect="slide" end="556.8,0" tween="sine" easing="inout" time="180" condition="String.isEqual(Player.progress,87)" reversible="true">Conditional</animation>
						<animation effect="slide" end="550.4,0" tween="sine" easing="inout" time="180" condition="String.isEqual(Player.progress,86)" reversible="true">Conditional</animation>
						<animation effect="slide" end="544,0" tween="sine" easing="inout" time="180" condition="String.isEqual(Player.progress,85)" reversible="true">Conditional</animation>
						<animation effect="slide" end="537.6,0" tween="sine" easing="inout" time="180" condition="String.isEqual(Player.progress,84)" reversible="true">Conditional</animation>
						<animation effect="slide" end="531.2,0" tween="sine" easing="inout" time="180" condition="String.isEqual(Player.progress,83)" reversible="true">Conditional</animation>
						<animation effect="slide" end="524.8,0" tween="sine" easing="inout" time="180" condition="String.isEqual(Player.progress,82)" reversible="true">Conditional</animation>
						<animation effect="slide" end="518.4,0" tween="sine" easing="inout" time="180" condition="String.isEqual(Player.progress,81)" reversible="true">Conditional</animation>
						<animation effect="slide" end="512,0" tween="sine" easing="inout" time="180" condition="String.isEqual(Player.progress,80)" reversible="true">Conditional</animation>
						<animation effect="slide" end="505.6,0" tween="sine" easing="inout" time="180" condition="String.isEqual(Player.progress,79)" reversible="true">Conditional</animation>
						<animation effect="slide" end="499.2,0" tween="sine" easing="inout" time="180" condition="String.isEqual(Player.progress,78)" reversible="true">Conditional</animation>
						<animation effect="slide" end="492.8,0" tween="sine" easing="inout" time="180" condition="String.isEqual(Player.progress,77)" reversible="true">Conditional</animation>
						<animation effect="slide" end="486.4,0" tween="sine" easing="inout" time="180" condition="String.isEqual(Player.progress,76)" reversible="true">Conditional</animation>
						<animation effect="slide" end="480,0" tween="sine" easing="inout" time="180" condition="String.isEqual(Player.progress,75)" reversible="true">Conditional</animation>
						<animation effect="slide" end="473.6,0" tween="sine" easing="inout" time="180" condition="String.isEqual(Player.progress,74)" reversible="true">Conditional</animation>
						<animation effect="slide" end="467.2,0" tween="sine" easing="inout" time="180" condition="String.isEqual(Player.progress,73)" reversible="true">Conditional</animation>
						<animation effect="slide" end="460.8,0" tween="sine" easing="inout" time="180" condition="String.isEqual(Player.progress,72)" reversible="true">Conditional</animation>
						<animation effect="slide" end="454.4,0" tween="sine" easing="inout" time="180" condition="String.isEqual(Player.progress,71)" reversible="true">Conditional</animation>
						<animation effect="slide" end="448,0" tween="sine" easing="inout" time="180" condition="String.isEqual(Player.progress,70)" reversible="true">Conditional</animation>
						<animation effect="slide" end="441.6,0" tween="sine" easing="inout" time="180" condition="String.isEqual(Player.progress,69)" reversible="true">Conditional</animation>
						<animation effect="slide" end="435.2,0" tween="sine" easing="inout" time="180" condition="String.isEqual(Player.progress,68)" reversible="true">Conditional</animation>
						<animation effect="slide" end="428.8,0" tween="sine" easing="inout" time="180" condition="String.isEqual(Player.progress,67)" reversible="true">Conditional</animation>
						<animation effect="slide" end="422.4,0" tween="sine" easing="inout" time="180" condition="String.isEqual(Player.progress,66)" reversible="true">Conditional</animation>
						<animation effect="slide" end="416,0" tween="sine" easing="inout" time="180" condition="String.isEqual(Player.progress,65)" reversible="true">Conditional</animation>
						<animation effect="slide" end="409.6,0" tween="sine" easing="inout" time="180" condition="String.isEqual(Player.progress,64)" reversible="true">Conditional</animation>
						<animation effect="slide" end="403.2,0" tween="sine" easing="inout" time="180" condition="String.isEqual(Player.progress,63)" reversible="true">Conditional</animation>
						<animation effect="slide" end="396.8,0" tween="sine" easing="inout" time="180" condition="String.isEqual(Player.progress,62)" reversible="true">Conditional</animation>
						<animation effect="slide" end="390.4,0" tween="sine" easing="inout" time="180" condition="String.isEqual(Player.progress,61)" reversible="true">Conditional</animation>
						<animation effect="slide" end="384,0" tween="sine" easing="inout" time="180" condition="String.isEqual(Player.progress,60)" reversible="true">Conditional</animation>
						<animation effect="slide" end="377.6,0" tween="sine" easing="inout" time="180" condition="String.isEqual(Player.progress,59)" reversible="true">Conditional</animation>
						<animation effect="slide" end="371.2,0" tween="sine" easing="inout" time="180" condition="String.isEqual(Player.progress,58)" reversible="true">Conditional</animation>
						<animation effect="slide" end="364.8,0" tween="sine" easing="inout" time="180" condition="String.isEqual(Player.progress,57)" reversible="true">Conditional</animation>
						<animation effect="slide" end="358.4,0" tween="sine" easing="inout" time="180" condition="String.isEqual(Player.progress,56)" reversible="true">Conditional</animation>
						<animation effect="slide" end="352,0" tween="sine" easing="inout" time="180" condition="String.isEqual(Player.progress,55)" reversible="true">Conditional</animation>
						<animation effect="slide" end="345.6,0" tween="sine" easing="inout" time="180" condition="String.isEqual(Player.progress,54)" reversible="true">Conditional</animation>
						<animation effect="slide" end="339.2,0" tween="sine" easing="inout" time="180" condition="String.isEqual(Player.progress,53)" reversible="true">Conditional</animation>
						<animation effect="slide" end="332.8,0" tween="sine" easing="inout" time="180" condition="String.isEqual(Player.progress,52)" reversible="true">Conditional</animation>
						<animation effect="slide" end="326.4,0" tween="sine" easing="inout" time="180" condition="String.isEqual(Player.progress,51)" reversible="true">Conditional</animation>
						<animation effect="slide" end="320,0" tween="sine" easing="inout" time="180" condition="String.isEqual(Player.progress,50)" reversible="true">Conditional</animation>
						<animation effect="slide" end="313.6,0" tween="sine" easing="inout" time="180" condition="String.isEqual(Player.progress,49)" reversible="true">Conditional</animation>
						<animation effect="slide" end="307.2,0" tween="sine" easing="inout" time="180" condition="String.isEqual(Player.progress,48)" reversible="true">Conditional</animation>
						<animation effect="slide" end="300.8,0" tween="sine" easing="inout" time="180" condition="String.isEqual(Player.progress,47)" reversible="true">Conditional</animation>
						<animation effect="slide" end="294.4,0" tween="sine" easing="inout" time="180" condition="String.isEqual(Player.progress,46)" reversible="true">Conditional</animation>
						<animation effect="slide" end="288,0" tween="sine" easing="inout" time="180" condition="String.isEqual(Player.progress,45)" reversible="true">Conditional</animation>
						<animation effect="slide" end="281.6,0" tween="sine" easing="inout" time="180" condition="String.isEqual(Player.progress,44)" reversible="true">Conditional</animation>
						<animation effect="slide" end="275.2,0" tween="sine" easing="inout" time="180" condition="String.isEqual(Player.progress,43)" reversible="true">Conditional</animation>
						<animation effect="slide" end="268.8,0" tween="sine" easing="inout" time="180" condition="String.isEqual(Player.progress,42)" reversible="true">Conditional</animation>
						<animation effect="slide" end="262.4,0" tween="sine" easing="inout" time="180" condition="String.isEqual(Player.progress,41)" reversible="true">Conditional</animation>
						<animation effect="slide" end="256,0" tween="sine" easing="inout" time="180" condition="String.isEqual(Player.progress,40)" reversible="true">Conditional</animation>
						<animation effect="slide" end="249.6,0" tween="sine" easing="inout" time="180" condition="String.isEqual(Player.progress,39)" reversible="true">Conditional</animation>
						<animation effect="slide" end="243.2,0" tween="sine" easing="inout" time="180" condition="String.isEqual(Player.progress,38)" reversible="true">Conditional</animation>
						<animation effect="slide" end="236.8,0" tween="sine" easing="inout" time="180" condition="String.isEqual(Player.progress,37)" reversible="true">Conditional</animation>
						<animation effect="slide" end="230.4,0" tween="sine" easing="inout" time="180" condition="String.isEqual(Player.progress,36)" reversible="true">Conditional</animation>
						<animation effect="slide" end="224,0" tween="sine" easing="inout" time="180" condition="String.isEqual(Player.progress,35)" reversible="true">Conditional</animation>
						<animation effect="slide" end="217.6,0" tween="sine" easing="inout" time="180" condition="String.isEqual(Player.progress,34)" reversible="true">Conditional</animation>
						<animation effect="slide" end="211.2,0" tween="sine" easing="inout" time="180" condition="String.isEqual(Player.progress,33)" reversible="true">Conditional</animation>
						<animation effect="slide" end="204.8,0" tween="sine" easing="inout" time="180" condition="String.isEqual(Player.progress,32)" reversible="true">Conditional</animation>
						<animation effect="slide" end="198.4,0" tween="sine" easing="inout" time="180" condition="String.isEqual(Player.progress,31)" reversible="true">Conditional</animation>
						<animation effect="slide" end="192,0" tween="sine" easing="inout" time="180" condition="String.isEqual(Player.progress,30)" reversible="true">Conditional</animation>
						<animation effect="slide" end="185.6,0" tween="sine" easing="inout" time="180" condition="String.isEqual(Player.progress,29)" reversible="true">Conditional</animation>
						<animation effect="slide" end="179.2,0" tween="sine" easing="inout" time="180" condition="String.isEqual(Player.progress,28)" reversible="true">Conditional</animation>
						<animation effect="slide" end="172.8,0" tween="sine" easing="inout" time="180" condition="String.isEqual(Player.progress,27)" reversible="true">Conditional</animation>
						<animation effect="slide" end="166.4,0" tween="sine" easing="inout" time="180" condition="String.isEqual(Player.progress,26)" reversible="true">Conditional</animation>
						<animation effect="slide" end="160,0" tween="sine" easing="inout" time="180" condition="String.isEqual(Player.progress,25)" reversible="true">Conditional</animation>
						<animation effect="slide" end="153.6,0" tween="sine" easing="inout" time="180" condition="String.isEqual(Player.progress,24)" reversible="true">Conditional</animation>
						<animation effect="slide" end="147.2,0" tween="sine" easing="inout" time="180" condition="String.isEqual(Player.progress,23)" reversible="true">Conditional</animation>
						<animation effect="slide" end="140.8,0" tween="sine" easing="inout" time="180" condition="String.isEqual(Player.progress,22)" reversible="true">Conditional</animation>
						<animation effect="slide" end="134.4,0" tween="sine" easing="inout" time="180" condition="String.isEqual(Player.progress,21)" reversible="true">Conditional</animation>
						<animation effect="slide" end="128,0" tween="sine" easing="inout" time="180" condition="String.isEqual(Player.progress,20)" reversible="true">Conditional</animation>
						<animation effect="slide" end="121.6,0" tween="sine" easing="inout" time="180" condition="String.isEqual(Player.progress,19)" reversible="true">Conditional</animation>
						<animation effect="slide" end="115.2,0" tween="sine" easing="inout" time="180" condition="String.isEqual(Player.progress,18)" reversible="true">Conditional</animation>
						<animation effect="slide" end="108.8,0" tween="sine" easing="inout" time="180" condition="String.isEqual(Player.progress,17)" reversible="true">Conditional</animation>
						<animation effect="slide" end="102.4,0" tween="sine" easing="inout" time="180" condition="String.isEqual(Player.progress,16)" reversible="true">Conditional</animation>
						<animation effect="slide" end="96,0" tween="sine" easing="inout" time="180" condition="String.isEqual(Player.progress,15)" reversible="true">Conditional</animation>
						<animation effect="slide" end="89.6,0" tween="sine" easing="inout" time="180" condition="String.isEqual(Player.progress,14)" reversible="true">Conditional</animation>
						<animation effect="slide" end="83.2,0" tween="sine" easing="inout" time="180" condition="String.isEqual(Player.progress,13)" reversible="true">Conditional</animation>
						<animation effect="slide" end="76.8,0" tween="sine" easing="inout" time="180" condition="String.isEqual(Player.progress,12)" reversible="true">Conditional</animation>
						<animation effect="slide" end="70.4,0" tween="sine" easing="inout" time="180" condition="String.isEqual(Player.progress,11)" reversible="true">Conditional</animation>
						<animation effect="slide" end="64,0" tween="sine" easing="inout" time="180" condition="String.isEqual(Player.progress,10)" reversible="true">Conditional</animation>
						<animation effect="slide" end="57.6,0" tween="sine" easing="inout" time="180" condition="String.isEqual(Player.progress,9)" reversible="true">Conditional</animation>
						<animation effect="slide" end="51.2,0" tween="sine" easing="inout" time="180" condition="String.isEqual(Player.progress,8)" reversible="true">Conditional</animation>
						<animation effect="slide" end="44.8,0" tween="sine" easing="inout" time="180" condition="String.isEqual(Player.progress,7)" reversible="true">Conditional</animation>
						<animation effect="slide" end="38.4,0" tween="sine" easing="inout" time="180" condition="String.isEqual(Player.progress,6)" reversible="true">Conditional</animation>
						<animation effect="slide" end="32,0" tween="sine" easing="inout" time="180" condition="String.isEqual(Player.progress,5)" reversible="true">Conditional</animation>
						<animation effect="slide" end="25.6,0" tween="sine" easing="inout" time="180" condition="String.isEqual(Player.progress,4)" reversible="true">Conditional</animation>
						<animation effect="slide" end="19.2,0" tween="sine" easing="inout" time="180" condition="String.isEqual(Player.progress,3)" reversible="true">Conditional</animation>
						<animation effect="slide" end="12.8,0" tween="sine" easing="inout" time="180" condition="String.isEqual(Player.progress,2)" reversible="true">Conditional</animation>
						<animation effect="slide" end="6.4,0" tween="sine" easing="inout" time="180" condition="String.isEqual(Player.progress,1)" reversible="true">Conditional</animation>
						<animation effect="slide" end="0,0" tween="sine" easing="inout" time="180" condition="String.isEqual(Player.progress,0)" reversible="true">Conditional</animation>
	                        			<left>9</left>
	                        			<bottom>0</bottom>
	                        			<aspectratio>stretch</aspectratio>
							<width>18</width>
							<height>18</height>
	                        			<texture>shape/statusbar/circle18px.png</texture>
	                        			<bordersize>0</bordersize>
	                       				<colordiffuse>sorotan</colordiffuse>
	                    			</control>
		           		</control>
					<control type="group">
						<include>fadeInOutVisible</include>
						<visible>window.isactive(musicplaylist)</visible>
	                        		<left>9</left>
	                        		<right>9</right>
	                        		<bottom>18</bottom>
                   				<height>108</height>
                   	 			<control type="label">
	                        			<bottom>62</bottom>
                					<font>Font18Medium</font>
                    					<width>auto</width>
                   					<height>20</height>
		    					<label>$INFO[MusicPlayer.Album]</label>
                    				</control>
                   	 			<control type="label">
	                        			<bottom>27</bottom>
                					<font>Font24Bold</font>
                    					<width>auto</width>
                   					<height>36</height>
		    					<label>$INFO[Player.Title]</label>
                    				</control>
                   	 			<control type="label">
	                        			<bottom>2</bottom>
                					<font>Font20Medium</font>
                    					<width>auto</width>
                   					<height>28</height>
		    					<label>$INFO[MusicPlayer.Artist]</label>
                    				</control>
					</control>
				</control>
				<control type="group">
					<animation type="windowopen">
						<effect type="fade" start="0" end="100" time="180" delay="0"/>
            					<effect type="Slide" start="0,-72" end="0,0" tween="cubic" easing="inout" time="180" delay="0"/>
					</animation>
					<animation type="windowclose">
						<effect type="fade" start="100" end="0" time="180" delay="330"/>
            					<effect type="Slide" start="0,0" end="0,72" tween="cubic" easing="inout" time="180" delay="330"/>
        				</animation>
					<animation type="Conditional" condition="!Window.isactive(musicosd) + Player.HasDuration + !Player.Paused + window.isactive(musicplaylist)">
            					<effect type="slide" start="0,0" end="0,-28" tween="cubic" easing="inout" time="180" delay="0"/>
					</animation>
					<posx>0</posx>
					<posy>72</posy>
					<width>648</width>
					<height>648</height>
					<control type="image">
						<width>648</width>
						<height>648</height>
						<aspectratio>stretch</aspectratio>
						<texture colordiffuse="black">shape/dimHD/roundedsquarehalf.png</texture>
					</control>
					<control type="image">
						<width>648</width>
						<height>648</height>
						<aspectratio scalediffuse="false">keep</aspectratio>
						<texture fallback="DefaultAlbumCover.png" diffuse="shape/dimHD/roundedsquarehalf.png" background="true">$INFO[MusicPlayer.Cover]</texture>
					</control>
				</control>
			<control type="panel" id="50">
                    <include condition="!Skin.HasSetting(NoAnimationInSkin)">TempEvoListBounceAnimation</include>
				<posx>702</posx>
	               		<bottom>-144</bottom>
			<height>864</height>
			<onup>20000</onup>
			<ondown>20001</ondown>
			<onright>5009</onright>
			<onleft>599</onleft>
			<onleft>Skin.SetBool(TempEvoOpenSideMenu)</onleft>
			<onfocus>Skin.Reset(TempEvoOpenSideMenu)</onfocus>
			<orientation>vertical</orientation>
			<pagecontrol>5009</pagecontrol>
	                	<itemlayout height="108">
	                   		<control type="group">
						<control type="image">
							<posx>0</posx>
							<posy>0</posy>
							<width>108</width>
							<height>108</height>
							<texture diffuse="shape/dim90/roundedsquare.png" background="true">$INFO[ListItem.icon]</texture>
							<colordiffuse>FFFFFFFF</colordiffuse>
							<bordersize>9</bordersize>
							<aspectratio scalediffuse="false">scale</aspectratio>
						</control>
						<control type="group">
							<visible>ListItem.IsPlaying</visible>
							<control type="image">
								<posx>0</posx>
								<posy>0</posy>
								<width>108</width>
								<height>108</height>
								<texture>shape/dim90/roundedsquare.png</texture>
								<colordiffuse>80000000</colordiffuse>
								<bordersize>9</bordersize>
								<aspectratio>stretch</aspectratio>
							</control>
							<control type="label">
								<visible>ListItem.IsPlaying + !player.paused</visible>
								<posy>0</posy>
                            					<width>108</width>
                            					<height>108</height>
								<align>center</align>
								<aligny>center</aligny>
								<font>symbolSize30</font>
								<textcolor>textActive</textcolor>
								<shadowcolor/>
								<label></label>
							</control>
							<control type="label">
								<visible>ListItem.IsPlaying + player.paused</visible>
								<posy>0</posy>
                            					<width>108</width>
                            					<height>108</height>
								<align>center</align>
								<aligny>center</aligny>
								<font>symbolSize30</font>
								<textcolor>textActive</textcolor>
								<shadowcolor/>
								<label></label>
							</control>
						</control>
	                        		<control type="label">
		                        		<posx>108</posx>
		                        		<posy>9</posy>
		                        		<width>auto</width>
		                        		<height>54</height>
		                        		<align>left</align>
		                        		<font>Font28Bold</font>
							<textoffsetx>18</textoffsetx>
		                        		<textcolor>textActive</textcolor>
		                        		<label>$INFO[ListItem.Label]</label>
		           			</control>
	                        		<control type="label">
		                        		<posx>108</posx>
		                        		<posy>60</posy>
		                        		<width>auto</width>
		                        		<height>24</height>
		                        		<align>left</align>
		                        		<font>Font22Medium</font>
							<textoffsetx>18</textoffsetx>
		                        		<textcolor>textActive</textcolor>
		                        		<label>$INFO[ListItem.Label2]</label>
		           			</control>
		           		</control>
	                	</itemlayout>
	                	<focusedlayout height="108">
	                        	<control type="group">
						<include condition="!Skin.HasSetting(NoAnimationInSkin)">TempEvoFocusedItemFade</include>
						<include content="TempEvoModelListHorizontalRounded">
							<param name="modelkey_size" value="108" />
							<param name="modelkey_color" value="sorotan" />
							<param name="dimensionkey_size" value="dim108" />
						</include>
		           		</control>
	                   		<control type="group">
						<control type="image">
							<posx>0</posx>
							<posy>0</posy>
							<width>108</width>
							<height>108</height>
							<texture diffuse="shape/dim90/roundedsquare.png" background="true">$INFO[ListItem.icon]</texture>
							<colordiffuse>FFFFFFFF</colordiffuse>
							<bordersize>9</bordersize>
							<aspectratio scalediffuse="false">scale</aspectratio>
						</control>
						<control type="group">
							<visible>ListItem.IsPlaying</visible>
							<control type="image">
								<posx>0</posx>
								<posy>0</posy>
								<width>108</width>
								<height>108</height>
								<texture>shape/dim90/roundedsquare.png</texture>
								<colordiffuse>80000000</colordiffuse>
								<bordersize>9</bordersize>
								<aspectratio>stretch</aspectratio>
							</control>
							<control type="label">
								<visible>ListItem.IsPlaying + !player.paused</visible>
								<posy>0</posy>
                            					<width>108</width>
                            					<height>108</height>
								<align>center</align>
								<aligny>center</aligny>
								<font>symbolSize30</font>
								<textcolor>textActive</textcolor>
								<shadowcolor/>
								<label></label>
							</control>
							<control type="label">
								<visible>ListItem.IsPlaying + player.paused</visible>
								<posy>0</posy>
                            					<width>108</width>
                            					<height>108</height>
								<align>center</align>
								<aligny>center</aligny>
								<font>symbolSize30</font>
								<textcolor>textActive</textcolor>
								<shadowcolor/>
								<label></label>
							</control>
						</control>
	                        		<control type="label">
		                        		<posx>108</posx>
		                        		<posy>9</posy>
		                        		<width>auto</width>
		                        		<height>54</height>
		                        		<align>left</align>
		                        		<font>Font28Bold</font>
							<textoffsetx>18</textoffsetx>
		                        		<textcolor>textActive</textcolor>
		                        		<label>$INFO[ListItem.Label]</label>
		           			</control>
	                        		<control type="label">
		                        		<posx>108</posx>
		                        		<posy>60</posy>
		                        		<width>auto</width>
		                        		<height>24</height>
		                        		<align>left</align>
		                        		<font>Font22Medium</font>
							<textoffsetx>18</textoffsetx>
		                        		<textcolor>textActive</textcolor>
		                        		<label>$INFO[ListItem.Label2]</label>
		           			</control>
		           		</control>
	                	</focusedlayout>
			</control>
               	</control>
	</include>
	<include name="TempEvoVideoPlaylist">
		<include>TempEvoFixedSolidBackground</include>
		<control type="button">
			<description>background</description>
			<width>100%</width>
			<height>100%</height>
			<texturefocus />
			<texturenofocus />
			<onclick>noop</onclick>
		</control>
			  <control type="group">
				<include condition="!Skin.HasSetting(NoAnimationInSkin)">TempEvoSlideFadeDownTwoWay</include>
				<posy>50%</posy>
				<left>64</left>
				<right>64</right>
				<width>50%</width>
				<control type="label">
					<posy>216</posy>
					<height>54</height>
                    			<aligny>center</aligny>
                        		<font>Font36Bold</font>
                        		<textcolor>textActive</textcolor>
                        		<shadowcolor></shadowcolor>
					<label>$VAR[TempEvoTitleMediaFullscreen]</label>
				</control>
				<control type="label">
					<posy>270</posy>
					<height>36</height>
                        		<font>Font24Medium</font>
                        		<textcolor>textActive</textcolor>
					<aligny>center</aligny>
                        		<shadowcolor></shadowcolor>
					<label>$VAR[TempEvoSubTitleMediaFullscreen]$VAR[TempEvoSecTitleMediaFullscreen, - ,]</label>
				</control>
				<control type="progress">
		                	<description>Progress Bar</description>
					<left>0</left>
					<top>324</top>
		                	<height>3.6</height>
		                	<texturebg colordiffuse="overlay">colors/white.png</texturebg>
		                	<midtexture colordiffuse="highlight">colors/white.png</midtexture>
		                	<info>player.progress</info>
		            	</control>
        		  </control>
		<control type="group">

			<include condition="!Skin.HasSetting(NoAnimationInSkin)">TempEvoSlideFadeDownTwoWay</include>
			<left>64</left>
			<right>64</right>
	               	<bottom>0</bottom>
	               	<height>468</height>
			<control type="panel" id="50">
                    <include condition="!Skin.HasSetting(NoAnimationInSkin)">TempEvoListBounceAnimation</include>
				<left>56%</left>
				<right>0</right>
	               	<bottom>0</bottom>
			<height>864</height>
			<onup>20000</onup>
			<ondown>20001</ondown>
			<onright>5009</onright>
			<onleft>599</onleft>
			<onleft>Skin.SetBool(TempEvoOpenSideMenu)</onleft>
			<onfocus>Skin.Reset(TempEvoOpenSideMenu)</onfocus>
			<orientation>vertical</orientation>
			<pagecontrol>5009</pagecontrol>
	               		 	<itemlayout height="198">
	                        		<control type="group">
	                        			<left>18</left>
	                        			<top>9</top>
							<height>180</height>
							<control type="image">
	                        				<posx>0</posx>
	                        				<posy>0</posy>
								<width>320</width>
								<height>180</height>
	                        				<aspectratio>stretch</aspectratio>
	                        				<texture>shape/dim180/roundedlandscape.png</texture>
	                        				<bordersize>0</bordersize>
	                       					<colordiffuse>FF000000</colordiffuse>
	                    				</control>
	                        			<control type="textbox">
		                        			<left>338</left>
		                        			<right>18</right>
		                        			<posy>12</posy>
		                        			<height>86</height>
		                        			<align>left</align>
		                        			<font>Font28Bold</font>
		                        			<textcolor>textActive</textcolor>
		                        			<label>$INFO[ListItem.Title]</label>
		           				</control>
	                        			<control type="label">
		                        			<left>320</left>
		                        			<bottom>54</bottom>
		                        			<height>36</height>
		                        			<align>left</align>
		                        			<font>Font22Medium</font>
								<textoffsetx>18</textoffsetx>
		                        			<textcolor>textActive</textcolor>
		                        			<label>$VAR[PlaylistLabel2]</label>
		           				</control>
							<control type="image">
								<left>0</left>
								<posy>0</posy>
								<width>320</width>
								<height>180</height>
								<fadetime>300</fadetime>
								<texture diffuse="shape/dim180/roundedlandscape.png" background="true">$INFO[ListItem.Thumb]</texture>
								<colordiffuse>FFFFFFFF</colordiffuse>
								<bordersize>0</bordersize>
								<aspectratio scalediffuse="false">scale</aspectratio>
							</control>
							<control type="group">
								<visible>ListItem.IsPlaying</visible>
								<control type="image">
									<posx>0</posx>
									<posy>0</posy>
									<width>108</width>
									<height>108</height>
									<texture>shape/dim90/roundedsquare.png</texture>
									<colordiffuse>80000000</colordiffuse>
									<bordersize>9</bordersize>
									<aspectratio>stretch</aspectratio>
								</control>
								<control type="label">
									<visible>ListItem.IsPlaying + !player.paused</visible>
									<posy>0</posy>
                            						<width>108</width>
                            						<height>108</height>
									<align>center</align>
									<aligny>center</aligny>
									<font>symbolSize30</font>
									<textcolor>textActive</textcolor>
									<shadowcolor/>
									<label></label>
								</control>
								<control type="label">
									<visible>ListItem.IsPlaying + player.paused</visible>
									<posy>0</posy>
                            						<width>108</width>
                            						<height>108</height>
									<align>center</align>
									<aligny>center</aligny>
									<font>symbolSize30</font>
									<textcolor>textActive</textcolor>
									<shadowcolor/>
									<label></label>
								</control>
							</control>
							<control type="group">
								<visible>!String.isEmpty(ListItem.Title)</visible>
								<right>18</right>
								<bottom>18</bottom>
								<width>90</width>
								<height>24</height>
								<include content="TempEvoModelListHorizontalRounded">
									<param name="modelkey_size" value="24" />
									<param name="modelkey_color" value="sorotdark" />
									<param name="dimensionkey_size" value="dim72" />
								</include>
								<control type="label">
                   							<posx>9</posx>
                 							<posy>0</posy>
                							<font>Font20Bold</font>
                    							<width>72</width>
                   							<height>24</height>
                    							<aligny>center</aligny>
                    							<align>center</align>
		    							<label>$INFO[ListItem.Duration]</label>
									<textcolor>FFFFFFFF</textcolor>
								</control>
							</control>
						</control>
	                		</itemlayout>
	                		<focusedlayout height="198">
	                        		<control type="group">
	                        			<left>18</left>
	                        			<top>9</top>
							<height>180</height>
	                        			<control type="group">
								<include condition="!Skin.HasSetting(NoAnimationInSkin)">TempEvoFocusedItemFade</include>
								<include content="TempEvoModelListHorizontalRounded">
									<param name="modelkey_size" value="180" />
									<param name="modelkey_color" value="sorotan" />
									<param name="dimensionkey_size" value="dim180" />
								</include>
		           				</control>
							<control type="image">
	                        				<posx>0</posx>
	                        				<posy>0</posy>
								<width>320</width>
								<height>180</height>
	                        				<aspectratio>stretch</aspectratio>
	                        				<texture>shape/dim180/roundedlandscape.png</texture>
	                        				<bordersize>0</bordersize>
	                       					<colordiffuse>FF000000</colordiffuse>
	                    				</control>
	                        			<control type="textbox">
		                        			<left>338</left>
		                        			<right>18</right>
		                        			<posy>12</posy>
		                        			<height>86</height>
		                        			<align>left</align>
		                        			<font>Font28Bold</font>
		                        			<textcolor>textActive</textcolor>
		                        			<label>$INFO[ListItem.Title]</label>
		           				</control>
	                        			<control type="label">
		                        			<left>320</left>
		                        			<bottom>54</bottom>
		                        			<height>36</height>
		                        			<align>left</align>
		                        			<font>Font22Medium</font>
								<textoffsetx>18</textoffsetx>
		                        			<textcolor>textActive</textcolor>
		                        			<label>$VAR[PlaylistLabel2]</label>
		           				</control>
							<control type="image">
								<left>0</left>
								<posy>0</posy>
								<width>320</width>
								<height>180</height>
								<fadetime>300</fadetime>
								<texture diffuse="shape/dim180/roundedlandscape.png" background="true">$INFO[ListItem.Thumb]</texture>
								<colordiffuse>FFFFFFFF</colordiffuse>
								<bordersize>0</bordersize>
								<aspectratio scalediffuse="false">scale</aspectratio>
							</control>
							<control type="group">
								<visible>ListItem.IsPlaying</visible>
								<control type="image">
									<posx>0</posx>
									<posy>0</posy>
									<width>108</width>
									<height>108</height>
									<texture>shape/dim90/roundedsquare.png</texture>
									<colordiffuse>80000000</colordiffuse>
									<bordersize>9</bordersize>
									<aspectratio>stretch</aspectratio>
								</control>
								<control type="label">
									<visible>ListItem.IsPlaying + !player.paused</visible>
									<posy>0</posy>
                            						<width>108</width>
                            						<height>108</height>
									<align>center</align>
									<aligny>center</aligny>
									<font>symbolSize30</font>
									<textcolor>textActive</textcolor>
									<shadowcolor/>
									<label></label>
								</control>
								<control type="label">
									<visible>ListItem.IsPlaying + player.paused</visible>
									<posy>0</posy>
                            						<width>108</width>
                            						<height>108</height>
									<align>center</align>
									<aligny>center</aligny>
									<font>symbolSize30</font>
									<textcolor>textActive</textcolor>
									<shadowcolor/>
									<label></label>
								</control>
							</control>
							<control type="group">
								<visible>!String.isEmpty(ListItem.Title)</visible>
								<right>18</right>
								<bottom>18</bottom>
								<width>90</width>
								<height>24</height>
								<include content="TempEvoModelListHorizontalRounded">
									<param name="modelkey_size" value="24" />
									<param name="modelkey_color" value="sorotdark" />
									<param name="dimensionkey_size" value="dim72" />
								</include>
								<control type="label">
                   							<posx>9</posx>
                 							<posy>0</posy>
                							<font>Font20Bold</font>
                    							<width>72</width>
                   							<height>24</height>
                    							<aligny>center</aligny>
                    							<align>center</align>
		    							<label>$INFO[ListItem.Duration]</label>
									<textcolor>FFFFFFFF</textcolor>
								</control>
							</control>
						</control>
	                		</focusedlayout>
			</control>
               	</control>











		<control type="group">
			<posy>180</posy>
			<posx>64</posx>
			<control type="group">
				<visible>String.IsEqual(Skin.AspectRatio,4:3)</visible>
            			<include>fadeInOutVisible</include>
		   		<width>756</width>
		  		<height>576</height>
				<control type="image">
		   			<width>756</width>
		  			<height>576</height>
	                      	  	<aspectratio>stretch</aspectratio>
	                      	  	<texture>shape/ratio-review/landscape4-3.png</texture>
	                        	<bordersize>0</bordersize>
	                       		<colordiffuse>latarcolor</colordiffuse>
	               	 	</control>
	                </control>
			<control type="group">
				<visible>String.IsEqual(Skin.AspectRatio,3:2)</visible>
            			<include>fadeInOutVisible</include>
		   		<width>846</width>
		  		<height>576</height>
				<control type="image">
		   			<width>846</width>
		  			<height>576</height>
	                      	  	<aspectratio>stretch</aspectratio>
	                      	  	<texture>shape/ratio-review/landscape3-2.png</texture>
	                        	<bordersize>0</bordersize>
	                       		<colordiffuse>latarcolor</colordiffuse>
	               	 	</control>
	                </control>
			<control type="group">
				<visible>String.IsEqual(Skin.AspectRatio,16:10)</visible>
            			<include>fadeInOutVisible</include>
		   		<width>900</width>
		  		<height>576</height>
				<control type="image">
		   			<width>900</width>
		  			<height>576</height>
	                      	  	<aspectratio>stretch</aspectratio>
	                      	  	<texture>shape/ratio-review/landscape16-10.png</texture>
	                        	<bordersize>0</bordersize>
	                       		<colordiffuse>latarcolor</colordiffuse>
	               	 	</control>
	                </control>
			<control type="group">
				<visible>String.IsEqual(Skin.AspectRatio,16:10)</visible>
            			<include>fadeInOutVisible</include>
		   		<width>900</width>
		  		<height>576</height>
				<control type="image">
		   			<width>900</width>
		  			<height>576</height>
	                      	  	<aspectratio>stretch</aspectratio>
	                      	  	<texture>shape/ratio-review/landscape16-10.png</texture>
	                        	<bordersize>0</bordersize>
	                       		<colordiffuse>latarcolor</colordiffuse>
	               	 	</control>
	                </control>
			<control type="group">
				<visible>String.IsEqual(Skin.AspectRatio,15:9)</visible>
            			<include>fadeInOutVisible</include>
		   		<width>936</width>
		  		<height>576</height>
				<control type="image">
		   			<width>936</width>
		  			<height>576</height>
	                      	  	<aspectratio>stretch</aspectratio>
	                      	  	<texture>shape/ratio-review/landscape15-9.png</texture>
	                        	<bordersize>0</bordersize>
	                       		<colordiffuse>latarcolor</colordiffuse>
	               	 	</control>
	                </control>
			<control type="group">
				<visible>String.IsEqual(Skin.AspectRatio,16:9)</visible>
            			<include>fadeInOutVisible</include>
		   		<width>996</width>
		  		<height>576</height>
				<control type="image">
		   			<width>996</width>
		  			<height>576</height>
	                      	  	<aspectratio>stretch</aspectratio>
	                      	  	<texture>shape/ratio-review/landscape16-9.png</texture>
	                        	<bordersize>0</bordersize>
	                       		<colordiffuse>latarcolor</colordiffuse>
	               	 	</control>
	                </control>
			<control type="group">
				<visible>String.IsEqual(Skin.AspectRatio,17:9)</visible>
            			<include>fadeInOutVisible</include>
		   		<width>1056</width>
		  		<height>576</height>
				<control type="image">
		   			<width>1056</width>
		  			<height>576</height>
	                      	  	<aspectratio>stretch</aspectratio>
	                      	  	<texture>shape/ratio-review/landscape17-9.png</texture>
	                        	<bordersize>0</bordersize>
	                       		<colordiffuse>latarcolor</colordiffuse>
	               	 	</control>
	                </control>
			<control type="group">
				<visible>String.IsEqual(Skin.AspectRatio,18:9) | String.IsEqual(Skin.AspectRatio,18.5:9) | String.IsEqual(Skin.AspectRatio,19.5:9)</visible>
            			<include>fadeInOutVisible</include>
		   		<width>1116</width>
		  		<height>576</height>
				<control type="image">
		   			<width>1116</width>
		  			<height>576</height>
	                      	  	<aspectratio>stretch</aspectratio>
	                      	  	<texture>shape/ratio-review/landscape18-9.png</texture>
	                        	<bordersize>0</bordersize>
	                       		<colordiffuse>latarcolor</colordiffuse>
	               	 	</control>
	                </control>
			<control type="group">
				<visible>String.IsEqual(Skin.AspectRatio,21:9)</visible>
            			<include>fadeInOutVisible</include>
		   		<width>1296</width>
		  		<height>576</height>
				<control type="image">
		   			<width>1296</width>
		  			<height>576</height>
	                      	  	<aspectratio>stretch</aspectratio>
	                      	  	<texture>shape/ratio-review/landscape21-9.png</texture>
	                        	<bordersize>0</bordersize>
	                       		<colordiffuse>latarcolor</colordiffuse>
	               	 	</control>
	                </control>
		</control>
		<control type="image">
			<animation type="windowopen">
				<effect type="fade" start="0" end="100" time="0" delay="0"/>
				<effect type="zoom" start="100" end="50" center="162,396" tween="cubic" easing="out" time="300" delay="0"/>
			</animation>
			<animation type="windowclose">
				<effect type="zoom" start="50" end="100" tween="cubic" easing="out" center="162,288" time="300" delay="0"/>
        		</animation>
			<width>100%</width>
			<height>100%</height>
	                <aspectratio>stretch</aspectratio>
	                <texture>colors/white.png</texture>
	                <bordersize>0</bordersize>
	                <colordiffuse>FF000000</colordiffuse>
	        </control>
            	<control type="videowindow">
			<animation type="windowopen">
						<effect type="fade" start="0" end="100" time="0" delay="0"/>
				<effect type="zoom" start="100" end="50" center="162,396" tween="cubic" easing="out" time="300" delay="0"/>
			</animation>
			<animation type="windowclose">
				<effect type="zoom" start="50" end="100" tween="cubic" easing="out" center="162,288" time="300" delay="0"/>
        		</animation>
			<width>100%</width>
			<height>100%</height>
            	</control>
		<control type="button">
			<animation type="windowopen">
				<effect type="fade" start="0" end="100" time="0" delay="0"/>
				<effect type="zoom" start="100" end="50" center="128,396" tween="cubic" easing="out" time="300" delay="0"/>
			</animation>
			<animation type="windowclose">
				<effect type="zoom" start="50" end="100" tween="cubic" easing="out" center="128,288" time="300" delay="0"/>
        		</animation>
			<description>background close area</description>
			<width>100%</width>
			<height>100%</height>
			<texturefocus />
			<texturenofocus />
			<onclick>Action(back)</onclick>
		</control>
		<control type="group">
			<animation type="windowopen">
				<effect type="fade" start="0" end="100" time="0" delay="300"/>
			</animation>
			<animation type="windowclose">
				<effect type="fade" start="100" end="0" time="0" delay="0"/>
        		</animation>
			<posy>180</posy>
			<posx>64</posx>
			<control type="group">
				<visible>String.IsEqual(Skin.AspectRatio,4:3)</visible>
            			<include>fadeInOutVisible</include>
		   		<width>756</width>
		  		<height>576</height>
				<include content="TempEvoMiniModelBorderAllRounded">
							<param name="modelkey_size" value="36" />
					<param name="modelkey_color" value="latarcolor" />
				</include>
	                </control>
			<control type="group">
				<visible>String.IsEqual(Skin.AspectRatio,3:2)</visible>
            			<include>fadeInOutVisible</include>
		   		<width>846</width>
		  		<height>576</height>
				<include content="TempEvoModelBorderAllRounded">
							<param name="modelkey_size" value="36" />
					<param name="modelkey_color" value="latarcolor" />
				</include>
	                </control>
			<control type="group">
				<visible>String.IsEqual(Skin.AspectRatio,16:10)</visible>
            			<include>fadeInOutVisible</include>
		   		<width>900</width>
		  		<height>576</height>
				<include content="TempEvoModelBorderAllRounded">
					<param name="modelkey_color" value="latarcolor" />
				</include>
	                </control>
			<control type="group">
				<visible>String.IsEqual(Skin.AspectRatio,16:10)</visible>
            			<include>fadeInOutVisible</include>
		   		<width>900</width>
		  		<height>576</height>
				<include content="TempEvoModelBorderAllRounded">
					<param name="modelkey_color" value="latarcolor" />
				</include>
	                </control>
			<control type="group">
				<visible>String.IsEqual(Skin.AspectRatio,15:9)</visible>
            			<include>fadeInOutVisible</include>
		   		<width>936</width>
		  		<height>576</height>
				<include content="TempEvoModelBorderAllRounded">
					<param name="modelkey_color" value="latarcolor" />
				</include>
	                </control>
			<control type="group">
				<visible>String.IsEqual(Skin.AspectRatio,16:9)</visible>
            			<include>fadeInOutVisible</include>
		   		<width>996</width>
		  		<height>576</height>
				<include content="TempEvoModelBorderAllRounded">
					<param name="modelkey_color" value="latarcolor" />
				</include>
	                </control>
			<control type="group">
				<visible>String.IsEqual(Skin.AspectRatio,17:9)</visible>
            			<include>fadeInOutVisible</include>
		   		<width>1056</width>
		  		<height>576</height>
				<include content="TempEvoModelBorderAllRounded">
					<param name="modelkey_color" value="latarcolor" />
				</include>
	                </control>
			<control type="group">
				<visible>String.IsEqual(Skin.AspectRatio,18:9) | String.IsEqual(Skin.AspectRatio,18.5:9) | String.IsEqual(Skin.AspectRatio,19.5:9)</visible>
            			<include>fadeInOutVisible</include>
		   		<width>1116</width>
		  		<height>576</height>
				<include content="TempEvoModelBorderAllRounded">
					<param name="modelkey_color" value="latarcolor" />
				</include>
	                </control>
			<control type="group">
				<visible>String.IsEqual(Skin.AspectRatio,21:9)</visible>
            			<include>fadeInOutVisible</include>
		   		<width>1296</width>
		  		<height>576</height>
				<include content="TempEvoModelBorderAllRounded">
					<param name="modelkey_color" value="latarcolor" />
				</include>
	                </control>
		</control>
	</include>
</includes>
