<?xml version="1.0" encoding="UTF-8" standalone="yes"?>
<addon id="skin.tempevo.limasky" version="2.0.9" name="LimaSky TempEvo" provider-name="Nao3Line, TempeTahoo">
  <requires>
    <import addon="xbmc.gui" version="5.17.0"/>
  </requires>
    	<extension point="xbmc.addon.metadata">
        	<platform>all</platform>
        	<license>GNU GENERAL PUBLIC LICENSE Version 2.0</license>
		<forum>https://forum.kodi.tv/forumdisplay.php?fid=322</forum>
		<source>https://github.com/Nao3Line/skin.tempevo.limasky</source>
		<assets>
			<icon>icon.png</icon>
			<fanart>fanart.jpg</fanart>
		</assets>
		<news>-Remodeling Window and dialog touchscreen friendly[CR]-Added Custom Locksreen Window[CR]-Fix Animation Loading, Buffering, and list</news>
		<summary lang="ar_SA">اجعل واجهة كودي أكثر جاذبية.</summary>
		<summary lang="de_DE">Machen Sie Ihre Kodi-Oberfläche ansprechender.</summary>
		<summary lang="en_GB">Make your Kodi interface more attractive.</summary>
		<summary lang="en_US">Make your Kodi interface more attractive.</summary>
		<summary lang="ja_JP">Kodiのインターフェースをより魅力的にします。</summary>
		<summary lang="id_ID">Ubah penampilan Kodi mu menjadi menarik.</summary>
		<summary lang="ko_KR">Kodi 인터페이스를 더 매력적으로 만듭니다.</summary>
		<summary lang="ms_MY">Jadikan antara muka Kodi anda lebih menarik.</summary>
		<summary lang="nl_NL">Maak je Kodi-interface aantrekkelijker.</summary>
		<summary lang="ru_RU">Сделайте интерфейс Kodi более привлекательным.</summary>
		<summary lang="th_TH">ทำให้อินเทอร์เฟซ Kodi ของคุณน่าสนใจยิ่งขึ้น</summary>
		<summary lang="vi_VN">Làm cho giao diện Kodi của bạn hấp dẫn hơn.</summary>
		<summary lang="zh_CN">让您的Kodi界面更加美观</summary>
		<description lang="ar_SA">يتميز هذا السكن بتصميم عصري وأنيق، مع نموذج دائري يضمن تجربة مريحة أثناء استخدامه.[CR]يوصى باستخدام أحدث إصدار من كودي.</description>
		<description lang="de_DE">Dieses Skin bietet ein modernes und elegantes Design mit abgerundeten Elementen für ein komfortables Nutzungserlebnis.[CR]Wir empfehlen die neueste Kodi-Version.</description>
		<description lang="en_GB">The skin features a modern and elegant design, with a rounded model that ensures a comfortable experience while using it.[CR]It is recommended to use the latest version of Kodi.</description>
		<description lang="ja_JP">このスキンはモダンでエレガントなデザインを特徴とし、丸みを帯びたモデルで快適な使用体験を提供します。[CR]Kodiの最新バージョンの使用が推奨されます。</description>
		<description lang="id_ID">Skin yang memiliki tampilan modern dan elegan, dengan model yang membulat membuat anda merasa nyaman menggunakan skin ini.[CR]Disarankan menggunakan kodi versi terbaru.</description>
		<description lang="ko_KR">이 스킨은 현대적이고 우아한 디자인을 특징으로 하며, 둥근 모델로 사용 시 편안한 경험을 제공합니다.[CR]Kodi 최신 버전 사용을 권장합니다.</description>
		<description lang="ms_MY">Skin ini mempunyai reka bentuk moden dan elegan, dengan model bulat yang memberikan pengalaman selesa semasa menggunakannya.[CR]Disyorkan untuk menggunakan versi terkini Kodi.</description>
		<description lang="nl_NL">De skin heeft een modern en elegant ontwerp met een afgerond model dat zorgt voor een comfortabele ervaring tijdens het gebruik.[CR]Het wordt aanbevolen om de nieuwste versie van Kodi te gebruiken.</description>
		<description lang="ru_RU">Этот скин имеет современный и элегантный дизайн с закругленными элементами, обеспечивающий комфортное использование.[CR]Рекомендуется использовать последнюю версию Kodi.</description>
		<description lang="th_TH">สกินนี้มีดีไซน์ที่ทันสมัยและหรูหรา พร้อมด้วยโมเดลแบบโค้งมนที่ช่วยให้ประสบการณ์การใช้งานสะดวกสบาย[CR]แนะนำให้ใช้ Kodi เวอร์ชันล่าสุด</description>
		<description lang="vi_VN">Skin này có thiết kế hiện đại và thanh lịch, với kiểu dáng bo tròn mang lại trải nghiệm thoải mái khi sử dụng.[CR]Khuyến nghị sử dụng phiên bản Kodi mới nhất.</description>
		<description lang="zh_CN">该皮肤采用现代优雅的设计，圆润的模型确保使用时的舒适体验。[CR]推荐使用最新版Kodi</description>
		<disclaimer lang="en_GB">This skin includes the Roboto+NotoCJK font option if you are using languages that involve kanji, hangul, etc. (this may potentially slow down your device's performance).[CR]This skin might be slightly less suitable for touchscreens and mouse navigation.</disclaimer>
		<disclaimer lang="id_ID">Skin ini memiliki pilihan font Roboto+NotoCJK jika anda menggunakan bahasa yang memiliki kanji, hangul, dll (mungkin akan memberatkan peforma perangkat anda).[CR]Skin ini mungkin sedikit tidak cocok dengan layar sentuh dan tetikus</disclaimer>
    	</extension>
</addon>
