<?xml version="1.0" encoding="UTF-8"?>
<includes>
    <include name="fadeInOut">
        <animation type="windowopen"
                   loop="false"
                   reversible="false">
            <effect type="fade"
                    start="0"
                    end="100"
                    time="180" />
        </animation>
        <animation type="windowclose"
                   loop="false"
                   reversible="false">
            <effect type="fade"
                    start="100"
                    end="0"
                    time="180" />
        </animation>
    </include>
    <include name="fadeInOutDelay">
        <animation type="windowopen"
                   loop="false"
                   reversible="false">
            <effect type="fade"
                    start="0"
                    end="100"
                    time="180"
                    delay="180" />
        </animation>
        <animation type="windowclose"
                   loop="false"
                   reversible="false">
            <effect type="fade"
                    start="100"
                    end="0"
                    time="180" />
        </animation>
    </include>
    <include name="fadeInOutReversed">
        <animation type="windowclose"
                   loop="false"
                   reversible="false">
            <effect type="fade"
                    start="0"
                    end="100"
                    time="180" />
        </animation>
        <animation type="windowopen"
                   loop="false"
                   reversible="false">
            <effect type="fade"
                    start="100"
                    end="0"
                    time="180" />
        </animation>
    </include>
    <include name="fadeInOutVisible">
        <animation type="visible"
                   loop="false"
                   reversible="false">
            <effect type="fade"
                    start="0"
                    end="100"
                    time="180" />
        </animation>
        <animation type="hidden"
                   loop="false"
                   reversible="false">
            <effect type="fade"
                    start="100"
                    end="0"
                    time="180" />
        </animation>
    </include>
    <include name="fadeInOutVisibleDelay">
        <animation type="visible"
                   loop="false"
                   reversible="false">
            <effect type="fade"
                    start="0"
                    end="100"
                    time="180"
                    delay="180" />
        </animation>
        <animation type="hidden"
                   loop="false"
                   reversible="false">
            <effect type="fade"
                    start="100"
                    end="0"
                    time="180" />
        </animation>
    </include>
    <include name="ListBounceAnimation">
        <animation type="Conditional"
                   condition="Control.IsVisible(20000)"
                   reversible="false">
            <effect type="slide"
                    end="0,20"
                    time="60"
                    tween="sine" />
            <effect type="slide"
                    end="0,-20"
                    time="180"
                    tween="sine"
                    delay="80" />
        </animation>
        <animation type="Conditional"
                   condition="Control.IsVisible(20001)"
                   reversible="false">
            <effect type="slide"
                    end="0,-20"
                    time="60"
                    tween="sine" />
            <effect type="slide"
                    end="0,20"
                    time="180"
                    tween="sine"
                    delay="80" />
        </animation>
    </include>
    <include name="ListBounceAnimationH">
        <animation type="Conditional"
                   condition="Control.IsVisible(20000)"
                   reversible="false">
            <effect type="slide"
                    end="20,0"
                    time="60"
                    tween="sine" />
            <effect type="slide"
                    end="-20,0"
                    time="180"
                    tween="sine"
                    delay="80" />
        </animation>
        <animation type="Conditional"
                   condition="Control.IsVisible(20001)"
                   reversible="false">
            <effect type="slide"
                    end="-20,0"
                    time="60"
                    tween="sine" />
            <effect type="slide"
                    end="20,0"
                    time="180"
                    tween="sine"
                    delay="80" />
        </animation>
    </include>
    <!-- Animation-Window -->
    <include name="FocusedItemHomeIcon">
        <animation type="focus"
                   loop="false"
                   reversible="false">
            <effect type="slide"
                    start="0,0"
                    end="-396,0"
                    tween="cubic"
                    easing="out"
                    time="300" />
        </animation>
        <animation type="unfocus"
                   loop="false"
                   reversible="false">
            <effect type="slide"
                    start="-396,0"
                    end="0,0"
                    tween="cubic"
                    easing="out"
                    time="300" />
        </animation>
    </include>
    <include name="FocusedItemHomeLabel">
        <animation type="focus"
                   loop="false"
                   reversible="false">
            <effect type="slide"
                    start="0,0"
                    end="180,0"
                    tween="cubic"
                    easing="out"
                    time="300" />
        </animation>
        <animation type="unfocus"
                   loop="false"
                   reversible="false">
            <effect type="slide"
                    start="180,0"
                    end="0,0"
                    tween="cubic"
                    easing="out"
                    time="300" />
        </animation>
    </include>
    <include name="SlideDownTwoWay">
        <animation type="Windowopen">
            <effect type="slide"
                    start="0,1080"
                    end="0,0"
                    tween="cubic"
                    easing="inout"
                    time="240"
                    delay="0" />
        </animation>
        <animation type="Windowclose">
            <effect type="slide"
                    start="0,0"
                    end="0,1080"
                    tween="cubic"
                    easing="inout"
                    time="240" />
        </animation>
    </include>
    <include name="SlideDownTwoWayVisible">
        <animation type="Visible">
            <effect type="slide"
                    start="0,1080"
                    end="0,0"
                    tween="cubic"
                    easing="inout"
                    time="360"
                    delay="180" />
        </animation>
        <animation type="Hidden">
            <effect type="slide"
                    start="0,0"
                    end="0,1080"
                    tween="cubic"
                    easing="inout"
                    time="240" />
        </animation>
    </include>
    <!-- Animation -->
    <include name="FocusedItemFade">
        <animation type="focus"
                   loop="false"
                   reversible="false">
            <effect type="fade"
                    start="0"
                    end="100"
                    time="300" />
        </animation>
        <animation type="unfocus"
                   loop="false"
                   reversible="false">
            <effect type="fade"
                    start="100"
                    end="0"
                    time="300" />
        </animation>
    </include>
    <include name="FocusedItemFadeReversed">
        <animation type="focus"
                   loop="false"
                   reversible="false">
            <effect type="fade"
                    start="100"
                    end="0"
                    time="300" />
        </animation>
        <animation type="unfocus"
                   loop="false"
                   reversible="false">
            <effect type="fade"
                    start="0"
                    end="100"
                    time="300" />
        </animation>
    </include>
    <include name="MainSlideForSideMenu">
        <animation type="Visible">
            <effect type="slide"
                    start="-456,0"
                    end="0,0"
                    tween="quadratic"
                    easing="out"
                    time="300"
                    delay="0" />
        </animation>
        <animation type="Hidden">
            <effect type="slide"
                    start="0,0"
                    end="-456,0"
                    tween="quadratic"
                    easing="out"
                    time="300" />
        </animation>
    </include>
    <include name="MainSlideForSideMenuW">
        <animation type="Windowopen">
            <effect type="slide"
                    start="-456,0"
                    end="0,0"
                    tween="quadratic"
                    easing="out"
                    time="300"
                    delay="0" />
        </animation>
        <animation type="Windowclose">
            <effect type="slide"
                    start="0,0"
                    end="-456,0"
                    tween="quadratic"
                    easing="out"
                    time="300" />
        </animation>
    </include>
    <include name="MainSlideForBackground">
        <animation type="Windowopen">
            <effect type="fade"
                    start="0"
                    end="100"
                    time="100" />
            <effect type="slide"
                    start="1920,0"
                    end="0,0"
                    tween="quadratic"
                    easing="out"
                    time="300"
                    delay="0" />
        </animation>
        <animation type="Windowclose">
            <effect type="fade"
                    start="100"
                    end="0"
                    time="100"
                    delay="200" />
            <effect type="slide"
                    start="0,0"
                    end="1920,0"
                    tween="quadratic"
                    easing="out"
                    time="300" />
        </animation>
    </include>
    <include name="LockscreenSlide">
        <animation type="windowopen">
            <effect type="slide"
                    start="0,-1080"
                    end="0,0"
                    tween="cubic"
                    easing="in"
                    time="500" />
        </animation>
        <animation type="windowclose">
            <effect type="slide"
                    start="0,0"
                    end="0,-1080"
                    tween="cubic"
                    easing="out"
                    time="500" />
        </animation>
    </include>
    <include name="HomeZoomForBackground">
        <animation type="windowopen">
            <effect type="zoom"
                    center="auto"
                    start="200,500"
                    end="100,100"
                    time="300"
                    tween="cubic"
                    easing="out" />
        </animation>
        <animation type="windowclose">
            <effect type="zoom"
                    center="auto"
                    start="100,100"
                    end="200,500"
                    time="180"
                    tween="cubic"
                    easing="in" />
        </animation>
    </include>
    <include name="HomeIdleTransition">
        <animation type="windowopen">
            <effect type="zoom"
                    center="auto"
                    start="0,0"
                    end="200,500"
                    time="180"
                    tween="cubic"
                    easing="in" />
            <effect type="fade"
                    start="100"
                    end="0"
                    time="180"
                    delay="200" />
        </animation>
        <animation type="windowclose">
            <effect type="fade"
                    start="0"
                    end="100"
                    time="180"
                    delay="0" />
            <effect type="zoom"
                    center="auto"
                    start="200,500"
                    end="0,0"
                    time="300"
                    tween="cubic"
                    easing="out"
                    delay="200" />
        </animation>
    </include>
    <!-- SlideFadeFromRightToLeft -->
    <include name="SlideFadeFromRightToLeft">
        <animation type="Windowopen">
            <effect type="fade"
                    start="0"
                    end="100"
                    time="300" />
            <effect type="slide"
                    start="200,0"
                    end="0,0"
                    tween="cubic"
                    easing="out"
                    time="300" />
        </animation>
        <animation type="Windowclose">
            <effect type="fade"
                    start="100"
                    end="0"
                    time="300" />
            <effect type="slide"
                    start="0,0"
                    end="-200,0"
                    tween="cubic"
                    easing="out"
                    time="300" />
        </animation>
    </include>
    <include name="SlideFadeFromRightToLeftVisible">
        <animation type="Visible">
            <effect type="fade"
                    start="0"
                    end="100"
                    time="300" />
            <effect type="slide"
                    start="200,0"
                    end="0,0"
                    tween="cubic"
                    easing="out"
                    time="300" />
        </animation>
        <animation type="Hidden">
            <effect type="fade"
                    start="100"
                    end="0"
                    time="300" />
            <effect type="slide"
                    start="0,0"
                    end="-200,0"
                    tween="cubic"
                    easing="out"
                    time="300" />
        </animation>
    </include>
    <include name="SlideFadeFromRightToLeftVisibleControl">
        <definition>
            <animation type="Conditional"
                       condition="Control.IsVisible($PARAM[control_id])">
                <effect type="fade"
                        start="0"
                        end="100"
                        time="300" />
                <effect type="slide"
                        start="200,0"
                        end="0,0"
                        tween="cubic"
                        easing="out"
                        time="300" />
            </animation>
        </definition>
    </include>
    <!-- SlideFadeFromLeftToRight -->
    <include name="SlideFadeFromLeftToRight">
        <animation type="Windowopen">
            <effect type="fade"
                    start="0"
                    end="100"
                    time="300" />
            <effect type="slide"
                    start="-200,0"
                    end="0,0"
                    tween="cubic"
                    easing="out"
                    time="300" />
        </animation>
        <animation type="Windowclose">
            <effect type="fade"
                    start="100"
                    end="0"
                    time="300" />
            <effect type="slide"
                    start="0,0"
                    end="200,0"
                    tween="cubic"
                    easing="out"
                    time="300" />
        </animation>
    </include>
    <include name="SlideFadeFromLeftToRightVisible">
        <animation type="Visible">
            <effect type="fade"
                    start="0"
                    end="100"
                    time="300" />
            <effect type="slide"
                    start="-200,0"
                    end="0,0"
                    tween="cubic"
                    easing="out"
                    time="300" />
        </animation>
        <animation type="Hidden">
            <effect type="fade"
                    start="100"
                    end="0"
                    time="300" />
            <effect type="slide"
                    start="0,0"
                    end="200,0"
                    tween="cubic"
                    easing="out"
                    time="300" />
        </animation>
    </include>
    <include name="SlideFadeFromLeftToRightVisibleControl">
        <definition>
            <animation type="Conditional"
                       condition="Control.IsVisible($PARAM[control_id])">
                <effect type="fade"
                        start="0"
                        end="100"
                        time="300" />
                <effect type="slide"
                        start="-200,0"
                        end="0,0"
                        tween="cubic"
                        easing="out"
                        time="300" />
            </animation>
        </definition>
    </include>
    <!-- SlideFadeFromDownToUp -->
    <include name="SlideFadeFromDownToUp">
        <animation type="Windowopen">
            <effect type="fade"
                    start="0"
                    end="100"
                    time="300" />
            <effect type="slide"
                    start="0,200"
                    end="0,0"
                    tween="cubic"
                    easing="out"
                    time="300" />
        </animation>
        <animation type="Windowclose">
            <effect type="fade"
                    start="100"
                    end="0"
                    time="300" />
            <effect type="slide"
                    start="0,0"
                    end="0,-200"
                    tween="cubic"
                    easing="out"
                    time="300" />
        </animation>
    </include>
    <include name="SlideFadeFromDownToUpVisible">
        <animation type="Visible">
            <effect type="fade"
                    start="0"
                    end="100"
                    time="300" />
            <effect type="slide"
                    start="0,200"
                    end="0,0"
                    tween="cubic"
                    easing="out"
                    time="300" />
        </animation>
        <animation type="Hidden">
            <effect type="fade"
                    start="100"
                    end="0"
                    time="300" />
            <effect type="slide"
                    start="0,0"
                    end="0,-200"
                    tween="cubic"
                    easing="out"
                    time="300" />
        </animation>
    </include>
    <include name="SlideFadeFromDownToUpVisibleControl">
        <definition>
            <animation type="Conditional"
                       condition="Control.IsVisible($PARAM[control_id])">
                <effect type="fade"
                        start="0"
                        end="100"
                        time="300" />
                <effect type="slide"
                        start="0,200"
                        end="0,0"
                        tween="cubic"
                        easing="out"
                        time="300" />
            </animation>
        </definition>
    </include>
    <!-- SlideFadeFromUpToDown -->
    <include name="SlideFadeFromUpToDown">
        <animation type="Windowopen">
            <effect type="fade"
                    start="0"
                    end="100"
                    time="300" />
            <effect type="slide"
                    start="0,-200"
                    end="0,0"
                    tween="cubic"
                    easing="out"
                    time="300" />
        </animation>
        <animation type="Windowclose">
            <effect type="fade"
                    start="100"
                    end="0"
                    time="300" />
            <effect type="slide"
                    start="0,0"
                    end="0,200"
                    tween="cubic"
                    easing="out"
                    time="300" />
        </animation>
    </include>
    <include name="SlideFadeFromUpToDownVisible">
        <animation type="Visible">
            <effect type="fade"
                    start="0"
                    end="100"
                    time="300" />
            <effect type="slide"
                    start="0,-200"
                    end="0,0"
                    tween="cubic"
                    easing="out"
                    time="300" />
        </animation>
        <animation type="Hidden">
            <effect type="fade"
                    start="100"
                    end="0"
                    time="300" />
            <effect type="slide"
                    start="0,0"
                    end="0,200"
                    tween="cubic"
                    easing="out"
                    time="300" />
        </animation>
    </include>
    <include name="SlideFadeFromUpToDownVisibleControl">
        <definition>
            <animation type="Conditional"
                       condition="Control.IsVisible($PARAM[control_id])">
                <effect type="fade"
                        start="0"
                        end="100"
                        time="300" />
                <effect type="slide"
                        start="0,-200"
                        end="0,0"
                        tween="cubic"
                        easing="out"
                        time="300" />
            </animation>
        </definition>
    </include>
    <!-- SlideFadeRightTwoWay -->
    <include name="SlideFadeRightTwoWay">
        <animation type="Windowopen">
            <effect type="fade"
                    start="0"
                    end="100"
                    time="300" />
            <effect type="slide"
                    start="200,0"
                    end="0,0"
                    tween="cubic"
                    easing="out"
                    time="300" />
        </animation>
        <animation type="Windowclose">
            <effect type="fade"
                    start="100"
                    end="0"
                    time="300" />
            <effect type="slide"
                    start="0,0"
                    end="200,0"
                    tween="cubic"
                    easing="out"
                    time="300" />
        </animation>
    </include>
    <include name="SlideFadeRightTwoWayVisible">
        <animation type="Visible">
            <effect type="fade"
                    start="0"
                    end="100"
                    time="300" />
            <effect type="slide"
                    start="200,0"
                    end="0,0"
                    tween="cubic"
                    easing="out"
                    time="300" />
        </animation>
        <animation type="Hidden">
            <effect type="fade"
                    start="100"
                    end="0"
                    time="300" />
            <effect type="slide"
                    start="0,0"
                    end="200,0"
                    tween="cubic"
                    easing="out"
                    time="300" />
        </animation>
    </include>
    <!-- SlideFadeLeftTwoWay -->
    <include name="SlideFadeLeftTwoWay">
        <animation type="Windowopen">
            <effect type="fade"
                    start="0"
                    end="100"
                    time="300" />
            <effect type="slide"
                    start="-200,0"
                    end="0,0"
                    tween="cubic"
                    easing="out"
                    time="300" />
        </animation>
        <animation type="Windowclose">
            <effect type="fade"
                    start="100"
                    end="0"
                    time="300" />
            <effect type="slide"
                    start="0,0"
                    end="-200,0"
                    tween="cubic"
                    easing="out"
                    time="300" />
        </animation>
    </include>
    <include name="SlideFadeLeftTwoWayVisible">
        <animation type="Visible">
            <effect type="fade"
                    start="0"
                    end="100"
                    time="300" />
            <effect type="slide"
                    start="-200,0"
                    end="0,0"
                    tween="cubic"
                    easing="out"
                    time="300" />
        </animation>
        <animation type="Hidden">
            <effect type="fade"
                    start="100"
                    end="0"
                    time="300" />
            <effect type="slide"
                    start="0,0"
                    end="-200,0"
                    tween="cubic"
                    easing="out"
                    time="300" />
        </animation>
    </include>
    <!-- SlideFadeDownTwoWay -->
    <include name="SlideFadeDownTwoWay">
        <animation type="Windowopen">
            <effect type="fade"
                    start="0"
                    end="100"
                    time="300" />
            <effect type="slide"
                    start="0,200"
                    end="0,0"
                    tween="cubic"
                    easing="out"
                    time="300" />
        </animation>
        <animation type="Windowclose">
            <effect type="fade"
                    start="100"
                    end="0"
                    time="300" />
            <effect type="slide"
                    start="0,0"
                    end="0,200"
                    tween="cubic"
                    easing="out"
                    time="300" />
        </animation>
    </include>
    <include name="SlideFadeDownTwoWayVisible">
        <animation type="Visible">
            <effect type="fade"
                    start="0"
                    end="100"
                    time="300" />
            <effect type="slide"
                    start="0,200"
                    end="0,0"
                    tween="cubic"
                    easing="out"
                    time="300" />
        </animation>
        <animation type="Hidden">
            <effect type="fade"
                    start="100"
                    end="0"
                    time="300" />
            <effect type="slide"
                    start="0,0"
                    end="0,200"
                    tween="cubic"
                    easing="out"
                    time="300" />
        </animation>
    </include>
    <include name="SlideFadeDownTwoWayFastVisible">
        <animation type="Visible">
            <effect type="fade"
                    start="0"
                    end="100"
                    time="180" />
            <effect type="slide"
                    start="0,200"
                    end="0,0"
                    tween="cubic"
                    easing="out"
                    time="180" />
        </animation>
        <animation type="Hidden">
            <effect type="fade"
                    start="100"
                    end="0"
                    time="180" />
            <effect type="slide"
                    start="0,0"
                    end="0,200"
                    tween="cubic"
                    easing="out"
                    time="180" />
        </animation>
    </include>
    <include name="SlideFadeDownTwoWayVisibleControl">
        <definition>
            <animation type="Conditional"
                       condition="Control.IsVisible($PARAM[control_id])">
                <effect type="fade"
                        start="0"
                        end="100"
                        time="300" />
                <effect type="slide"
                        start="0,200"
                        end="0,0"
                        tween="cubic"
                        easing="out"
                        time="300" />
            </animation>
        </definition>
    </include>
    <!-- SlideFadeUpTwoWay -->
    <include name="SlideFadeUpTwoWay">
        <animation type="Windowopen">
            <effect type="fade"
                    start="0"
                    end="100"
                    time="300" />
            <effect type="slide"
                    start="0,-200"
                    end="0,0"
                    tween="cubic"
                    easing="out"
                    time="300" />
        </animation>
        <animation type="Windowclose">
            <effect type="fade"
                    start="100"
                    end="0"
                    time="300" />
            <effect type="slide"
                    start="0,0"
                    end="0,-200"
                    tween="cubic"
                    easing="out"
                    time="300" />
        </animation>
    </include>
    <include name="SlideFadeUpTwoWayVisible">
        <animation type="Visible">
            <effect type="fade"
                    start="0"
                    end="100"
                    time="300" />
            <effect type="slide"
                    start="0,-200"
                    end="0,0"
                    tween="cubic"
                    easing="out"
                    time="300" />
        </animation>
        <animation type="Hidden">
            <effect type="fade"
                    start="100"
                    end="0"
                    time="300" />
            <effect type="slide"
                    start="0,0"
                    end="0,-200"
                    tween="cubic"
                    easing="out"
                    time="300" />
        </animation>
    </include>
    <include name="SlideFadeDownUpWayVisibleControl">
        <definition>
            <animation type="Conditional"
                       condition="Control.IsVisible($PARAM[control_id])">
                <effect type="fade"
                        start="0"
                        end="100"
                        time="300" />
                <effect type="slide"
                        start="0,-200"
                        end="0,0"
                        tween="cubic"
                        easing="out"
                        time="300" />
            </animation>
        </definition>
    </include>
    <!-- Animation -->
    <include name="FocusedItemFadeFast">
        <animation type="focus"
                   loop="false"
                   reversible="false">
            <effect type="fade"
                    start="0"
                    end="100"
                    time="180" />
        </animation>
        <animation type="unfocus"
                   loop="false"
                   reversible="false">
            <effect type="fade"
                    start="100"
                    end="0"
                    time="180" />
        </animation>
    </include>
    <include name="FocusedItemFadeReversedFast">
        <animation type="focus"
                   loop="false"
                   reversible="false">
            <effect type="fade"
                    start="100"
                    end="0"
                    time="180" />
        </animation>
        <animation type="unfocus"
                   loop="false"
                   reversible="false">
            <effect type="fade"
                    start="0"
                    end="100"
                    time="180" />
        </animation>
    </include>
    <!-- SlideFadeFromRightToLeft -->
    <include name="SlideFadeFromRightToLeftFast">
        <animation type="Windowopen">
            <effect type="fade"
                    start="0"
                    end="100"
                    time="180" />
            <effect type="slide"
                    start="36,0"
                    end="0,0"
                    tween="cubic"
                    easing="out"
                    time="180" />
        </animation>
        <animation type="Windowclose">
            <effect type="fade"
                    start="100"
                    end="0"
                    time="180" />
            <effect type="slide"
                    start="0,0"
                    end="-36,0"
                    tween="cubic"
                    easing="out"
                    time="180" />
        </animation>
    </include>
    <include name="SlideFadeFromRightToLeftFastVisible">
        <animation type="Visible">
            <effect type="fade"
                    start="0"
                    end="100"
                    time="180" />
            <effect type="slide"
                    start="36,0"
                    end="0,0"
                    tween="cubic"
                    easing="out"
                    time="180" />
        </animation>
        <animation type="Hidden">
            <effect type="fade"
                    start="100"
                    end="0"
                    time="180" />
            <effect type="slide"
                    start="0,0"
                    end="-36,0"
                    tween="cubic"
                    easing="out"
                    time="180" />
        </animation>
    </include>
    <include name="SlideFadeFromRightToLeftFastVisibleControl">
        <definition>
            <animation type="Conditional"
                       condition="Control.IsVisible($PARAM[control_id])">
                <effect type="fade"
                        start="0"
                        end="100"
                        time="180" />
                <effect type="slide"
                        start="36,0"
                        end="0,0"
                        tween="cubic"
                        easing="out"
                        time="180" />
            </animation>
        </definition>
    </include>
    <!-- SlideFadeFromLeftToRight -->
    <include name="SlideFadeFromLeftToRightFast">
        <animation type="Windowopen">
            <effect type="fade"
                    start="0"
                    end="100"
                    time="180" />
            <effect type="slide"
                    start="-36,0"
                    end="0,0"
                    tween="cubic"
                    easing="out"
                    time="180" />
        </animation>
        <animation type="Windowclose">
            <effect type="fade"
                    start="100"
                    end="0"
                    time="180" />
            <effect type="slide"
                    start="0,0"
                    end="36,0"
                    tween="cubic"
                    easing="out"
                    time="180" />
        </animation>
    </include>
    <include name="SlideFadeFromLeftToRightFastVisible">
        <animation type="Visible">
            <effect type="fade"
                    start="0"
                    end="100"
                    time="180" />
            <effect type="slide"
                    start="-36,0"
                    end="0,0"
                    tween="cubic"
                    easing="out"
                    time="180" />
        </animation>
        <animation type="Hidden">
            <effect type="fade"
                    start="100"
                    end="0"
                    time="180" />
            <effect type="slide"
                    start="0,0"
                    end="36,0"
                    tween="cubic"
                    easing="out"
                    time="180" />
        </animation>
    </include>
    <include name="SlideFadeFromLeftToRightFastVisibleControl">
        <definition>
            <animation type="Conditional"
                       condition="Control.IsVisible($PARAM[control_id])">
                <effect type="fade"
                        start="0"
                        end="100"
                        time="180" />
                <effect type="slide"
                        start="-36,0"
                        end="0,0"
                        tween="cubic"
                        easing="out"
                        time="180" />
            </animation>
        </definition>
    </include>
    <include name="SlideFadeFromLeftToRightFastFocus">
        <animation type="Focus">
            <effect type="fade"
                    start="0"
                    end="100"
                    time="180" />
            <effect type="slide"
                    start="-36,0"
                    end="0,0"
                    tween="cubic"
                    easing="out"
                    time="180" />
        </animation>
        <animation type="Unfocus">
            <effect type="fade"
                    start="100"
                    end="0"
                    time="180" />
            <effect type="slide"
                    start="0,0"
                    end="36,0"
                    tween="cubic"
                    easing="out"
                    time="180" />
        </animation>
    </include>
    <!-- SlideFadeFromDownToUp -->
    <include name="SlideFadeFromDownToUpFast">
        <animation type="Windowopen">
            <effect type="fade"
                    start="0"
                    end="100"
                    time="180" />
            <effect type="slide"
                    start="0,36"
                    end="0,0"
                    tween="cubic"
                    easing="out"
                    time="180" />
        </animation>
        <animation type="Windowclose">
            <effect type="fade"
                    start="100"
                    end="0"
                    time="180" />
            <effect type="slide"
                    start="0,0"
                    end="0,-36"
                    tween="cubic"
                    easing="out"
                    time="180" />
        </animation>
    </include>
    <include name="SlideFadeFromDownToUpFastVisible">
        <animation type="Visible">
            <effect type="fade"
                    start="0"
                    end="100"
                    time="180" />
            <effect type="slide"
                    start="0,36"
                    end="0,0"
                    tween="cubic"
                    easing="out"
                    time="180" />
        </animation>
        <animation type="Hidden">
            <effect type="fade"
                    start="100"
                    end="0"
                    time="180" />
            <effect type="slide"
                    start="0,0"
                    end="0,-36"
                    tween="cubic"
                    easing="out"
                    time="180" />
        </animation>
    </include>
    <include name="SlideFadeFromDownToUpFastVisibleControl">
        <definition>
            <animation type="Conditional"
                       condition="Control.IsVisible($PARAM[control_id])">
                <effect type="fade"
                        start="0"
                        end="100"
                        time="180" />
                <effect type="slide"
                        start="0,36"
                        end="0,0"
                        tween="cubic"
                        easing="out"
                        time="180" />
            </animation>
        </definition>
    </include>
    <!-- SlideFadeFromUpToDown -->
    <include name="SlideFadeFromUpToDownFast">
        <animation type="Windowopen">
            <effect type="fade"
                    start="0"
                    end="100"
                    time="180" />
            <effect type="slide"
                    start="0,-36"
                    end="0,0"
                    tween="cubic"
                    easing="out"
                    time="180" />
        </animation>
        <animation type="Windowclose">
            <effect type="fade"
                    start="100"
                    end="0"
                    time="180" />
            <effect type="slide"
                    start="0,0"
                    end="0,36"
                    tween="cubic"
                    easing="out"
                    time="180" />
        </animation>
    </include>
    <include name="SlideFadeFromUpToDownFastVisible">
        <animation type="Visible">
            <effect type="fade"
                    start="0"
                    end="100"
                    time="180" />
            <effect type="slide"
                    start="0,-36"
                    end="0,0"
                    tween="cubic"
                    easing="out"
                    time="180" />
        </animation>
        <animation type="Hidden">
            <effect type="fade"
                    start="100"
                    end="0"
                    time="180" />
            <effect type="slide"
                    start="0,0"
                    end="0,36"
                    tween="cubic"
                    easing="out"
                    time="180" />
        </animation>
    </include>
    <include name="SlideFadeFromUpToDownFastVisibleControl">
        <definition>
            <animation type="Conditional"
                       condition="Control.IsVisible($PARAM[control_id])">
                <effect type="fade"
                        start="0"
                        end="100"
                        time="180" />
                <effect type="slide"
                        start="0,-36"
                        end="0,0"
                        tween="cubic"
                        easing="out"
                        time="180" />
            </animation>
        </definition>
    </include>
    <!-- SlideFadeRightTwoWay -->
    <include name="SlideFadeRightTwoWayFast">
        <animation type="Windowopen">
            <effect type="slide"
                    start="36,0"
                    end="0,0"
                    tween="cubic"
                    easing="out"
                    time="180" />
            <effect type="fade"
                    start="0"
                    end="100"
                    time="180" />
        </animation>
        <animation type="Windowclose">
            <effect type="fade"
                    start="100"
                    end="0"
                    time="180" />
            <effect type="slide"
                    start="0,0"
                    end="36,0"
                    tween="cubic"
                    easing="out"
                    time="180" />
        </animation>
    </include>
    <include name="SlideFadeRightTwoWayFastVisible">
        <animation type="Visible">
            <effect type="slide"
                    start="36,0"
                    end="0,0"
                    tween="cubic"
                    easing="out"
                    time="180" />
            <effect type="fade"
                    start="0"
                    end="100"
                    time="180" />
        </animation>
        <animation type="Hidden">
            <effect type="fade"
                    start="100"
                    end="0"
                    time="180" />
            <effect type="slide"
                    start="0,0"
                    end="36,0"
                    tween="cubic"
                    easing="out"
                    time="180" />
        </animation>
    </include>
    <include name="SlideFadeRightTwoWayFastDelayVisible">
        <animation type="Visible">
            <effect type="slide"
                    start="36,0"
                    end="0,0"
                    tween="cubic"
                    easing="out"
                    time="180"
                    delay="300" />
            <effect type="fade"
                    start="0"
                    end="100"
                    time="180"
                    delay="300" />
        </animation>
        <animation type="Hidden">
            <effect type="fade"
                    start="100"
                    end="0"
                    time="180" />
            <effect type="slide"
                    start="0,0"
                    end="36,0"
                    tween="cubic"
                    easing="out"
                    time="180" />
        </animation>
    </include>
    <!-- SlideFadeLeftTwoWay -->
    <include name="SlideFadeLeftTwoWayFast">
        <animation type="Windowopen">
            <effect type="slide"
                    start="-36,0"
                    end="0,0"
                    tween="cubic"
                    easing="out"
                    time="180" />
            <effect type="fade"
                    start="0"
                    end="100"
                    time="180" />
        </animation>
        <animation type="Windowclose">
            <effect type="fade"
                    start="100"
                    end="0"
                    time="180" />
            <effect type="slide"
                    start="0,0"
                    end="-36,0"
                    tween="cubic"
                    easing="out"
                    time="180" />
        </animation>
    </include>
    <include name="SlideFadeLeftTwoWayFastVisible">
        <animation type="Visible">
            <effect type="slide"
                    start="-36,0"
                    end="0,0"
                    tween="cubic"
                    easing="out"
                    time="180" />
            <effect type="fade"
                    start="0"
                    end="100"
                    time="180" />
        </animation>
        <animation type="Hidden">
            <effect type="fade"
                    start="100"
                    end="0"
                    time="180" />
            <effect type="slide"
                    start="0,0"
                    end="-36,0"
                    tween="cubic"
                    easing="out"
                    time="180" />
        </animation>
    </include>
    <!-- SlideFadeDownTwoWay -->
    <include name="SlideFadeDownTwoWayFast">
        <animation type="Windowopen">
            <effect type="slide"
                    start="0,36"
                    end="0,0"
                    tween="cubic"
                    easing="out"
                    time="180" />
            <effect type="fade"
                    start="0"
                    end="100"
                    time="180" />
        </animation>
        <animation type="Windowclose">
            <effect type="fade"
                    start="100"
                    end="0"
                    time="180" />
            <effect type="slide"
                    start="0,0"
                    end="0,36"
                    tween="cubic"
                    easing="out"
                    time="180" />
        </animation>
    </include>
    <include name="SlideFadeDownTwoWayFastVisibleControl">
        <definition>
            <animation type="Conditional"
                       condition="Control.IsVisible($PARAM[control_id])">
                <effect type="slide"
                        start="0,36"
                        end="0,0"
                        tween="cubic"
                        easing="out"
                        time="180" />
                <effect type="fade"
                        start="0"
                        end="100"
                        time="180" />
            </animation>
        </definition>
    </include>
    <!-- SlideFadeUpTwoWay -->
    <include name="SlideFadeUpTwoWayFast">
        <animation type="Windowopen">
            <effect type="fade"
                    start="0"
                    end="100"
                    time="180" />
            <effect type="slide"
                    start="0,-36"
                    end="0,0"
                    tween="cubic"
                    easing="out"
                    time="180" />
        </animation>
        <animation type="Windowclose">
            <effect type="fade"
                    start="100"
                    end="0"
                    time="180" />
            <effect type="slide"
                    start="0,0"
                    end="0,-36"
                    tween="cubic"
                    easing="out"
                    time="300" />
        </animation>
    </include>
    <include name="SlideFadeUpTwoWayFastVisible">
        <animation type="Visible">
            <effect type="fade"
                    start="0"
                    end="100"
                    time="180" />
            <effect type="slide"
                    start="0,-36"
                    end="0,0"
                    tween="cubic"
                    easing="out"
                    time="180" />
        </animation>
        <animation type="Hidden">
            <effect type="fade"
                    start="100"
                    end="0"
                    time="180" />
            <effect type="slide"
                    start="0,0"
                    end="0,-36"
                    tween="cubic"
                    easing="out"
                    time="180" />
        </animation>
    </include>
    <include name="SlideUpDialog">
        <animation type="Windowopen">
            <effect type="slide"
                    start="0,936"
                    end="0,0"
                    tween="cubic"
                    easing="out"
                    time="180" />
        </animation>
        <animation type="Windowclose">
            <effect type="slide"
                    start="0,0"
                    end="0,936"
                    tween="cubic"
                    easing="out"
                    time="180" />
        </animation>
    </include>
    <include name="SlideLeftDialog">
        <animation type="Windowopen">
            <effect type="slide"
                    start="936,0"
                    end="0,0"
                    tween="cubic"
                    easing="out"
                    time="180" />
        </animation>
        <animation type="Windowclose">
            <effect type="slide"
                    start="0,0"
                    end="936,0"
                    tween="cubic"
                    easing="out"
                    time="180" />
        </animation>
    </include>
    <!-- Animation-Window Home -->
    <include name="SlideUpHomeNoVideoWindow">
		<animation type="Windowopen">
			<effect type="slide" start="0,-936" end="0,0" tween="cubic" easing="out" time="360" delay="0" />
		</animation>
		<animation type="Windowclose">
			<effect type="slide" start="0,0" end="0,-936" tween="cubic" easing="out" time="360" />
		</animation>
    </include>
    <include name="SlideUpHomeFromVideoWindow">
		<animation type="Windowopen">
			<effect type="slide" start="0,-936" end="0,0" tween="cubic" easing="out" time="0" delay="0" />
		</animation>
		<animation type="Windowclose">
			<effect type="slide" start="0,0" end="0,-936" tween="cubic" easing="out" time="180" />
		</animation>
    </include>
    <!-- Animation-Focus-id59-MyMusicNav -->
    <include name="FocusedItemid59">
        <animation type="focus"
                   loop="false"
                   reversible="false">
            <effect type="slide"
                    start="90,0"
                    end="0,0"
                    tween="cubic"
                    easing="out"
                    time="180" />
        </animation>
        <animation type="unfocus"
                   loop="false"
                   reversible="false">
            <effect type="slide"
                    start="0,0"
                    end="90,0"
                    tween="cubic"
                    easing="out"
                    time="180" />
        </animation>
    </include>
</includes>