<?xml version="1.0" encoding="UTF-8"?>
<includes>
	<include name="MusicInfoArtistInfo">
		<item>
			<label>$LOCALIZE[39027]</label>
			<label2>$INFO[ListItem.Property(Artist_Sortname)]</label2>
			<visible>!String.IsEmpty(ListItem.Property(Artist_Sortname))</visible>
		</item>
		<item>
			<label>$LOCALIZE[39025]</label>
			<label2>$INFO[ListItem.Property(Artist_Gender)]</label2>
			<visible>!String.IsEmpty(ListItem.Property(Artist_Gender))</visible>
		</item>
		<item>
			<label>$LOCALIZE[467]</label>
			<label2>$INFO[ListItem.Property(Artist_Type)]</label2>
			<visible>!String.IsEmpty(ListItem.Property(Artist_Type))</visible>
		</item>
		<item>
			<label>$LOCALIZE[21893]</label>
			<label2>$INFO[ListItem.Property(Artist_Born)]</label2>
			<visible>!String.IsEmpty(ListItem.Property(Artist_Born))</visible>
		</item>
		<item>
			<label>$LOCALIZE[21897]</label>
			<label2>$INFO[ListItem.Property(Artist_Died)]</label2>
			<visible>!String.IsEmpty(ListItem.Property(Artist_Died))</visible>
		</item>
		<item>
			<label>$LOCALIZE[21894]</label>
			<label2>$INFO[ListItem.Property(Artist_Formed)]</label2>
			<visible>!String.IsEmpty(ListItem.Property(Artist_Formed))</visible>
		</item>
		<item>
			<label>$LOCALIZE[21896]</label>
			<label2>$INFO[ListItem.Property(Artist_Disbanded)]</label2>
			<visible>!String.IsEmpty(ListItem.Property(Artist_Disbanded))</visible>
		</item>
		<item>
			<label>$LOCALIZE[21898]</label>
			<label2>$INFO[ListItem.Property(Artist_YearsActive)]</label2>
			<visible>!String.IsEmpty(ListItem.Property(Artist_YearsActive))</visible>
		</item>
		<item>
			<label>$LOCALIZE[515]</label>
			<label2>$INFO[ListItem.Genre]</label2>
			<visible>!String.IsEmpty(ListItem.Genre)</visible>
		</item>
		<item>
			<label>$LOCALIZE[175]</label>
			<label2>$INFO[ListItem.Property(Artist_Mood)]</label2>
			<visible>!String.IsEmpty(ListItem.Property(Artist_Mood))</visible>
		</item>
		<item>
			<label>$LOCALIZE[176]</label>
			<label2>$INFO[ListItem.Property(Artist_Style)]</label2>
			<visible>!String.IsEmpty(ListItem.Property(Artist_Style))</visible>
		</item>
		<item>
			<label>$LOCALIZE[21892]</label>
			<label2>$INFO[ListItem.Property(Artist_Instrument)]</label2>
			<visible>!String.IsEmpty(ListItem.Property(Artist_Instrument))</visible>
		</item>
		<item>
			<label>$LOCALIZE[39026]</label>
			<label2>$INFO[ListItem.Property(Artist_Disambiguation)]</label2>
			<visible>!String.IsEmpty(ListItem.Property(Artist_Disambiguation))</visible>
		</item>
	</include>
	<include name="MusicInfoAlbumInfo">
		<item>
			<label>$LOCALIZE[557]</label>
			<label2>$INFO[ListItem.Artist]</label2>
			<visible>!String.IsEmpty(ListItem.Artist)</visible>
		</item>
		<item>
			<label>146</label>
			<label2>$INFO[ListItem.Property(Album_Type)]</label2>
			<visible>!String.IsEmpty(ListItem.Property(Album_Type))</visible>
		</item>
		<item>
			<label>$LOCALIZE[172]</label>
			<label2>$INFO[ListItem.ReleaseDate]</label2>
			<visible>!String.IsEmpty(ListItem.ReleaseDate)</visible>
		</item>
		<item>
			<label>$LOCALIZE[38079]</label>
			<label2>$INFO[ListItem.OriginalDate]</label2>
			<visible>!String.IsEmpty(ListItem.OriginalDate) + !String.IsEqual(ListItem.ReleaseDate, ListItem.OriginalDate)</visible>
		</item>
		<item>
			<label>$LOCALIZE[562]</label>
			<label2>$INFO[ListItem.Year]</label2>
			<visible>!String.IsEmpty(ListItem.Year) + String.IsEmpty(ListItem.ReleaseDate) + String.IsEmpty(ListItem.OriginalDate)</visible>
		</item>
		<item>
			<label>$LOCALIZE[180]</label>
			<label2>$INFO[ListItem.Property(album_duration)]</label2>
			<visible>!String.IsEmpty(ListItem.Property(Album_Duration))</visible>
		</item>
		<item>
			<label>$LOCALIZE[515]</label>
			<label2>$INFO[ListItem.Genre]</label2>
			<visible>!String.IsEmpty(ListItem.Genre)</visible>
		</item>
		<item>
			<label>$LOCALIZE[175]</label>
			<label2>$INFO[ListItem.Property(Album_Mood)]</label2>
			<visible>!String.IsEmpty(ListItem.Property(Album_Mood))</visible>
		</item>
		<item>
			<label>$LOCALIZE[176]</label>
			<label2>$INFO[ListItem.Property(Album_Style)]</label2>
			<visible>!String.IsEmpty(ListItem.Property(Album_Style))</visible>
		</item>
		<item>
			<label>$LOCALIZE[21895]</label>
			<label2>$INFO[ListItem.Property(Album_Theme)]</label2>
			<visible>!String.IsEmpty(ListItem.Property(Album_Theme))</visible>
		</item>
		<item>
			<label>$LOCALIZE[21899]</label>
			<label2>$INFO[ListItem.Property(Album_Label)]</label2>
			<visible>!String.IsEmpty(ListItem.Property(Album_Label))</visible>
		</item>
		<item>
			<label>$LOCALIZE[563]</label>
			<label2>$INFO[ListItem.RatingAndVotes]</label2>
			<visible>!String.IsEmpty(ListItem.RatingAndVotes)</visible>
		</item>
		<item>
			<label>$LOCALIZE[38018]</label>
			<label2>$INFO[ListItem.Userrating]</label2>
			<visible>!String.IsEmpty(ListItem.Userrating)</visible>
		</item>
	</include>
	<include name="MusicInfoSongInfo">
		<item>
			<label>$LOCALIZE[568]</label>
			<label2>$INFO[ListItem.LastPlayed]</label2>
			<visible>!String.IsEmpty(ListItem.LastPlayed)</visible>
		</item>
		<item>
			<label>$LOCALIZE[557]</label>
			<label2>$INFO[ListItem.Artist]</label2>
			<visible>!String.IsEmpty(ListItem.Artist)</visible>
		</item>
		<item>
			<label>$LOCALIZE[558]</label>
			<label2>$INFO[ListItem.Album]$INFO[listitem.discnumber, - $LOCALIZE[427] ]</label2>
			<visible>!String.IsEmpty(ListItem.Album)</visible>
		</item>
		<item>
			<label>$LOCALIZE[515]</label>
			<label2>$INFO[ListItem.Genre]</label2>
			<visible>!String.IsEmpty(ListItem.Genre)</visible>
		</item>
		<item>
			<label>$LOCALIZE[175]</label>
			<label2>$INFO[ListItem.Mood]</label2>
			<visible>!String.IsEmpty(ListItem.Mood)</visible>
		</item>
		<item>
			<label>$LOCALIZE[172]</label>
			<label2>$INFO[ListItem.ReleaseDate]</label2>
			<visible>!String.IsEmpty(ListItem.ReleaseDate)</visible>
		</item>
		<item>
			<label>$LOCALIZE[38079]</label>
			<label2>$INFO[ListItem.OriginalDate]</label2>
			<visible>!String.IsEmpty(ListItem.OriginalDate) + !String.IsEqual(ListItem.ReleaseDate, ListItem.OriginalDate)</visible>
		</item>
		<item>
			<label>$LOCALIZE[562]</label>
			<label2>$INFO[ListItem.Year]</label2>
			<visible>!String.IsEmpty(ListItem.Year) + String.IsEmpty(ListItem.ReleaseDate) + String.IsEmpty(ListItem.OriginalDate)</visible>
		</item>
		<item>
			<label>$LOCALIZE[554]</label>
			<label2>$INFO[ListItem.TrackNumber]</label2>
			<visible>!String.IsEmpty(ListItem.TrackNumber)</visible>
		</item>
		<item>
			<label>$LOCALIZE[427]</label>
			<label2>$INFO[ListItem.DiscNumber]$INFO[ListItem.DiscTitle, - ]</label2>
			<visible>Integer.IsGreater(ListItem.TotalDiscs,1)</visible>
		</item>
		<item>
			<label>$LOCALIZE[38080]</label>
			<label2>$INFO[ListItem.Bpm]</label2>
			<visible>!String.IsEmpty(ListItem.Bpm)</visible>
		</item>
		<item>
			<label>$LOCALIZE[563]</label>
			<label2>$INFO[ListItem.RatingAndVotes]</label2>
			<visible>!String.IsEmpty(ListItem.RatingAndVotes)</visible>
		</item>
		<item>
			<label>$LOCALIZE[38018]</label>
			<label2>$INFO[ListItem.Userrating]</label2>
			<visible>!String.IsEmpty(ListItem.Userrating)</visible>
		</item>
		<item>
			<label>$LOCALIZE[29903]</label>
			<label2>$INFO[ListItem.Property(Role.Composer)]</label2>
			<visible>!String.IsEmpty(ListItem.Property(Role.Composer))</visible>
		</item>
		<item>
			<label>$LOCALIZE[29905]</label>
			<label2>$INFO[ListItem.Property(Role.Conductor)]</label2>
			<visible>!String.IsEmpty(ListItem.Property(Role.Conductor))</visible>
		</item>
		<item>
			<label>$LOCALIZE[38034]</label>
			<label2>$INFO[ListItem.Property(Role.Orchestra)]</label2>
			<visible>!String.IsEmpty(ListItem.Property(Role.Orchestra))</visible>
		</item>
		<item>
			<label>$LOCALIZE[38035]</label>
			<label2>$INFO[ListItem.Property(Role.Lyricist)]</label2>
			<visible>!String.IsEmpty(ListItem.Property(Role.Lyricist))</visible>
		</item>
		<item>
			<label>$LOCALIZE[38036]</label>
			<label2>$INFO[ListItem.Property(Role.Remixer)]</label2>
			<visible>!String.IsEmpty(ListItem.Property(Role.Remixer))</visible>
		</item>
		<item>
			<label>$LOCALIZE[38037]</label>
			<label2>$INFO[ListItem.Property(Role.Arranger)]</label2>
			<visible>!String.IsEmpty(ListItem.Property(Role.Arranger))</visible>
		</item>
		<item>
			<label>$LOCALIZE[38038]</label>
			<label2>$INFO[ListItem.Property(Role.Engineer)]</label2>
			<visible>!String.IsEmpty(ListItem.Property(Role.Engineer))</visible>
		</item>
		<item>
			<label>$LOCALIZE[38039]</label>
			<label2>$INFO[ListItem.Property(Role.Producer)]</label2>
			<visible>!String.IsEmpty(ListItem.Property(Role.Producer))</visible>
		</item>
		<item>
			<label>$LOCALIZE[38040]</label>
			<label2>$INFO[ListItem.Property(Role.DJMixer)]</label2>
			<visible>!String.IsEmpty(ListItem.Property(Role.DJMixer))</visible>
		</item>
		<item>
			<label>$LOCALIZE[38041]</label>
			<label2>$INFO[ListItem.Property(Role.Mixer)]</label2>
			<visible>!String.IsEmpty(ListItem.Property(Role.Mixer))</visible>
		</item>
	</include>
</includes>
