<?xml version="1.0" encoding="UTF-8"?>
<includes>
	<include name="FavouritesViewList">
        	<control type="group" id="9999">
			<right>64</right>
			<left>64</left>
			<control type="group">
				<control type="panel" id="50">
		    			<visible>String.Contains(container.folderpath,favourites://)</visible>
					<include condition="!Skin.HasSetting(NoAnimationInSkin)">SlideFadeDownTwoWayFast</include>
					<include condition="!Skin.HasSetting(NoAnimationInSkin)">SlideFadeFromUpToDownVisible</include>
					<include condition="!Skin.HasSetting(NoAnimationInSkin)" content="SlideFadeFromUpToDownVisibleControl">
						<param name="control_id" value="50" />
					</include>
					<right>-10</right>
                   			<left>0</left>
                 			<bottom>0</bottom>
					<height>792</height>
					<onleft condition="!Skin.HasSetting(MusicSideMenu)">Skin.Setbool(OpenSideMenu)</onleft>
					<onleft condition="!Skin.HasSetting(MusicSideMenu)">Control.SetFocus(599)</onleft>
					<onfocus>Skin.Reset(OpenSideMenu)</onfocus>
            				<onright>5009</onright>
					<ondown>20001</ondown>
					<onup>20000</onup>
					<pagecontrol>5009</pagecontrol>
					<orientation>vertical</orientation>
					<scrolltime tween="cubic" easing="out">500</scrolltime>
	               		 	<itemlayout width="360" height="360">
						<control type="image">
	                        			<posx>0</posx>
	                        			<posy>0</posy>
	                        			<aspectratio>stretch</aspectratio>
	                        			<texture>shape/dim360/roundedsquare.png</texture>
	                        			<bordersize>9</bordersize>
	                       				<colordiffuse>black</colordiffuse>
	                    			</control>
						<control type="image">
							<left>0</left>
							<posy>0</posy>
							<width>360</width>
							<height>360</height>
							<texture diffuse="shape/dim360/roundedsquare.png">$INFO[ListItem.icon]</texture>
							<colordiffuse>FFFFFFFF</colordiffuse>
							<bordersize>9</bordersize>
							<fadetime>300</fadetime>
							<aspectratio scalediffuse="false">scale</aspectratio>
						</control>
						<control type="image">
	                        			<posx>0</posx>
	                        			<posy>0</posy>
	                        			<aspectratio>stretch</aspectratio>
	                        			<texture>shape/dim360/roundedsquare.png</texture>
	                        			<bordersize>9</bordersize>
	                       				<colordiffuse>80000000</colordiffuse>
	                    			</control>
	                        		<control type="label">
		                        		<posx>0</posx>
		                        		<bottom>54</bottom>
		                        		<height>36</height>
		                        		<align>left</align>
		                        		<aligny>center</aligny>
		                        		<font>Font24Bold</font>
		                        		<textcolor>textActive</textcolor>
		                        		<textoffsetx>36</textoffsetx>
		                        		<label>$INFO[ListItem.Label]</label>
		           			</control>
	                        		<control type="label">
		                        		<posx>0</posx>
		                        		<bottom>22</bottom>
		                        		<height>36</height>
		                        		<align>left</align>
		                        		<aligny>center</aligny>
		                        		<font>Font22Regular</font>
		                        		<textcolor>FFFFFFFF</textcolor>
		                        		<textoffsetx>36</textoffsetx>
		                        		<label>$INFO[ListItem.Label2]</label>
		           			</control>
	                		</itemlayout>
	                		<focusedlayout width="360" height="360">
						<control type="image">
	                        			<posx>0</posx>
	                        			<posy>0</posy>
	                        			<aspectratio>stretch</aspectratio>
	                        			<texture>shape/dim360/roundedsquare.png</texture>
	                        			<bordersize>0</bordersize>
	                       				<colordiffuse>sorotan</colordiffuse>
	                    			</control>
						<control type="image">
	                        			<posx>0</posx>
	                        			<posy>0</posy>
	                        			<aspectratio>stretch</aspectratio>
	                        			<texture>shape/dim360/roundedsquare.png</texture>
	                        			<bordersize>9</bordersize>
	                       				<colordiffuse>black</colordiffuse>
	                    			</control>
						<control type="image">
							<left>0</left>
							<posy>0</posy>
							<width>360</width>
							<height>360</height>
							<fadetime>300</fadetime>
							<texture diffuse="shape/dim360/roundedsquare.png">$INFO[ListItem.icon]</texture>
							<colordiffuse>FFFFFFFF</colordiffuse>
							<bordersize>9</bordersize>
							<aspectratio scalediffuse="false">scale</aspectratio>
						</control>
						<control type="image">
	                        			<posx>0</posx>
	                        			<posy>0</posy>
	                        			<aspectratio>stretch</aspectratio>
	                        			<texture>shape/dim360/roundedsquare.png</texture>
	                        			<bordersize>9</bordersize>
	                       				<colordiffuse>80000000</colordiffuse>
	                    			</control>
	                        		<control type="label">
		                        		<posx>0</posx>
		                        		<bottom>54</bottom>
		                        		<height>36</height>
		                        		<align>left</align>
		                        		<aligny>center</aligny>
		                        		<font>Font24Bold</font>
		                        		<textcolor>textActive</textcolor>
		                        		<textoffsetx>36</textoffsetx>
		                        		<label>$INFO[ListItem.Label]</label>
		           			</control>
	                        		<control type="label">
		                        		<posx>0</posx>
		                        		<bottom>22</bottom>
		                        		<height>36</height>
		                        		<align>left</align>
		                        		<aligny>center</aligny>
		                        		<font>Font22Regular</font>
		                        		<textcolor>FFFFFFFF</textcolor>
		                        		<textoffsetx>36</textoffsetx>
		                        		<label>$INFO[ListItem.Label2]</label>
		           			</control>
	                		</focusedlayout>
	            		</control>
	            	</control>
            	</control>
        <control type="group">
			<visible>!Skin.HasSetting(HideScrollBaronSkin)</visible>
            <include condition="!Skin.HasSetting(NoAnimationInSkin)">fadeInOutVisible</include>
			<include content="DefaultScrollbars">
				<param name="visible_verticalbar">Control.IsVisible(50)</param>
				<param name="control_HeightVer">864</param>
			</include>
		</control>
		<include content="DefaultWindowHeader">
			<param name="visible_control">true</param>
			<param name="header_label" value="$LOCALIZE[10060]"/>
			<param name="subheader_label" value=""/>
			<param name="pos_left" value="64"/>
		</include>
	</include>
	<include name="UniversalViewList">
		<control type="panel" id="501">
			<include>UniversalListVisible</include>
			<include condition="!Skin.HasSetting(NoAnimationInSkin)">ListBounceAnimation</include>
			<include condition="!Skin.HasSetting(NoAnimationInSkin)">SlideFadeDownTwoWayFast</include>
			<include condition="!Skin.HasSetting(NoAnimationInSkin)" content="SlideFadeDownTwoWayFastVisibleControl">
				<param name="control_id" value="501"/>
			</include>
			<left>18</left>
			<bottom>0</bottom>
			<height>792</height>
			<onup>20000</onup>
			<ondown>20001</ondown>
			<onright>5009</onright>
			<onleft>599</onleft>
			<onleft>Skin.SetBool(OpenSideMenu)</onleft>
			<onfocus>Skin.Reset(OpenSideMenu)</onfocus>
			<orientation>vertical</orientation>
			<pagecontrol>5009</pagecontrol>
			<viewtype label="SmallList">list</viewtype>
			<scrolltime tween="cubic" easing="out">500</scrolltime>
			<itemlayout height="72">
				<include content="ListLayoutSmallSize">
					<param name="size_height" value="72"/>
					<param name="dimensionkey_size" value="dim72"/>
					<param name="font_forlabel" value="Font22Medium"/>
					<param name="visible_details" value="true"/>
					<param name="control_label1" value="$INFO[Listitem.label]"/>
					<param name="control_label2" value="$INFO[Listitem.label2]"/>
				</include>
			</itemlayout>
			<focusedlayout height="72">
				<control type="group">
					<include condition="!Skin.HasSetting(NoAnimationInSkin)">FocusedItemFade</include>
					<include content="ModelListHorizontalRounded">
						<param name="modelkey_size" value="72"/>
						<param name="modelkey_color" value="sorotan"/>
						<param name="dimensionkey_size" value="dim72"/>
					</include>
				</control>
				<include content="ListLayoutSmallSize">
					<param name="size_height" value="72"/>
					<param name="dimensionkey_size" value="dim72"/>
					<param name="font_forlabel" value="Font22Medium"/>
					<param name="visible_details" value="true"/>
					<param name="control_label1" value="$INFO[Listitem.label]"/>
					<param name="control_label2" value="$INFO[Listitem.label2]"/>
				</include>
			</focusedlayout>
		</control>
		<control type="panel" id="502">
			<include>UniversalListVisible</include>
			<include condition="!Skin.HasSetting(NoAnimationInSkin)">ListBounceAnimation</include>
			<include condition="!Skin.HasSetting(NoAnimationInSkin)">SlideFadeDownTwoWayFast</include>
			<include condition="!Skin.HasSetting(NoAnimationInSkin)" content="SlideFadeDownTwoWayFastVisibleControl">
				<param name="control_id" value="502"/>
			</include>
			<left>18</left>
			<bottom>0</bottom>
			<height>792</height>
			<onup>20000</onup>
			<ondown>20001</ondown>
			<onright>5009</onright>
			<onleft>599</onleft>
			<onleft>Skin.SetBool(OpenSideMenu)</onleft>
			<onfocus>Skin.Reset(OpenSideMenu)</onfocus>
			<orientation>vertical</orientation>
			<pagecontrol>5009</pagecontrol>
			<viewtype label="NormalList">list</viewtype>
			<scrolltime tween="cubic" easing="out">500</scrolltime>
			<itemlayout height="108">
				<include content="ListLayoutNormalSize">
					<param name="size_height" value="108"/>
					<param name="dimensionkey_size" value="dim108"/>
					<param name="visible_details" value="true"/>
					<param name="control_label1" value="$INFO[Listitem.label]"/>
					<param name="control_label2" value="$INFO[Listitem.label2]"/>
				</include>
			</itemlayout>
			<focusedlayout height="108">
				<control type="group">
					<include condition="!Skin.HasSetting(NoAnimationInSkin)">FocusedItemFade</include>
					<include content="ModelListHorizontalRounded">
						<param name="modelkey_size" value="108"/>
						<param name="modelkey_color" value="sorotan"/>
						<param name="dimensionkey_size" value="dim108"/>
					</include>
				</control>
				<include content="ListLayoutNormalSize">
					<param name="size_height" value="108"/>
					<param name="dimensionkey_size" value="dim108"/>
					<param name="visible_details" value="true"/>
					<param name="control_label1" value="$INFO[Listitem.label]"/>
					<param name="control_label2" value="$INFO[Listitem.label2]"/>
				</include>
			</focusedlayout>
		</control>
		<control type="panel" id="503">
			<include>UniversalListVisible</include>
			<include condition="!Skin.HasSetting(NoAnimationInSkin)">ListBounceAnimation</include>
			<include condition="!Skin.HasSetting(NoAnimationInSkin)">SlideFadeDownTwoWayFast</include>
			<include condition="!Skin.HasSetting(NoAnimationInSkin)" content="SlideFadeDownTwoWayFastVisibleControl">
				<param name="control_id" value="503"/>
			</include>
			<left>18</left>
			<bottom>0</bottom>
			<height>792</height>
			<onup>20000</onup>
			<ondown>20001</ondown>
			<onright>5009</onright>
			<onleft>599</onleft>
			<onleft>Skin.SetBool(OpenSideMenu)</onleft>
			<onfocus>Skin.Reset(OpenSideMenu)</onfocus>
			<orientation>vertical</orientation>
			<pagecontrol>5009</pagecontrol>
			<viewtype label="SmallIcon">icon</viewtype>
			<scrolltime tween="cubic" easing="out">500</scrolltime>
			<itemlayout width="144" height="294">
				<control type="group">
					<left>0</left>
					<top>0</top>
					<width>144</width>
					<height>289</height>
					<control type="image">
						<left>0</left>
						<width>144</width>
						<height>144</height>
						<texture diffuse="shape/dim144/roundedsquare.png" background="true">$INFO[ListItem.icon]</texture>
						<colordiffuse>FFFFFFFF</colordiffuse>
						<bordersize>9</bordersize>
						<aspectratio scalediffuse="false">scale</aspectratio>
					</control>
					<control type="textbox">
						<left>9</left>
						<top>144</top>
						<width>126</width>
						<height>126</height>
						<font>Font18Medium</font>
						<textcolor>textActive</textcolor>
						<aligny>top</aligny>
						<align>center</align>
						<label>[B]$INFO[ListItem.Label][/B]$INFO[ListItem.Label2, - ,]</label>
					</control>
				</control>
			</itemlayout>
			<focusedlayout width="144" height="294">
				<control type="group">
					<left>0</left>
					<top>0</top>
					<width>144</width>
					<height>289</height>
					<control type="group">
						<include condition="!Skin.HasSetting(NoAnimationInSkin)">FocusedItemFade</include>
						<include content="ModelListVerticalRounded">
							<param name="modelkey_size" value="144"/>
							<param name="modelkey_color" value="sorotan"/>
							<param name="dimensionkey_size" value="dim144"/>
						</include>
					</control>
					<control type="image">
						<left>0</left>
						<width>144</width>
						<height>144</height>
						<texture diffuse="shape/dim144/roundedsquare.png" background="true">$INFO[ListItem.icon]</texture>
						<colordiffuse>FFFFFFFF</colordiffuse>
						<bordersize>9</bordersize>
						<aspectratio scalediffuse="false">scale</aspectratio>
					</control>
					<control type="textbox">
						<left>9</left>
						<top>144</top>
						<width>126</width>
						<height>126</height>
						<font>Font18Medium</font>
						<textcolor>textActive</textcolor>
						<aligny>top</aligny>
						<align>center</align>
						<label>[B]$INFO[ListItem.Label][/B]$INFO[ListItem.Label2, - ,]</label>
					</control>
				</control>
			</focusedlayout>
		</control>
		<control type="panel" id="504">
			<include>UniversalListVisible</include>
			<include condition="!Skin.HasSetting(NoAnimationInSkin)">ListBounceAnimation</include>
			<include condition="!Skin.HasSetting(NoAnimationInSkin)">SlideFadeDownTwoWayFast</include>
			<include condition="!Skin.HasSetting(NoAnimationInSkin)" content="SlideFadeDownTwoWayFastVisibleControl">
				<param name="control_id" value="504"/>
			</include>
			<left>18</left>
			<bottom>0</bottom>
			<height>792</height>
			<onup>20000</onup>
			<ondown>20001</ondown>
			<onright>5009</onright>
			<onleft>599</onleft>
			<onleft>Skin.SetBool(OpenSideMenu)</onleft>
			<onfocus>Skin.Reset(OpenSideMenu)</onfocus>
			<orientation>vertical</orientation>
			<pagecontrol>5009</pagecontrol>
			<viewtype label="BigIcon">icon</viewtype>
			<scrolltime tween="cubic" easing="out">500</scrolltime>
			<itemlayout width="324" height="396">
				<control type="group">
					<left>0</left>
					<top>0</top>
					<width>324</width>
					<height>378</height>
					<control type="image">
						<left>0</left>
						<width>324</width>
						<height>324</height>
						<texture diffuse="shape/dim360/roundedsquare.png" background="true">$INFO[ListItem.icon]</texture>
						<colordiffuse>FFFFFFFF</colordiffuse>
						<bordersize>9</bordersize>
						<aspectratio scalediffuse="false">scale</aspectratio>
					</control>
					<control type="textbox">
						<left>9</left>
						<top>320</top>
						<width>306</width>
						<height>54</height>
						<font>Font20Medium</font>
						<textcolor>textActive</textcolor>
						<aligny>top</aligny>
						<align>center</align>
						<label>[B]$INFO[ListItem.Label][/B]$INFO[ListItem.Label2, - ,]</label>
					</control>
				</control>
			</itemlayout>
			<focusedlayout width="324" height="396">
				<control type="group">
					<left>0</left>
					<top>0</top>
					<width>324</width>
					<height>378</height>
					<control type="group">
						<include condition="!Skin.HasSetting(NoAnimationInSkin)">FocusedItemFade</include>
						<include content="ModelDialogRounded">
							<param name="modelkey_size" value="144"/>
							<param name="modelkey_color" value="sorotan"/>
							<param name="dimensionkey_size" value="dim144"/>
						</include>
					</control>
					<control type="image">
						<left>0</left>
						<width>324</width>
						<height>324</height>
						<texture diffuse="shape/dim360/roundedsquare.png" background="true">$INFO[ListItem.icon]</texture>
						<colordiffuse>FFFFFFFF</colordiffuse>
						<bordersize>9</bordersize>
						<aspectratio scalediffuse="false">scale</aspectratio>
					</control>
					<control type="textbox">
						<left>9</left>
						<top>320</top>
						<width>306</width>
						<height>54</height>
						<font>Font20Medium</font>
						<textcolor>textActive</textcolor>
						<aligny>top</aligny>
						<align>center</align>
						<autoscroll delay="500" repeat="3000" time="2000">Control.HasFocus(504)</autoscroll>
						<label>[B]$INFO[ListItem.Label][/B]$INFO[ListItem.Label2, - ,]</label>
					</control>
				</control>
			</focusedlayout>
		</control>
		<control type="panel" id="505">
			<visible>$EXP[VideoLandscapeList]|$EXP[VideoEpisodeList]|$EXP[VideoListforYoutube]|$EXP[VideoMovieList]</visible>
			<include condition="!Skin.HasSetting(NoAnimationInSkin)">ListBounceAnimation</include>
			<include condition="!Skin.HasSetting(NoAnimationInSkin)">SlideFadeDownTwoWayFast</include>
			<include condition="!Skin.HasSetting(NoAnimationInSkin)" content="SlideFadeDownTwoWayFastVisibleControl">
				<param name="control_id" value="505"/>
			</include>
			<left>18</left>
			<bottom>0</bottom>
			<height>792</height>
			<onup>20000</onup>
			<ondown>20001</ondown>
			<onright>5009</onright>
			<onleft>599</onleft>
			<onleft>Skin.SetBool(OpenSideMenu)</onleft>
			<onfocus>Skin.Reset(OpenSideMenu)</onfocus>
			<orientation>vertical</orientation>
			<pagecontrol>5009</pagecontrol>
			<viewtype label="Lanskap">icon</viewtype>
			<scrolltime tween="cubic" easing="out">500</scrolltime>
			<itemlayout width="434" height="324">
				<control type="image">
					<posx>9</posx>
					<posy>9</posy>
					<width>416</width>
					<height>234</height>
					<texture>shape/dim216/roundedlandscape.png</texture>
					<colordiffuse>black</colordiffuse>
					<bordersize>0</bordersize>
					<aspectratio scalediffuse="false">scale</aspectratio>
				</control>
				<control type="image">
					<posx>9</posx>
					<posy>9</posy>
					<width>416</width>
					<height>234</height>
					<texture diffuse="shape/dim216/roundedlandscape.png" background="true">$INFO[ListItem.icon]</texture>
					<colordiffuse>FFFFFFFF</colordiffuse>
					<bordersize>0</bordersize>
					<aspectratio scalediffuse="false">scale</aspectratio>
				</control>
				<control type="image">
					<posx>9</posx>
					<posy>9</posy>
					<width>416</width>
					<height>234</height>
					<texture>shape/dim216/roundedlandscape.png</texture>
					<colordiffuse>80000000</colordiffuse>
					<bordersize>0</bordersize>
				</control>
				<control type="label">
					<visible>![String.IsEmpty(ListItem.Duration)]</visible>
					<posx>309</posx>
					<posy>195</posy>
					<width>108</width>
					<height>36</height>
					<align>center</align>
					<aligny>center</aligny>
					<font>Font22Bold</font>
					<textoffsetx>2</textoffsetx>
					<textcolor>textActive</textcolor>
					<label>$INFO[ListItem.Duration]</label>
				</control>
				<control type="group">
					<posx>18</posx>
					<posy>249</posy>
					<width>398</width>
					<control type="label">
						<posy>6</posy>
						<width>398</width>
						<height>36</height>
						<align>left</align>
						<aligny>center</aligny>
						<font>Font24Medium</font>
						<textcolor>textActive</textcolor>
						<label>$INFO[ListItem.Label]</label>
					</control>
					<control type="label">
						<posy>36</posy>
						<width>398</width>
						<height>36</height>
						<align>left</align>
						<aligny>center</aligny>
						<font>Font20Medium</font>
						<textcolor>textActive</textcolor>
						<label>$INFO[ListItem.Label2]</label>
					</control>
				</control>
			</itemlayout>
			<focusedlayout width="434" height="324">
				<control type="group">
					<include condition="!Skin.HasSetting(NoAnimationInSkin)">FocusedItemFade</include>
					<width>434</width>
					<height>324</height>
					<include content="ModelDialogRounded">
						<param name="modelkey_size" value="144"/>
						<param name="modelkey_color" value="sorotdark"/>
						<param name="dimensionkey_size" value="dim144"/>
					</include>
				</control>
				<control type="image">
					<posx>9</posx>
					<posy>9</posy>
					<width>416</width>
					<height>234</height>
					<texture>shape/dim216/roundedlandscape.png</texture>
					<colordiffuse>black</colordiffuse>
					<bordersize>0</bordersize>
					<aspectratio scalediffuse="false">scale</aspectratio>
				</control>
				<control type="image">
					<posx>9</posx>
					<posy>9</posy>
					<width>416</width>
					<height>234</height>
					<texture diffuse="shape/dim216/roundedlandscape.png" background="true">$INFO[ListItem.icon]</texture>
					<colordiffuse>FFFFFFFF</colordiffuse>
					<bordersize>0</bordersize>
					<aspectratio scalediffuse="false">scale</aspectratio>
				</control>
				<control type="image">
					<posx>9</posx>
					<posy>9</posy>
					<width>416</width>
					<height>234</height>
					<texture>shape/dim216/roundedlandscape.png</texture>
					<colordiffuse>80000000</colordiffuse>
					<bordersize>0</bordersize>
					<aspectratio scalediffuse="false">scale</aspectratio>
				</control>
				<control type="label">
					<visible>![String.IsEmpty(ListItem.Duration)]</visible>
					<posx>309</posx>
					<posy>195</posy>
					<width>108</width>
					<height>36</height>
					<align>center</align>
					<aligny>center</aligny>
					<font>Font22Bold</font>
					<textoffsetx>2</textoffsetx>
					<textcolor>textActive</textcolor>
					<label>$INFO[ListItem.Duration]</label>
				</control>
				<control type="group">
					<posx>18</posx>
					<posy>249</posy>
					<width>398</width>
					<control type="label">
						<posy>6</posy>
						<width>398</width>
						<height>36</height>
						<align>left</align>
						<aligny>center</aligny>
						<font>Font24Medium</font>
						<textcolor>textActive</textcolor>
						<label>$INFO[ListItem.Label]</label>
					</control>
					<control type="label">
						<posy>36</posy>
						<width>398</width>
						<height>36</height>
						<align>left</align>
						<aligny>center</aligny>
						<font>Font20Medium</font>
						<textcolor>textActive</textcolor>
						<label>$INFO[ListItem.Label2]</label>
					</control>
				</control>
			</focusedlayout>
		</control>
		<control type="panel" id="506">
			<visible>$EXP[VideoPosterList]</visible>
			<include condition="!Skin.HasSetting(NoAnimationInSkin)">ListBounceAnimation</include>
			<include condition="!Skin.HasSetting(NoAnimationInSkin)">SlideFadeDownTwoWayFast</include>
			<include condition="!Skin.HasSetting(NoAnimationInSkin)" content="SlideFadeDownTwoWayFastVisibleControl">
				<param name="control_id" value="506"/>
			</include>
			<left>18</left>
			<bottom>0</bottom>
			<height>792</height>
			<onup>20000</onup>
			<ondown>20001</ondown>
			<onright>5009</onright>
			<onleft>599</onleft>
			<onleft>Skin.SetBool(OpenSideMenu)</onleft>
			<onfocus>Skin.Reset(OpenSideMenu)</onfocus>
			<orientation>vertical</orientation>
			<pagecontrol>5009</pagecontrol>
			<preloaditems>2</preloaditems>
			<viewtype label="Poster">icon</viewtype>
			<scrolltime tween="cubic" easing="out">500</scrolltime>
			<itemlayout width="252" height="360">
				<control type="group">
					<left>18</left>
					<top>18</top>
					<width>216</width>
					<height>324</height>
					<control type="image">
						<posx>0</posx>
						<posy>0</posy>
						<width>216</width>
						<height>324</height>
						<aspectratio>stretch</aspectratio>
						<texture>shape/dim216/roundedposter.png</texture>
						<colordiffuse>black</colordiffuse>
						<bordersize>0</bordersize>
					</control>
					<control type="image">
						<posx>0</posx>
						<posy>0</posy>
						<width>216</width>
						<height>324</height>
						<texture diffuse="shape/dim216/roundedposter.png" background="true" fallback="defaultposter.png">$VAR[ControlVideoPosterImage]</texture>
						<colordiffuse>FFFFFFFF</colordiffuse>
						<fadetime>180</fadetime>
						<bordersize>0</bordersize>
						<aspectratio scalediffuse="false">scale</aspectratio>
					</control>
				</control>
			</itemlayout>
			<focusedlayout width="252" height="360">
				<control type="group">
					<animation type="focus">
						<effect type="zoom" center="auto" start="100" end="110" time="180" tween="cubic" easing="inout"/>
					</animation>
					<animation type="unfocus">
						<effect type="zoom" center="auto" start="110" end="100" time="180" tween="cubic" easing="inout"/>
					</animation>
					<left>18</left>
					<top>18</top>
					<width>216</width>
					<height>324</height>
					<control type="image">
						<posx>0</posx>
						<posy>0</posy>
						<width>216</width>
						<height>324</height>
						<aspectratio>stretch</aspectratio>
						<texture>shape/dim216/roundedposter.png</texture>
						<colordiffuse>black</colordiffuse>
						<bordersize>0</bordersize>
					</control>
					<control type="image">
						<posx>0</posx>
						<posy>0</posy>
						<width>216</width>
						<height>324</height>
						<texture diffuse="shape/dim216/roundedposter.png" background="true" fallback="defaultposter.png">$VAR[ControlVideoPosterImage]</texture>
						<colordiffuse>FFFFFFFF</colordiffuse>
						<bordersize>0</bordersize>
						<aspectratio scalediffuse="false">scale</aspectratio>
					</control>
				</control>
			</focusedlayout>
		</control>
	</include>
	<include name="MusicPlaylist">
		<include>FixedSolidBackground</include>
		<control type="button">
			<description>background close area</description>
			<width>1</width>
			<height>100%</height>
			<texturefocus/>
			<texturenofocus/>
			<onclick>Action(back)</onclick>
		</control>
		<control type="group">
			<include condition="!Skin.HasSetting(NoAnimationInSkin)">SlideFadeDownTwoWay</include>
			<posy>648</posy>
			<left>78</left>
			<width>648</width>
			<control type="button">
				<posy>252</posy>
				<width>auto</width>
				<height>54</height>
				<aligny>center</aligny>
				<font>Font36Bold</font>
				<textcolor>textActive</textcolor>
				<shadowcolor/>
				<texturefocus colordiffuse="80000000" border="8">shape/dim72/roundedsquare.png</texturefocus>
				<texturenofocus colordiffuse="80000000" border="8">shape/dim72/roundedsquare.png</texturenofocus>
				<label>$VAR[MediaTitleFullscreenVAR]</label>
			</control>
			<control type="button">
				<posy>318</posy>
				<width>auto</width>
				<height>36</height>
				<font>Font24Medium</font>
				<textcolor>textActive</textcolor>
				<aligny>center</aligny>
				<shadowcolor/>
				<texturefocus colordiffuse="80000000" border="8">shape/dim72/roundedsquare.png</texturefocus>
				<texturenofocus colordiffuse="80000000" border="8">shape/dim72/roundedsquare.png</texturenofocus>
				<label>$VAR[MediaSubTitleFullscreenVAR]</label>
			</control>
			<control type="button">
				<posy>360</posy>
				<width>auto</width>
				<height>36</height>
				<font>Font22Medium</font>
				<textcolor>textActive</textcolor>
				<aligny>center</aligny>
				<shadowcolor/>
				<texturefocus colordiffuse="80000000" border="8">shape/dim72/roundedsquare.png</texturefocus>
				<texturenofocus colordiffuse="80000000" border="8">shape/dim72/roundedsquare.png</texturenofocus>
				<label>$VAR[MediaSecTitleFullscreenVAR]</label>
			</control>
			<control type="progress">
				<description>Progress Bar</description>
				<left>0</left>
				<top>414</top>
				<height>3.6</height>
				<texturebg colordiffuse="overlay">colors/white.png</texturebg>
				<midtexture colordiffuse="highlight">colors/white.png</midtexture>
				<info>player.progress</info>
			</control>
		</control>
		<control type="group" id="9200">
			<include condition="!Skin.HasSetting(NoAnimationInSkin)">SlideFadeDownTwoWayFast</include>
			<include condition="!Skin.HasSetting(NoAnimationInSkin)">SlideFadeDownTwoWayFastVisible</include>
			<bottom>144</bottom>
			<left>64</left>
			<right>64</right>
			<height>792</height>
			<control type="group">
				<animation type="windowopen">
					<effect type="fade" start="0" end="100" time="180" delay="0"/>
					<effect type="Slide" start="0,-72" end="0,0" tween="cubic" easing="inout" time="180" delay="0"/>
				</animation>
				<animation type="windowclose">
					<effect type="fade" start="100" end="0" time="180" delay="330"/>
					<effect type="Slide" start="0,0" end="0,72" tween="cubic" easing="inout" time="180" delay="330"/>
				</animation>
				<animation type="Conditional" condition="!Window.isactive(musicosd) + Player.HasDuration + !Player.Paused + window.isactive(musicplaylist)">
					<effect type="slide" start="0,0" end="0,-28" tween="cubic" easing="inout" time="180" delay="0"/>
				</animation>
				<posx>18</posx>
				<posy>108</posy>
				<width>648</width>
				<height>648</height>
				<control type="image">
					<width>648</width>
					<height>648</height>
					<aspectratio>stretch</aspectratio>
					<texture colordiffuse="black">shape/dimHD/roundedsquarehalf.png</texture>
				</control>
				<control type="image">
					<width>648</width>
					<height>648</height>
					<aspectratio scalediffuse="false">keep</aspectratio>
					<texture fallback="DefaultAlbumCover.png" diffuse="shape/dimHD/roundedsquarehalf.png" background="true">$INFO[MusicPlayer.Cover]</texture>
				</control>
			</control>
			<control type="panel" id="50">
				<include condition="!Skin.HasSetting(NoAnimationInSkin)">ListBounceAnimation</include>
				<posx>702</posx>
				<bottom>-144</bottom>
				<height>792</height>
				<onup>20000</onup>
				<ondown>20001</ondown>
				<onright>5009</onright>
				<onleft>599</onleft>
				<onleft>Skin.SetBool(OpenSideMenu)</onleft>
				<onfocus>Skin.Reset(OpenSideMenu)</onfocus>
				<orientation>vertical</orientation>
				<pagecontrol>5009</pagecontrol>
				<itemlayout height="108">
					<control type="group">
						<control type="image">
							<posx>0</posx>
							<posy>0</posy>
							<width>108</width>
							<height>108</height>
							<texture diffuse="shape/dim90/roundedsquare.png" background="true">$INFO[ListItem.icon]</texture>
							<colordiffuse>FFFFFFFF</colordiffuse>
							<bordersize>9</bordersize>
							<aspectratio scalediffuse="false">scale</aspectratio>
						</control>
						<control type="group">
							<visible>ListItem.IsPlaying</visible>
							<control type="image">
								<posx>0</posx>
								<posy>0</posy>
								<width>108</width>
								<height>108</height>
								<texture>shape/dim90/roundedsquare.png</texture>
								<colordiffuse>80000000</colordiffuse>
								<bordersize>9</bordersize>
								<aspectratio>stretch</aspectratio>
							</control>
							<control type="label">
								<visible>ListItem.IsPlaying + !player.paused</visible>
								<posy>0</posy>
								<width>108</width>
								<height>108</height>
								<align>center</align>
								<aligny>center</aligny>
								<font>symbolSize30</font>
								<textcolor>textActive</textcolor>
								<shadowcolor/>
								<label></label>
							</control>
							<control type="label">
								<visible>ListItem.IsPlaying + player.paused</visible>
								<posy>0</posy>
								<width>108</width>
								<height>108</height>
								<align>center</align>
								<aligny>center</aligny>
								<font>symbolSize30</font>
								<textcolor>textActive</textcolor>
								<shadowcolor/>
								<label></label>
							</control>
						</control>
						<control type="label">
							<posx>108</posx>
							<posy>9</posy>
							<width>auto</width>
							<height>54</height>
							<align>left</align>
							<font>Font28Bold</font>
							<textoffsetx>18</textoffsetx>
							<textcolor>textActive</textcolor>
							<label>$INFO[ListItem.Label]</label>
						</control>
						<control type="label">
							<posx>108</posx>
							<posy>60</posy>
							<width>auto</width>
							<height>24</height>
							<align>left</align>
							<font>Font22Medium</font>
							<textoffsetx>18</textoffsetx>
							<textcolor>textActive</textcolor>
							<label>$INFO[ListItem.Label2]</label>
						</control>
					</control>
				</itemlayout>
				<focusedlayout height="108">
					<control type="group">
						<include condition="!Skin.HasSetting(NoAnimationInSkin)">FocusedItemFade</include>
						<include content="ModelListHorizontalRounded">
							<param name="modelkey_size" value="108"/>
							<param name="modelkey_color" value="sorotan"/>
							<param name="dimensionkey_size" value="dim108"/>
						</include>
					</control>
					<control type="group">
						<control type="image">
							<posx>0</posx>
							<posy>0</posy>
							<width>108</width>
							<height>108</height>
							<texture diffuse="shape/dim90/roundedsquare.png" background="true">$INFO[ListItem.icon]</texture>
							<colordiffuse>FFFFFFFF</colordiffuse>
							<bordersize>9</bordersize>
							<aspectratio scalediffuse="false">scale</aspectratio>
						</control>
						<control type="group">
							<visible>ListItem.IsPlaying</visible>
							<control type="image">
								<posx>0</posx>
								<posy>0</posy>
								<width>108</width>
								<height>108</height>
								<texture>shape/dim90/roundedsquare.png</texture>
								<colordiffuse>80000000</colordiffuse>
								<bordersize>9</bordersize>
								<aspectratio>stretch</aspectratio>
							</control>
							<control type="label">
								<visible>ListItem.IsPlaying + !player.paused</visible>
								<posy>0</posy>
								<width>108</width>
								<height>108</height>
								<align>center</align>
								<aligny>center</aligny>
								<font>symbolSize30</font>
								<textcolor>textActive</textcolor>
								<shadowcolor/>
								<label></label>
							</control>
							<control type="label">
								<visible>ListItem.IsPlaying + player.paused</visible>
								<posy>0</posy>
								<width>108</width>
								<height>108</height>
								<align>center</align>
								<aligny>center</aligny>
								<font>symbolSize30</font>
								<textcolor>textActive</textcolor>
								<shadowcolor/>
								<label></label>
							</control>
						</control>
						<control type="label">
							<posx>108</posx>
							<posy>9</posy>
							<width>auto</width>
							<height>54</height>
							<align>left</align>
							<font>Font28Bold</font>
							<textoffsetx>18</textoffsetx>
							<textcolor>textActive</textcolor>
							<label>$INFO[ListItem.Label]</label>
						</control>
						<control type="label">
							<posx>108</posx>
							<posy>60</posy>
							<width>auto</width>
							<height>24</height>
							<align>left</align>
							<font>Font22Medium</font>
							<textoffsetx>18</textoffsetx>
							<textcolor>textActive</textcolor>
							<label>$INFO[ListItem.Label2]</label>
						</control>
					</control>
				</focusedlayout>
			</control>
		</control>
	</include>
	<include name="VideoPlaylist">
		<include>FixedSolidBackground</include>
		<control type="button">
			<description>background</description>
			<width>100%</width>
			<height>100%</height>
			<texturefocus/>
			<texturenofocus/>
			<onclick>noop</onclick>
		</control>
		<control type="group">
			<include condition="!Skin.HasSetting(NoAnimationInSkin)">SlideFadeDownTwoWay</include>
			<posy>50%</posy>
			<left>64</left>
			<right>64</right>
			<width>50%</width>
			<control type="button">
				<posy>288</posy>
				<width>auto</width>
				<height>54</height>
				<aligny>center</aligny>
				<font>Font36Bold</font>
				<textcolor>textActive</textcolor>
				<shadowcolor/>
				<texturefocus colordiffuse="80000000" border="8">shape/dim72/roundedsquare.png</texturefocus>
				<texturenofocus colordiffuse="80000000" border="8">shape/dim72/roundedsquare.png</texturenofocus>
				<label>$VAR[MediaTitleFullscreenVAR]</label>
			</control>
			<control type="button">
				<posy>356</posy>
				<width>auto</width>
				<height>36</height>
				<font>Font24Medium</font>
				<textcolor>textActive</textcolor>
				<aligny>center</aligny>
				<shadowcolor/>
				<texturefocus colordiffuse="80000000" border="8">shape/dim72/roundedsquare.png</texturefocus>
				<texturenofocus colordiffuse="80000000" border="8">shape/dim72/roundedsquare.png</texturenofocus>
				<label>$VAR[MediaSubTitleFullscreenVAR]</label>
			</control>
			<control type="button">
				<posy>396</posy>
				<width>auto</width>
				<height>36</height>
				<font>Font22Medium</font>
				<textcolor>textActive</textcolor>
				<aligny>center</aligny>
				<shadowcolor/>
				<texturefocus colordiffuse="80000000" border="8">shape/dim72/roundedsquare.png</texturefocus>
				<texturenofocus colordiffuse="80000000" border="8">shape/dim72/roundedsquare.png</texturenofocus>
				<label>$VAR[MediaSecTitleFullscreenVAR]</label>
			</control>
			<control type="progress">
				<description>Progress Bar</description>
				<left>0</left>
				<top>468</top>
				<height>3.6</height>
				<texturebg colordiffuse="overlay">colors/white.png</texturebg>
				<midtexture colordiffuse="highlight">colors/white.png</midtexture>
				<info>player.progress</info>
			</control>
		</control>
		<control type="group">
			<include condition="!Skin.HasSetting(NoAnimationInSkin)">SlideFadeDownTwoWay</include>
			<left>64</left>
			<right>64</right>
			<bottom>0</bottom>
			<height>468</height>
			<control type="panel" id="50">
				<include condition="!Skin.HasSetting(NoAnimationInSkin)">ListBounceAnimation</include>
				<left>56%</left>
				<right>0</right>
				<bottom>0</bottom>
				<height>828</height>
				<onup>20000</onup>
				<ondown>20001</ondown>
				<onright>5009</onright>
				<onleft>599</onleft>
				<onleft>Skin.SetBool(OpenSideMenu)</onleft>
				<onfocus>Skin.Reset(OpenSideMenu)</onfocus>
				<orientation>vertical</orientation>
				<pagecontrol>5009</pagecontrol>
				<itemlayout height="108">
					<control type="group">
						<left>9</left>
						<top>0</top>
						<height>108</height>
						<control type="image">
							<posx>9</posx>
							<posy>9</posy>
							<width>160</width>
							<height>90</height>
							<aspectratio>stretch</aspectratio>
							<texture>shape/dim108/roundedlandscape.png</texture>
							<bordersize>0</bordersize>
							<colordiffuse>FF000000</colordiffuse>
						</control>
						<control type="label">
							<left>198</left>
							<right>18</right>
							<posy>12</posy>
							<height>36</height>
							<align>left</align>
							<font>Font28Bold</font>
							<textcolor>textActive</textcolor>
							<label>$INFO[ListItem.Title]</label>
						</control>
						<control type="label">
							<left>198</left>
							<posy>42</posy>
							<height>36</height>
							<align>left</align>
							<font>Font22Medium</font>
							<textoffsetx>0</textoffsetx>
							<textcolor>textActive</textcolor>
							<label>$VAR[PlaylistLabel2]</label>
						</control>
						<control type="image">
							<posx>9</posx>
							<posy>9</posy>
							<width>160</width>
							<height>90</height>
							<fadetime>300</fadetime>
							<texture diffuse="shape/dim108/roundedlandscape.png" background="true">$INFO[ListItem.Thumb]</texture>
							<colordiffuse>FFFFFFFF</colordiffuse>
							<bordersize>0</bordersize>
							<aspectratio scalediffuse="false">scale</aspectratio>
						</control>
						<control type="group">
							<visible>ListItem.IsPlaying</visible>
							<control type="image">
								<posx>9</posx>
								<posy>9</posy>
								<width>160</width>
								<height>90</height>
								<texture>shape/dim108/roundedlandscape.png</texture>
								<colordiffuse>80000000</colordiffuse>
								<bordersize>0</bordersize>
								<aspectratio>stretch</aspectratio>
							</control>
							<control type="label">
								<visible>ListItem.IsPlaying + !player.paused</visible>
								<posx>9</posx>
								<posy>9</posy>
								<width>160</width>
								<height>90</height>
								<align>center</align>
								<aligny>center</aligny>
								<font>symbolSize30</font>
								<textcolor>textActive</textcolor>
								<shadowcolor/>
								<label></label>
							</control>
							<control type="label">
								<visible>ListItem.IsPlaying + player.paused</visible>
								<posx>9</posx>
								<posy>9</posy>
								<width>160</width>
								<height>90</height>
								<align>center</align>
								<aligny>center</aligny>
								<font>symbolSize30</font>
								<textcolor>textActive</textcolor>
								<shadowcolor/>
								<label></label>
							</control>
						</control>
						<control type="group">
							<visible>!String.isEmpty(ListItem.Title)</visible>
							<right>9</right>
							<bottom>9</bottom>
							<width>90</width>
							<height>24</height>
							<include content="ModelListHorizontalRounded">
								<param name="modelkey_size" value="24"/>
								<param name="modelkey_color" value="sorotdark"/>
								<param name="dimensionkey_size" value="dim72"/>
							</include>
							<control type="label">
								<posx>9</posx>
								<posy>0</posy>
								<font>Font20Bold</font>
								<width>72</width>
								<height>24</height>
								<aligny>center</aligny>
								<align>center</align>
								<label>$INFO[ListItem.Duration]</label>
								<textcolor>FFFFFFFF</textcolor>
							</control>
						</control>
					</control>
				</itemlayout>
				<focusedlayout height="108">
					<control type="group">
						<height>108</height>
						<control type="group">
							<include condition="!Skin.HasSetting(NoAnimationInSkin)">FocusedItemFade</include>
							<include content="ModelListHorizontalRounded">
								<param name="modelkey_size" value="108"/>
								<param name="modelkey_color" value="sorotan"/>
								<param name="dimensionkey_size" value="dim108"/>
							</include>
						</control>
						<control type="group">
							<left>9</left>
							<top>0</top>
							<height>108</height>
							<control type="image">
								<posx>9</posx>
								<posy>9</posy>
								<width>160</width>
								<height>90</height>
								<aspectratio>stretch</aspectratio>
								<texture>shape/dim108/roundedlandscape.png</texture>
								<bordersize>0</bordersize>
								<colordiffuse>FF000000</colordiffuse>
							</control>
						<control type="label">
							<left>198</left>
							<right>18</right>
							<posy>12</posy>
							<height>36</height>
							<align>left</align>
							<font>Font28Bold</font>
							<textcolor>textActive</textcolor>
							<label>$INFO[ListItem.Title]</label>
						</control>
						<control type="label">
							<left>198</left>
							<posy>42</posy>
							<height>36</height>
							<align>left</align>
							<font>Font22Medium</font>
							<textoffsetx>0</textoffsetx>
							<textcolor>textActive</textcolor>
							<label>$VAR[PlaylistLabel2]</label>
						</control>
							<control type="image">
								<posx>9</posx>
								<posy>9</posy>
								<width>160</width>
								<height>90</height>
								<fadetime>300</fadetime>
								<texture diffuse="shape/dim108/roundedlandscape.png" background="true">$INFO[ListItem.Thumb]</texture>
								<colordiffuse>FFFFFFFF</colordiffuse>
								<bordersize>0</bordersize>
								<aspectratio scalediffuse="false">scale</aspectratio>
							</control>
							<control type="group">
								<visible>ListItem.IsPlaying</visible>
								<control type="image">
									<posx>9</posx>
									<posy>9</posy>
									<width>160</width>
									<height>90</height>
									<texture>shape/dim108/roundedlandscape.png</texture>
									<colordiffuse>80000000</colordiffuse>
									<bordersize>0</bordersize>
									<aspectratio>stretch</aspectratio>
								</control>
								<control type="label">
									<visible>ListItem.IsPlaying + !player.paused</visible>
									<posx>9</posx>
									<posy>9</posy>
									<width>160</width>
									<height>90</height>
									<align>center</align>
									<aligny>center</aligny>
									<font>symbolSize30</font>
									<textcolor>textActive</textcolor>
									<shadowcolor/>
									<label></label>
								</control>
								<control type="label">
									<visible>ListItem.IsPlaying + player.paused</visible>
									<posx>9</posx>
									<posy>9</posy>
									<width>160</width>
									<height>90</height>
									<align>center</align>
									<aligny>center</aligny>
									<font>symbolSize30</font>
									<textcolor>textActive</textcolor>
									<shadowcolor/>
									<label></label>
								</control>
							</control>
							<control type="group">
								<visible>!String.isEmpty(ListItem.Title)</visible>
								<right>9</right>
								<bottom>9</bottom>
								<width>90</width>
								<height>24</height>
								<include content="ModelListHorizontalRounded">
									<param name="modelkey_size" value="24"/>
									<param name="modelkey_color" value="sorotdark"/>
									<param name="dimensionkey_size" value="dim72"/>
								</include>
								<control type="label">
									<posx>9</posx>
									<posy>0</posy>
									<font>Font20Bold</font>
									<width>72</width>
									<height>24</height>
									<aligny>center</aligny>
									<align>center</align>
									<label>$INFO[ListItem.Duration]</label>
									<textcolor>FFFFFFFF</textcolor>
								</control>
							</control>
						</control>
						</control>
					</focusedlayout>
				</control>
			</control>
			<control type="group">
				<posy>252</posy>
				<posx>64</posx>
				<control type="group">
					<visible>String.IsEqual(Skin.AspectRatio,4:3)</visible>
					<include>fadeInOutVisible</include>
					<width>732</width>
					<height>552</height>
					<include content="ModelDialogRounded">
						<param name="modelkey_size" value="180"/>
						<param name="modelkey_color" value="latarcolor"/>
						<param name="dimensionkey_size" value="dim180"/>
					</include>
				</control>
				<control type="group">
					<visible>String.IsEqual(Skin.AspectRatio,3:2)</visible>
					<include>fadeInOutVisible</include>
					<width>822</width>
					<height>552</height>
					<include content="ModelDialogRounded">
						<param name="modelkey_size" value="180"/>
						<param name="modelkey_color" value="latarcolor"/>
						<param name="dimensionkey_size" value="dim180"/>
					</include>
				</control>
				<control type="group">
					<visible>String.IsEqual(Skin.AspectRatio,16:10)</visible>
					<include>fadeInOutVisible</include>
					<width>876</width>
					<height>552</height>
					<include content="ModelDialogRounded">
						<param name="modelkey_size" value="180"/>
						<param name="modelkey_color" value="latarcolor"/>
						<param name="dimensionkey_size" value="dim180"/>
					</include>
				</control>
				<control type="group">
					<visible>String.IsEqual(Skin.AspectRatio,16:10)</visible>
					<include>fadeInOutVisible</include>
					<width>876</width>
					<height>552</height>
					<include content="ModelDialogRounded">
						<param name="modelkey_size" value="180"/>
						<param name="modelkey_color" value="latarcolor"/>
						<param name="dimensionkey_size" value="dim180"/>
					</include>
				</control>
				<control type="group">
					<visible>String.IsEqual(Skin.AspectRatio,15:9)</visible>
					<include>fadeInOutVisible</include>
					<width>912</width>
					<height>552</height>
					<include content="ModelDialogRounded">
						<param name="modelkey_size" value="180"/>
						<param name="modelkey_color" value="latarcolor"/>
						<param name="dimensionkey_size" value="dim180"/>
					</include>
				</control>
				<control type="group">
					<visible>String.IsEqual(Skin.AspectRatio,16:9)</visible>
					<include>fadeInOutVisible</include>
					<width>972</width>
					<height>552</height>
					<include content="ModelDialogRounded">
						<param name="modelkey_size" value="180"/>
						<param name="modelkey_color" value="latarcolor"/>
						<param name="dimensionkey_size" value="dim180"/>
					</include>
				</control>
				<control type="group">
					<visible>String.IsEqual(Skin.AspectRatio,17:9)</visible>
					<include>fadeInOutVisible</include>
					<width>1032</width>
					<height>552</height>
					<include content="ModelDialogRounded">
						<param name="modelkey_size" value="180"/>
						<param name="modelkey_color" value="latarcolor"/>
						<param name="dimensionkey_size" value="dim180"/>
					</include>
				</control>
				<control type="group">
					<visible>String.IsEqual(Skin.AspectRatio,18:9) | String.IsEqual(Skin.AspectRatio,18.5:9) | String.IsEqual(Skin.AspectRatio,19.5:9)</visible>
					<include>fadeInOutVisible</include>
					<width>1092</width>
					<height>552</height>
					<include content="ModelDialogRounded">
						<param name="modelkey_size" value="180"/>
						<param name="modelkey_color" value="latarcolor"/>
						<param name="dimensionkey_size" value="dim180"/>
					</include>
				</control>
				<control type="group">
					<visible>String.IsEqual(Skin.AspectRatio,21:9)</visible>
					<include>fadeInOutVisible</include>
					<width>1272</width>
					<height>552</height>
					<include content="ModelDialogRounded">
						<param name="modelkey_size" value="180"/>
						<param name="modelkey_color" value="latarcolor"/>
						<param name="dimensionkey_size" value="dim180"/>
					</include>
				</control>
			</control>
			<control type="image">
				<animation type="windowopen">
					<effect type="fade" start="0" end="100" time="0" delay="0"/>
					<effect type="zoom" start="100" end="50" center="140,516" tween="cubic" easing="out" time="300" delay="0"/>
				</animation>
				<animation type="windowclose">
					<effect type="zoom" start="50" end="100" tween="cubic" easing="out" center="140,516" time="300" delay="0"/>
				</animation>
				<width>100%</width>
				<height>100%</height>
				<aspectratio>stretch</aspectratio>
				<texture>colors/white.png</texture>
				<bordersize>0</bordersize>
				<colordiffuse>FF000000</colordiffuse>
			</control>
			<control type="videowindow">
				<animation type="windowopen">
					<effect type="fade" start="0" end="100" time="0" delay="0"/>
					<effect type="zoom" start="100" end="50" center="140,516" tween="cubic" easing="out" time="300" delay="0"/>
				</animation>
				<animation type="windowclose">
					<effect type="zoom" start="50" end="100" tween="cubic" easing="out" center="140,516" time="300" delay="0"/>
				</animation>
				<width>100%</width>
				<height>100%</height>
			</control>
			<control type="button">
				<animation type="windowopen">
					<effect type="fade" start="0" end="100" time="0" delay="0"/>
					<effect type="zoom" start="100" end="50" center="140,516" tween="cubic" easing="out" time="300" delay="0"/>
				</animation>
				<animation type="windowclose">
					<effect type="zoom" start="50" end="100" tween="cubic" easing="out" center="140,516" time="300" delay="0"/>
				</animation>
				<description>background close area</description>
				<width>100%</width>
				<height>100%</height>
				<texturefocus/>
				<texturenofocus/>
				<onclick>Action(back)</onclick>
			</control>
			<control type="group">
				<animation type="windowopen">
					<effect type="fade" start="0" end="100" time="0" delay="300"/>
				</animation>
				<animation type="windowclose">
					<effect type="fade" start="100" end="0" time="0" delay="0"/>
				</animation>
				<posy>258</posy>
				<posx>70</posx>
				<control type="group">
					<visible>String.IsEqual(Skin.AspectRatio,4:3)</visible>
					<include>fadeInOutVisible</include>
					<width>720</width>
					<height>540</height>
					<include content="MiniModelBorderAllRounded">
						<param name="modelkey_size" value="12"/>
						<param name="modelkey_color" value="latarcolor"/>
					</include>
				</control>
				<control type="group">
					<visible>String.IsEqual(Skin.AspectRatio,3:2)</visible>
					<include>fadeInOutVisible</include>
					<width>810</width>
					<height>540</height>
					<include content="MiniModelBorderAllRounded">
						<param name="modelkey_size" value="12"/>
						<param name="modelkey_color" value="latarcolor"/>
					</include>
				</control>
				<control type="group">
					<visible>String.IsEqual(Skin.AspectRatio,16:10)</visible>
					<include>fadeInOutVisible</include>
					<width>864</width>
					<height>540</height>
					<include content="MiniModelBorderAllRounded">
						<param name="modelkey_size" value="12"/>
						<param name="modelkey_color" value="latarcolor"/>
					</include>
				</control>
				<control type="group">
					<visible>String.IsEqual(Skin.AspectRatio,16:10)</visible>
					<include>fadeInOutVisible</include>
					<width>864</width>
					<height>540</height>
					<include content="MiniModelBorderAllRounded">
						<param name="modelkey_size" value="12"/>
						<param name="modelkey_color" value="latarcolor"/>
					</include>
				</control>
				<control type="group">
					<visible>String.IsEqual(Skin.AspectRatio,15:9)</visible>
					<include>fadeInOutVisible</include>
					<width>900</width>
					<height>540</height>
					<include content="MiniModelBorderAllRounded">
						<param name="modelkey_size" value="12"/>
						<param name="modelkey_color" value="latarcolor"/>
					</include>
				</control>
				<control type="group">
					<visible>String.IsEqual(Skin.AspectRatio,16:9)</visible>
					<include>fadeInOutVisible</include>
					<width>960</width>
					<height>540</height>
					<include content="MiniModelBorderAllRounded">
						<param name="modelkey_size" value="12"/>
						<param name="modelkey_color" value="latarcolor"/>
					</include>
				</control>
				<control type="group">
					<visible>String.IsEqual(Skin.AspectRatio,17:9)</visible>
					<include>fadeInOutVisible</include>
					<width>1020</width>
					<height>540</height>
					<include content="MiniModelBorderAllRounded">
						<param name="modelkey_size" value="12"/>
						<param name="modelkey_color" value="latarcolor"/>
					</include>
				</control>
				<control type="group">
					<visible>String.IsEqual(Skin.AspectRatio,18:9) | String.IsEqual(Skin.AspectRatio,18.5:9) | String.IsEqual(Skin.AspectRatio,19.5:9)</visible>
					<include>fadeInOutVisible</include>
					<width>1080</width>
					<height>540</height>
					<include content="MiniModelBorderAllRounded">
						<param name="modelkey_size" value="12"/>
						<param name="modelkey_color" value="latarcolor"/>
					</include>
				</control>
				<control type="group">
					<visible>String.IsEqual(Skin.AspectRatio,21:9)</visible>
					<include>fadeInOutVisible</include>
					<width>1260</width>
					<height>540</height>
					<include content="MiniModelBorderAllRounded">
						<param name="modelkey_size" value="12"/>
						<param name="modelkey_color" value="latarcolor"/>
					</include>
				</control>
			</control>
		</include>
	</includes>
