<?xml version="1.0" encoding="UTF-8"?>
<colors>
    <color name="black">ff111111</color>
    <color name="background">ff151515</color>
    <color name="highlight">ff5ffb17</color>
    <color name="overlay">4dffffff</color>
    <color name="textActive">fff0f0f0</color>
    <color name="textDisabled">ff757575</color>
    <color name="menuDisabled">aaf0f0f0</color>
    <color name="menuUnselected">ff919191</color>
    <color name="textboxInactive">99FFFFFF</color>
    <color name="keyboardInactive">aa212121</color>
    <color name="keyboardAccent">ffBDBDBD</color>
	<color name="sorotbright">ff00B571</color>
	<color name="sorotmedium">ff50C878</color>
	<color name="sorotdark">ff105E26</color>
	<color name="sorotan">ff4F8129</color>
	<color name="latarcolor">ff003024</color>
</colors>