<?xml version="1.0" encoding="UTF-8"?>
<includes>
    	<include name="StatusBarandTimeDisplay">
        	<control type="group">
            		<visible>Player.HasVideo + ![VideoPlayer.IsFullscreen | window.isactive(videoplaylist)|Window.isActive(playercontrols)]</visible>
			<visible>!Skin.HasSetting(SetVideotoBackground)</visible>
			<animation type="visible">
            			<effect type="slide" start="0,-324" end="0,0" tween="cubic" easing="out" delay="0" time="180"/>
			</animation>
			<animation type="hidden">
            			<effect type="slide" start="0,0" end="0,-324" tween="cubic" easing="out" delay="1000" time="180"/>
			</animation>
			<animation type="Conditional" condition="[window.isactive(videos)+Control.IsVisible(53)+!Integer.IsGreater(Container(53).Row,1)]|[window.isactive(videos)+[Control.IsVisible(51)|Control.IsVisible(52)|Control.IsVisible(56)]+!Integer.IsGreater(Container.Row,0)]|[[Control.IsVisible(501)|Control.IsVisible(502)]+!Integer.IsGreater(Container.Row,2)]|[[Control.IsVisible(503)|Control.IsVisible(504)|Control.IsVisible(505)|Control.IsVisible(506)]+!Integer.IsGreater(Container.Row,0)]">
            			<effect type="slide" start="0,0" end="0,648" time="360"  tween="cubic" easing="inout" delay="0"/>
			</animation>
                   	<right>64</right>
                 	<top>126</top>
			<width>434</width>
			<height>248</height>
			<control type="group">
				<right>0</right>
        			<control type="group">
					<right>0</right>
					<posy>0</posy>
					<width>434</width>
					<height>248</height>
					<include content="TempEvoModelDialogRounded">
						<param name="modelkey_size" value="144" />
						<param name="modelkey_color" value="black" />
						<param name="dimensionkey_size" value="dim144" />
					</include>
        			</control>
        			<control type="group">
					<right>4</right>
					<posy>4</posy>
					<width>426</width>
					<height>240</height>
            				<control type="image">
						<right>0</right>
                				<posy>0</posy>
						<width>426</width>
						<height>240</height>
                				<aspectratio>stretch</aspectratio>
                				<texture>colors/black.png</texture>
                				<bordersize>0</bordersize>
            				</control>
            				<control type="videowindow">
						<right>0</right>
                				<posy>0</posy>
						<width>426</width>
						<height>240</height>
            				</control>
					<control type="group">
						<right>0</right>
                				<posy>0</posy>
						<width>426</width>
						<height>240</height>
						<include content="TempEvoMiniModelBorderAllRounded">
							<param name="modelkey_size" value="10" />
							<param name="modelkey_color" value="black" />
						</include>
	              			</control>
        			</control>
			</control>
		</control>

        	<control type="grouplist">
			<visible>!Skin.HasSetting(TurnOffStatusBar)</visible>
			<include condition="!Skin.HasSetting(NoAnimationInSkin)">fadeInOutVisibleDelay</include>
                   	<right>64</right>
                 	<top>36</top>
			<width>1080</width>
			<height>72</height>
			<itemgap>0</itemgap>
			<orientation>horizontal</orientation>
			<usecontrolcoords>false</usecontrolcoords>
			<onup>9999</onup>
			<ondown>9999</ondown>
			<onleft>9999</onleft>
			<onright>9999</onright>
			<align>right</align>
			<control type="group">
				<visible>Player.hasMedia + [Window.IsActive(VideoFullScreen.xml)|Window.IsActive(Visualisation)] + ![VideoPlayer.Content(livetv)|MusicPlayer.Content(livetv)]</visible>
            			<visible>[[!String.isEqual(Player.TimeRemaining(ss),00) + [String.isEqual(Player.TimeRemaining(HH),00) + Integer.isLess(Player.TimeRemaining(mm),01)]]+Window.isActive(videoosd)]|[[!String.isEqual(Player.TimeRemaining(ss),00) + [String.isEqual(Player.TimeRemaining(HH),00) + Integer.isLess(Player.TimeRemaining(mm),02) + !String.IsEmpty(Player.offset(1).Title)] + !String.isEmpty(Player.TimeRemaining)]+Window.isActive(videoosd)]</visible>
				<visible>![[Integer.IsGreater(PVR.EpgEventProgress,90) + Integer.IsLess(PVR.EpgEventProgress,100)] + Pvr.IsPlayingTV + VideoPlayer.Content(livetv)]</visible>
				<include condition="!Skin.HasSetting(NoAnimationInSkin)">fadeInOutVisible</include>
				<right>0</right>
				<width>450</width>
				<height>72</height>
				<control type="group">
					<width>432</width>
					<control type="group">
						<include content="TempEvoModelListHorizontalRounded">
							<param name="modelkey_size" value="72" />
							<param name="modelkey_color" value="80000000" />
							<param name="dimensionkey_size" value="dim72" />
						</include>
                    			</control>
                    			<control type="label">
						<visible>!String.isEqual(Player.TimeRemaining(ss),00) + [String.isEqual(Player.TimeRemaining(HH),00) + Integer.isLess(Player.TimeRemaining(mm),01) + !String.IsEmpty(Player.offset(1).Title)] + !String.isEmpty(Player.TimeRemaining)</visible>
						<visible>![[Integer.IsGreater(PVR.EpgEventProgress,90) + Integer.IsLess(PVR.EpgEventProgress,100)] + Pvr.IsPlayingTV + VideoPlayer.Content(livetv)]</visible>
						<include condition="!Skin.HasSetting(NoAnimationInSkin)">fadeInOutVisible</include>
                        			<description>miniheading</description>
						<left>-142</left>
						<posy>0</posy>
                     				<font>Font72Bold</font>
                    				<width>144</width>
                     				<height>72</height>
                     				<textcolor>CC808080</textcolor>
        					<shadowcolor>80000000</shadowcolor>
						<aligny>center</aligny>
						<align>right</align>
		    				<wrapmultiline>false</wrapmultiline>
						<textoffsetx>0</textoffsetx>
		    				<label>$INFO[Player.TimeRemaining(ss)]</label>
                    			</control>
                   	 		<control type="label">
              					<right>0</right>
						<posy>6</posy>
						<width>432</width>
                   				<height>36</height>
						<aligny>center</aligny>
						<align>left</align>
                				<font>Font22Bold</font>
		             			<textoffsetx>18</textoffsetx>
                				<wrapmultiline>false</wrapmultiline>
                     				<textcolor>FFFFFFFF</textcolor>
       	 					<shadowcolor>40000000</shadowcolor>
		    				<label>$LOCALIZE[209]</label>
                    			</control>
                   	 		<control type="label">
              					<right>0</right>
						<posy>39</posy>
						<width>432</width>
                   				<height>24</height>
						<aligny>center</aligny>
						<align>left</align>
                				<font>Font18Medium</font>
		             			<textoffsetx>18</textoffsetx>
                				<wrapmultiline>false</wrapmultiline>
                     				<textcolor>FFFFFFFF</textcolor>
       	 					<shadowcolor>40000000</shadowcolor>
		    				<label>$VAR[TempEvoNextMediaLab]</label>
                    			</control>
                   	 		<control type="label">
            					<visible>[String.isEmpty(VideoPlayer.offset(1).Title) + String.isEmpty(MusicPlayer.offset(1).Title)]</visible>
						<visible>![[Integer.IsGreater(PVR.EpgEventProgress,90) + Integer.IsLess(PVR.EpgEventProgress,100)] + Pvr.IsPlayingTV + VideoPlayer.Content(livetv)]</visible>
              					<right>0</right>
						<posy>39</posy>
						<width>396</width>
                   				<height>24</height>
						<aligny>center</aligny>
						<align>left</align>
                				<font>Font18Medium</font>
		             			<textoffsetx>18</textoffsetx>
                				<wrapmultiline>false</wrapmultiline>
                     				<textcolor>FFFFFFFF</textcolor>
       	 					<shadowcolor>40000000</shadowcolor>
		    				<label>$LOCALIZE[31074] [B]$INFO[Player.TimeRemaining][/B]</label>
                    			</control>
				</control>
			</control>
			<control type="group">
				<visible>Player.hasMedia + ![Window.IsActive(VideoFullScreen.xml)|Window.IsActive(Visualisation)]</visible>
				<include condition="!Skin.HasSetting(NoAnimationInSkin)">fadeInOutVisible</include>
				<right>0</right>
				<width>366</width>
				<height>54</height>
				<control type="group">
                   	<posy>9</posy>
					<width>360</width>
					<control type="button" id="89000">
                   				<right>0</right>
                 				<top>0</top>
						<width>360</width>
						<height>54</height>
						<onup>noop</onup>
						<ondown>9999</ondown>
						<texturefocus colordiffuse="00ffffff">colors/white.png</texturefocus>
						<texturenofocus colordiffuse="00ffffff">colors/white.png</texturenofocus>
						<onclick condition="!Window.isActive(playercontrols)">ActivateWindow(playercontrols)</onclick>
						<onclick condition="Window.isActive(playercontrols)">Dialog.Close(playercontrols)</onclick>
						<onclick condition="Window.isActive(visualisation)">Dialog.Close(all)</onclick>
					</control>
					<control type="group">
					<control type="image">
                				<posy>0</posy>
              					<right>0</right>
						<width>54</width>
						<height>54</height>
						<aspectratio scalediffuse="false">scale</aspectratio>
						<texture diffuse="shape/dim72/roundedright.png">$INFO[Player.Art(thumb)]</texture>
						<bordersize>0</bordersize>
						<colordiffuse>FFFFFFFF</colordiffuse>
					</control>
						<include content="TempEvoModelListHorizontalRounded">
							<param name="modelkey_size" value="54" />
							<param name="modelkey_color" value="80000000" />
							<param name="dimensionkey_size" value="dim72" />
						</include>
                    			</control>
                   	 		<control type="label">
              					<right>0</right>
						<posy>2</posy>
						<width>360</width>
                   				<height>32</height>
						<aligny>center</aligny>
						<align>left</align>
                				<font>Font20Bold</font>
		             			<textoffsetx>12</textoffsetx>
                				<wrapmultiline>false</wrapmultiline>
                     				<textcolor>FFFFFFFF</textcolor>
       	 					<shadowcolor>40000000</shadowcolor>
		    				<label>$VAR[TempEvoTitleMediaNotif]</label>
                    			</control>
                   	 		<control type="label">
              					<right>0</right>
						<posy>30</posy>
						<width>360</width>
                   				<height>22</height>
						<aligny>center</aligny>
						<align>left</align>
                				<font>Font16Medium</font>
		             			<textoffsetx>12</textoffsetx>
                				<wrapmultiline>false</wrapmultiline>
                     				<textcolor>FFFFFFFF</textcolor>
       	 					<shadowcolor>40000000</shadowcolor>
		    				<label>$VAR[TempEvoSubTitleMediaNotif]</label>
                    			</control>
				</control>
			</control>
            		<control type="group">
				<visible>!String.isEmpty(Weather.Location)</visible>
				<visible>![Window.IsActive(VideoFullScreen.xml)+![Window.IsActive(videoosd)]]</visible>
				<include condition="!Skin.HasSetting(NoAnimationInSkin)">fadeInOutVisible</include>
				<width>132</width>
		               	<height>72</height>
            			<control type="group">
                   			<left>0</left>
                   			<posy>9</posy>
					<width>126</width>
		              	 	<height>54</height>
					<include content="TempEvoModelListHorizontalRounded">
						<param name="modelkey_size" value="54" />
						<param name="modelkey_color" value="80000000" />
						<param name="dimensionkey_size" value="dim72" />
					</include>
                    			<control type="label">
	    					<right>0</right>
                    				<posy>18</posy>
                    				<description>time</description>
                				<font>Font36Bold</font>
                     				<textcolor>80FFFFFF</textcolor>
						<textoffsetx>0</textoffsetx>
						<width>126</width>
						<height>36</height>
                    				<aligny>center</aligny>
                    				<align>right</align>
		    				<label>$INFO[Weather.Temperature]</label>
                    			</control>
                    			<control type="wraplist" id="4091">
                				<autoscroll time="8000">true</autoscroll>
						<scrolltime tween="cubic" easing="inout">180</scrolltime>
						<posy>0</posy>
              					<posx>6</posx>
                    				<width>132</width>
                     				<height>54</height>
						<enable>false</enable>
	    					<itemlayout width="108" height="54">
                   	 				<control type="textbox">
								<posy>-2</posy>
                    				<width>108</width>
                     				<height>56</height>
								<aligny>top</aligny>
								<align>left</align>
                						<font>Font20Medium</font>
                     						<textcolor>FFFFFFFF</textcolor>
       	 							<shadowcolor>40000000</shadowcolor>
		    						<label>$INFO[ListItem.Label]</label>
                    					</control>
                				</itemlayout>
	    					<focusedlayout width="108" height="54">
                   	 				<control type="textbox">
								<posy>-2</posy>
                    				<width>108</width>
                     				<height>56</height>
								<aligny>top</aligny>
								<align>left</align>
                						<font>Font20Medium</font>
                     						<textcolor>FFFFFFFF</textcolor>
       	 							<shadowcolor>40000000</shadowcolor>
		    						<label>$INFO[ListItem.Label]</label>
                    					</control>
                				</focusedlayout>
						<content>
							<item id="1">
								<label>[B]$INFO[Weather.Location][/B]</label>
							</item>
							<item id="2">
								<label>$INFO[Weather.Conditions]</label>
							</item>
						</content>
                    			</control>
				</control>
		        </control>
            		<control type="group">
				<visible>![Window.IsActive(VideoFullScreen.xml)+![Window.IsActive(videoosd)]]</visible>
				<include condition="!Skin.HasSetting(NoAnimationInSkin)">fadeInOutVisibleDelay</include>
				<width>60</width>
		               	<height>72</height>
            			<control type="group">
                   			<posy>9</posy>
					<width>54</width>
		              	 	<height>54</height>
					<control type="image">
						<width>54</width>
		              	 		<height>54</height>
	                        		<texture>shape/dim72/roundedsquare.png</texture>
						<colordiffuse>80000000</colordiffuse>
	                        		<bordersize>0</bordersize>
	                    		</control>
                    			<control type="wraplist" id="4090">
                				<autoscroll time="5000">true</autoscroll>
						<scrolltime tween="cubic" easing="inout">180</scrolltime>
						<posy>0</posy>
              					<posx>0</posx>
                    				<width>54</width>
                     				<height>28</height>
						<enable>false</enable>
	    					<itemlayout width="54" height="28">
                   	 				<control type="label">
								<posy>0</posy>
								<width>54</width>
                   						<height>28</height>
								<aligny>center</aligny>
								<align>center</align>
                						<font>Font18Medium</font>
                						<wrapmultiline>false</wrapmultiline>
                     						<textcolor>FFFFFFFF</textcolor>
       	 							<shadowcolor>40000000</shadowcolor>
		    						<label>$INFO[ListItem.Label]</label>
                    					</control>
                				</itemlayout>
	    					<focusedlayout width="54" height="28">
                   	 				<control type="label">
								<posy>0</posy>
								<width>54</width>
                   						<height>28</height>
								<aligny>center</aligny>
								<align>center</align>
                						<font>Font18Medium</font>
                						<wrapmultiline>false</wrapmultiline>
                     						<textcolor>FFFFFFFF</textcolor>
       	 							<shadowcolor>40000000</shadowcolor>
		    						<label>$INFO[ListItem.Label]</label>
                    					</control>
                				</focusedlayout>
						<content>
							<item id="1">
								<label>$INFO[System.Date(ddd)]</label>
							</item>
							<item id="2">
								<label>$INFO[System.Date(mmm)]</label>
							</item>
						</content>
                    			</control>
                    			<control type="label">
						<posy>18</posy>
						<posx>0</posx>
                    				<description>time</description>
                				<font>Font28Bold</font>
        					<shadowcolor>40000000</shadowcolor>
                     				<textcolor>FFFFFFFF</textcolor>
						<textoffsetx>0</textoffsetx>
						<width>54</width>
						<height>36</height>
                    				<aligny>center</aligny>
                    				<align>center</align>
		    				<label>$INFO[System.Date(dd)]</label>
                    			</control>
				</control>
		        </control>
					<control type="image">
						<width>12</width>
		              	 		<height>72</height>
	                        		<texture>colors/white.png</texture>
						<colordiffuse>00FFFFFF</colordiffuse>
	                        		<bordersize>0</bordersize>
	                    		</control>
                    	<control type="label">
				<animation type="Conditional" condition="Integer.IsEqual(System.Time(MM),59) + Integer.IsGreater(System.Time(SS),58)" reversible="false">
            				<effect type="fade" start="100" end="0" time="150" delay="800"/>
            				<effect type="Slide" start="0,0" end="0,-18" tween="cubic" easing="out" time="150" delay="800"/>
				</animation>
				<animation type="Conditional" condition="![Integer.IsEqual(System.Time(MM),59) + Integer.IsGreater(System.Time(SS),58)]" reversible="false">
            				<effect type="fade" start="0" end="100" time="150"/>
            				<effect type="Slide" start="0,18" end="0,0" tween="cubic" easing="out" time="150"/>
				</animation>
                    		<posy>0</posy>
				<posx>0</posx>
                    		<description>time</description>
                		<font>Font54Bold</font>
                     		<textcolor>FFFFFFFF</textcolor>
       	 			<shadowcolor>80000000</shadowcolor>
				<width>auto</width>
				<height>72</height>
				<aligny>center</aligny>
				<align>center</align>
		    		<label>$INFO[System.Time(HH)]</label>
                    	</control>
                    	<control type="label">
				<animation type="Conditional" condition="!Skin.HasSetting(ShowSecondinStatusBar)" pulse="true">
            				<effect type="fade" start="50" end="100" time="500" delay="0"/>
				</animation>
                    		<posy>0</posy>
				<posx>0</posx>
                    		<description>time</description>
                		<font>Font54Bold</font>
                     		<textcolor>FFFFFFFF</textcolor>
       	 			<shadowcolor>80000000</shadowcolor>
				<width>auto</width>
				<height>72</height>
				<aligny>center</aligny>
				<align>center</align>
		    		<label>$VAR[SeparatorTimeVar]</label>
                    	</control>
                    	<control type="label">
				<animation type="Conditional" condition="Integer.IsGreater(System.Time(SS),58)" reversible="false">
            				<effect type="fade" start="100" end="0" time="150" delay="780"/>
            				<effect type="Slide" start="0,0" end="0,-18" tween="cubic" easing="out" time="150" delay="780"/>
				</animation>
				<animation type="Conditional" condition="!Integer.IsGreater(System.Time(SS),58)" reversible="false">
            				<effect type="fade" start="0" end="100" time="150"/>
            				<effect type="Slide" start="0,18" end="0,0" tween="cubic" easing="out" time="150"/>
				</animation>
                    		<posy>0</posy>
				<posx>0</posx>
                    		<description>time</description>
                		<font>Font54Bold</font>
                     		<textcolor>FFFFFFFF</textcolor>
       	 			<shadowcolor>80000000</shadowcolor>
				<width>auto</width>
				<height>72</height>
				<aligny>center</aligny>
				<align>center</align>
		    		<label>$INFO[System.Time(MM)]</label>
                    	</control>
                    	<control type="label">
            			<visible>Skin.HasSetting(ShowSecondinStatusBar)</visible>
                    		<posy>0</posy>
				<posx>0</posx>
                    		<description>time</description>
                		<font>Font54Bold</font>
                     		<textcolor>FFFFFFFF</textcolor>
       	 			<shadowcolor>80000000</shadowcolor>
				<width>auto</width>
				<height>72</height>
				<aligny>center</aligny>
				<align>center</align>
		    		<label>$VAR[SeparatorTimeVar]</label>
                    	</control>
                    	<control type="label">
            			<visible>Skin.HasSetting(ShowSecondinStatusBar)</visible>
                    		<posy>0</posy>
				<posx>0</posx>
                    		<description>time</description>
                		<font>Font54Bold</font>
                     		<textcolor>FFFFFFFF</textcolor>
       	 			<shadowcolor>80000000</shadowcolor>
				<width>auto</width>
				<height>72</height>
				<aligny>center</aligny>
				<align>center</align>
		    		<label>$INFO[System.Time(SS)]</label>
                    	</control>
                    	<control type="label">
            			<visible>!String.isEmpty(System.Time(XX))</visible>
                    		<posy>0</posy>
				<posx>0</posx>
                    		<description>time</description>
                		<font>Font54Bold</font>
                     		<textcolor>FFFFFFFF</textcolor>
       	 			<shadowcolor>80000000</shadowcolor>
				<width>auto</width>
				<height>72</height>
				<aligny>center</aligny>
				<align>center</align>
		    		<label>$INFO[System.Time(XX)]</label>
                    	</control>
		</control>
    	</include>
    	<include name="WatermarkMediaContent">
          	<control type="group">
        		<left>64</left>
                	<posy>36</posy>
          		<control type="group">
                		<top>18</top>
				<control type="image">
					<animation type="conditional" condition="![Integer.IsGreater(System.Time(SS),49) | Integer.IsLess(System.Time(SS),10)]" loop="false" reversible="true">
						<effect type="rotate" start="0" end="-135" center="auto" tween="cubic" easing="inout" time="180"/>
					</animation>
					<left>0</left>
					<top>0</top>
					<width>36</width>
					<height>36</height>
					<aspectratio>stretch</aspectratio>
					<texture>shape/statusbar/Model1-36px.png</texture>
					<bordersize>0</bordersize>
					<colordiffuse>80808080</colordiffuse>
				</control>
			</control>
          		<control type="group">
                		<top>90</top>
				<animation type="conditional" condition="[Integer.IsGreater(System.Time(SS),49) | Integer.IsLess(System.Time(SS),10)]" loop="false" reversible="true">
            				<effect type="Slide" start="0,0" end="0,54" tween="cubic" easing="out" time="180"/>
            					<effect type="fade" start="100" end="50" tween="cubic" easing="out" time="180" delay="0"/>
				</animation>
				<animation type="Conditional" condition="[String.isEqual(Player.TimeRemaining(HH),00) + String.isEqual(Player.TimeRemaining(MM),00) + Integer.IsLess(Player.TimeRemaining(SS),11) + [!String.isEmpty(VideoPlayer.offset(1).Title) | !String.isEmpty(MusicPlayer.offset(1).Title)]]+![Integer.IsGreater(System.Time(SS),49) | Integer.IsLess(System.Time(SS),10)]">
            				<effect type="Slide" start="0,0" end="0,18" tween="cubic" easing="out" time="180"/>
				</animation>
				<width>36</width>
				<height>36</height>
          			<control type="group">
            				<visible>!String.isEqual(Player.TimeRemaining(ss),00) + [String.isEqual(Player.TimeRemaining(HH),00) + Integer.isLess(Player.TimeRemaining(mm),01) + [!String.isEmpty(VideoPlayer.offset(1).Title) | !String.isEmpty(MusicPlayer.offset(1).Title)]]</visible>
					<visible>![[Integer.IsGreater(PVR.EpgEventProgress,90) + Integer.IsLess(PVR.EpgEventProgress,100)] + Pvr.IsPlayingTV + VideoPlayer.Content(livetv)]</visible>
					<include>fadeInOutVisible</include>
					<animation type="conditional" condition="true" loop="false" reversible="true">
						<effect type="rotate" start="0" end="-135" center="18,18" tween="cubic" easing="inout" time="180"/>
					</animation>
					<animation type="Conditional" condition="String.isEqual(Player.TimeRemaining(HH),00) + String.isEqual(Player.TimeRemaining(MM),00) + Integer.IsLess(Player.TimeRemaining(SS),11)">
            					<effect type="zoom" start="100" end="125" center="18,18" tween="cubic" easing="inout" time="180"/>
					</animation>
					<width>36</width>
					<height>36</height>
					<control type="image">
						<animation type="Conditional" condition="true" loop="true">
            						<effect type="slide" start="6,6" end="0,0" tween="cubic" easing="out" time="180" delay="180"/>
            						<effect type="fade" start="0" end="100" tween="cubic" easing="out" time="180" delay="180"/>
            						<effect type="slide" start="0,0" end="-6,-6" tween="cubic" easing="out" time="180" delay="3180"/>
            						<effect type="fade" start="100" end="0" tween="cubic" easing="out" time="180" delay="3180"/>
            						<effect type="slide" start="0,0" end="0,0" tween="cubic" easing="out" time="180" delay="3270"/>
						</animation>
						<left>0</left>
						<top>0</top>
						<width>18</width>
						<height>18</height>
						<aspectratio>stretch</aspectratio>
						<texture>shape/statusbar/Model1-36px.png</texture>
						<bordersize>0</bordersize>
						<colordiffuse>80808080</colordiffuse>
					</control>
					<control type="image">
						<animation type="Conditional" condition="true" loop="true">
            						<effect type="slide" start="6,6" end="0,0" tween="cubic" easing="out" time="180" delay="270"/>
            						<effect type="fade" start="0" end="100" tween="cubic" easing="out" time="180" delay="270"/>
            						<effect type="slide" start="0,0" end="-6,-6" tween="cubic" easing="out" time="180" delay="3270"/>
            						<effect type="fade" start="100" end="0" tween="cubic" easing="out" time="180" delay="3270"/>
						</animation>
						<left>12</left>
						<top>12</top>
						<width>18</width>
						<height>18</height>
						<aspectratio>stretch</aspectratio>
						<texture>shape/statusbar/Model1-36px.png</texture>
						<bordersize>0</bordersize>
						<colordiffuse>80808080</colordiffuse>
					</control>
				</control>
          			<control type="group">
            				<visible>!String.isEqual(Player.TimeRemaining(ss),00) + [String.isEqual(Player.TimeRemaining(HH),00) + Integer.isLess(Player.TimeRemaining(mm),01) + [String.isEmpty(VideoPlayer.offset(1).Title) + String.isEmpty(MusicPlayer.offset(1).Title)]]</visible>
					<visible>![[Integer.IsGreater(PVR.EpgEventProgress,90) + Integer.IsLess(PVR.EpgEventProgress,100)] + Pvr.IsPlayingTV + VideoPlayer.Content(livetv)]</visible>
					<visible>![Integer.IsGreater(System.Time(SS),49) | Integer.IsLess(System.Time(SS),10)]</visible>
					<include>fadeInOutVisible</include>
					<width>36</width>
					<height>36</height>
					<control type="image">
						<animation type="conditional" condition="true" loop="false" reversible="true">
							<effect type="rotate" start="0" end="-135" center="12,16" tween="cubic" easing="inout" time="180"/>
						</animation>
						<animation type="Conditional" condition="true" loop="true">
            						<effect type="slide" start="6,6" end="0,0" tween="cubic" easing="out" time="180" delay="180"/>
            						<effect type="fade" start="0" end="100" tween="cubic" easing="out" time="180" delay="180"/>
            						<effect type="slide" start="0,0" end="-6,-6" tween="cubic" easing="out" time="180" delay="3180"/>
            						<effect type="fade" start="100" end="0" tween="cubic" easing="out" time="180" delay="3180"/>
            						<effect type="slide" start="0,0" end="0,0" tween="cubic" easing="out" time="180" delay="3270"/>
						</animation>
						<left>0</left>
						<top>0</top>
						<width>24</width>
						<height>24</height>
						<aspectratio>stretch</aspectratio>
						<texture>shape/statusbar/Model1-36px.png</texture>
						<bordersize>0</bordersize>
						<colordiffuse>80808080</colordiffuse>
					</control>
					<control type="image">
						<left>36</left>
						<top>6</top>
						<width>9</width>
						<height>27</height>
						<aspectratio>scale</aspectratio>
						<texture>shape/dim72/beanv.png</texture>
						<bordersize>0</bordersize>
						<colordiffuse>80808080</colordiffuse>
					</control>
				</control>
			</control>
          		<control type="group">
                    		<control type="label">
					<visible>[Integer.IsGreater(System.Time(SS),49) | Integer.IsLess(System.Time(SS),10)]</visible>
					<animation type="Visible">
            					<effect type="fade" start="0" end="100" time="180" delay="0"/>
					</animation>
					<animation type="Hidden">
            					<effect type="fade" start="100" end="0" time="180" delay="170"/>
					</animation>
                    			<description>message</description>
                			<posy>36</posy>
					<left>36</left>
                			<font>Font72Bold</font>
                     			<textcolor>40FFFFFF</textcolor>
        				<shadowcolor>40000000</shadowcolor>
                    			<width>864</width>
                   			<height>72</height>
					<align>left</align>
		    			<label>$INFO[System.Time(HH:MM)]</label>
                    		</control>
                    		<control type="label">
					<visible>[Integer.IsGreater(System.Time(SS),49) | Integer.IsLess(System.Time(SS),10)]</visible>
					<animation type="visible">
						<effect type="fade" start="0" end="100" time="180" delay="0"/>
            					<effect type="Slide" start="0,-18" end="0,0" tween="cubic" easing="inout" time="180" delay="0"/>
					</animation>
					<animation type="hidden">
						<effect type="fade" start="100" end="0" time="180" delay="0"/>
            					<effect type="Slide" start="0,0" end="0,-18" tween="cubic" easing="inout" time="180" delay="100"/>
        				</animation>
                        		<description>miniheading</description>
					<left>36</left>
					<posy>108</posy>
                     			<font>Font24Medium</font>
                    			<width>864</width>
                     			<height>26</height>
                     			<textcolor>40FFFFFF</textcolor>
					<shadowcolor>40000000</shadowcolor>
					<aligny>center</aligny>
					<align>left</align>
		    			<wrapmultiline>false</wrapmultiline>
					<textoffsetx>0</textoffsetx>
		    			<label>$VAR[TempEvoMediaFullscreenWatermarkTitle]</label>
                    		</control>
                    	</control>
          		<control type="group">
				<animation type="Conditional" condition="!Window.IsActive(videoosd)">
            				<effect type="fade" start="0" end="100" time="180" delay="1000"/>
				</animation>
					<animation type="Conditional" condition="Window.IsActive(videoosd) + Window.IsActive(fullscreenvideo)">
            					<effect type="fade" start="100" end="0" time="180" delay="0"/>
					</animation>
                		<posy>9</posy>
                    		<left>18</left>
				<width>792</width>
                    		<control type="label">
				<visible>![Integer.IsGreater(System.Time(SS),49) | Integer.IsLess(System.Time(SS),10)]</visible>
				<include condition="!Skin.HasSetting(NoAnimationInSkin)">fadeInOutVisible</include>
                        		<description>heading</description>
					<left>18</left>
					<posy>0</posy>
                     			<font>Font24Bold</font>
                    			<width>864</width>
                     			<height>24</height>
                     			<textcolor>40FFFFFF</textcolor>
        				<shadowcolor>40000000</shadowcolor>
					<aligny>center</aligny>
					<align>left</align>
		    			<wrapmultiline>false</wrapmultiline>
					<textoffsetx>18</textoffsetx>
		    			<label>[UPPERCASE]$VAR[TempEvoSecTitleMediaLab][/UPPERCASE]</label>
                    		</control>
                    		<control type="label">
					<visible>![Integer.IsGreater(System.Time(SS),49) | Integer.IsLess(System.Time(SS),10)]</visible>
            				<visible>!String.isEqual(Player.TimeRemaining(ss),00) + [String.isEqual(Player.TimeRemaining(HH),00) + Integer.isLess(Player.TimeRemaining(mm),01)]</visible>
					<animation type="Visible">
            					<effect type="fade" start="0" end="100" time="10" delay="0"/>
					</animation>
					<animation type="Hidden">
            					<effect type="fade" start="100" end="0" time="10" delay="170"/>
					</animation>
                    			<description>message</description>
                			<posy>24</posy>
					<left>36</left>
                			<font>Font36Bold</font>
                     			<textcolor>40FFFFFF</textcolor>
        				<shadowcolor>40000000</shadowcolor>
                    			<width>864</width>
                   			<height>36</height>
					<aligny>top</aligny>
					<align>left</align>
		    			<label>$VAR[TempEvoMediaFullscreenWatermarkTitle]</label>
                    		</control>
				<control type="group">
            				<visible>!String.isEqual(Player.TimeRemaining(ss),00) + [String.isEqual(Player.TimeRemaining(HH),00) + Integer.isLess(Player.TimeRemaining(mm),01) + [!String.isEmpty(VideoPlayer.offset(1).Title) | !String.isEmpty(MusicPlayer.offset(1).Title)]]</visible>
 					<include condition="!Skin.HasSetting(NoAnimationInSkin)">TempEvoSlideFadeLeftTwoWayFastVisible</include>
					<animation type="conditional" condition="[Integer.IsGreater(System.Time(SS),49) | Integer.IsLess(System.Time(SS),10)]" loop="false" reversible="true">
						<effect type="zoom" start="100" end="75" center="-36,252" tween="cubic" easing="inout" time="180"/>
					</animation>
					<left>0</left>
                			<posy>90</posy>
                    			<width>864</width>
                     			<height>54</height>
                    			<control type="label">
					<animation type="Conditional" condition="![String.isEqual(Player.TimeRemaining(HH),00) + String.isEqual(Player.TimeRemaining(MM),00) + Integer.IsLess(Player.TimeRemaining(SS),11)]">
            					<effect type="zoom" start="100" end="50" center="-54,52" time="180" tween="cubic" easing="inout" delay="0"/>
					</animation>
					<visible>!String.isEqual(Player.TimeRemaining(ss),00) + [String.isEqual(Player.TimeRemaining(HH),00) + Integer.isLess(Player.TimeRemaining(mm),01) + !String.IsEmpty(Player.offset(1).Title)] + !String.isEmpty(Player.TimeRemaining)</visible>
					<visible>![[Integer.IsGreater(PVR.EpgEventProgress,90) + Integer.IsLess(PVR.EpgEventProgress,100)] + Pvr.IsPlayingTV + VideoPlayer.Content(livetv)]</visible>
						<animation type="visible">
							<effect type="fade" start="0" end="75" time="180" delay="0"/>
            						<effect type="Slide" start="-18,0" end="0,0" tween="cubic" easing="inout" time="180" delay="0"/>
						</animation>
						<animation type="hidden">
							<effect type="fade" start="75" end="0" time="180" delay="100"/>
            						<effect type="Slide" start="0,0" end="-18,0" tween="cubic" easing="inout" time="180" delay="100"/>
        					</animation>
                        			<description>miniheading</description>
						<left>36</left>
						<posy>-2</posy>
                     				<font>Font48Bold</font>
                    				<width>72</width>
                     				<height>54</height>
                     				<textcolor>80808080</textcolor>
        					<shadowcolor>00000000</shadowcolor>
						<aligny>center</aligny>
						<align>left</align>
		    				<wrapmultiline>false</wrapmultiline>
						<textoffsetx>0</textoffsetx>
		    				<label>$INFO[Player.TimeRemaining(ss)]</label>
                    			</control>
                    			<control type="label">
						<visible>!String.isEqual(Player.TimeRemaining(ss),00) + [String.isEqual(Player.TimeRemaining(HH),00) + Integer.isLess(Player.TimeRemaining(mm),01) + !String.IsEmpty(Player.offset(1).Title)] + !String.isEmpty(Player.TimeRemaining)</visible>
					<visible>![[Integer.IsGreater(PVR.EpgEventProgress,90) + Integer.IsLess(PVR.EpgEventProgress,100)] + Pvr.IsPlayingTV + VideoPlayer.Content(livetv)]</visible>
						<animation type="visible">
							<effect type="fade" start="0" end="100" time="180" delay="0"/>
            						<effect type="Slide" start="-18,0" end="0,0" tween="cubic" easing="inout" time="180" delay="0"/>
						</animation>
						<animation type="hidden">
							<effect type="fade" start="75" end="100" time="80" delay="0"/>
							<effect type="fade" start="100" end="0" time="180" delay="100"/>
            						<effect type="Slide" start="0,0" end="-18,0" tween="cubic" easing="inout" time="180" delay="100"/>
        					</animation>
						<animation type="Conditional" condition="String.isEqual(Player.TimeRemaining(HH),00) + String.isEqual(Player.TimeRemaining(MM),00) + Integer.IsLess(Player.TimeRemaining(SS),11)">
            						<effect type="Slide" start="0,0" end="64,0" tween="cubic" easing="out" time="180"/>
						</animation>
                        			<description>miniheading</description>
						<left>36</left>
						<posy>0</posy>
                     				<font>Font22Medium</font>
                    				<width>864</width>
                     				<height>24</height>
                     				<textcolor>40CCCCCC</textcolor>
						<shadowcolor>40000000</shadowcolor>
						<aligny>center</aligny>
						<align>left</align>
		    				<wrapmultiline>false</wrapmultiline>
						<textoffsetx>0</textoffsetx>
		    				<label>$LOCALIZE[209]</label>
                    			</control>
                    			<control type="label">
					<visible>!String.isEqual(Player.TimeRemaining(ss),00) + [String.isEqual(Player.TimeRemaining(HH),00) + Integer.isLess(Player.TimeRemaining(mm),01) + !String.IsEmpty(Player.offset(1).Title)] + !String.isEmpty(Player.TimeRemaining)</visible>
					<visible>![[Integer.IsGreater(PVR.EpgEventProgress,90) + Integer.IsLess(PVR.EpgEventProgress,100)] + Pvr.IsPlayingTV + VideoPlayer.Content(livetv)]</visible>
						<animation type="visible">
							<effect type="fade" start="0" end="100" time="180" delay="100"/>
            						<effect type="Slide" start="-18,0" end="0,0" tween="cubic" easing="inout" time="180" delay="100"/>
						</animation>
						<animation type="hidden">
							<effect type="fade" start="75" end="100" time="80" delay="0"/>
							<effect type="fade" start="100" end="0" time="180" delay="100"/>
            						<effect type="Slide" start="0,0" end="-18,0" tween="cubic" easing="inout" time="180" delay="100"/>
        					</animation>
						<animation type="Conditional" condition="String.isEqual(Player.TimeRemaining(HH),00) + String.isEqual(Player.TimeRemaining(MM),00) + Integer.IsLess(Player.TimeRemaining(SS),11)">
            						<effect type="Slide" start="0,0" end="64,0" tween="cubic" easing="out" time="180"/>
						</animation>
                        			<description>heading</description>
						<left>36</left>
						<posy>16</posy>
                     				<font>Font28Bold</font>
                    				<width>864</width>
                     				<height>38</height>
                     				<textcolor>40CCCCCC</textcolor>
       				 		<shadowcolor>40000000</shadowcolor>
						<aligny>top</aligny>
						<align>left</align>
						<textoffsetx>0</textoffsetx>
		    				<wrapmultiline>true</wrapmultiline>
		    				<label>$VAR[TempEvoNextMediaLab]</label>
                    			</control>
             			</control>
				<control type="group">
            				<visible>!String.isEqual(Player.TimeRemaining(ss),00) + [String.isEqual(Player.TimeRemaining(HH),00) + Integer.isLess(Player.TimeRemaining(mm),01) + [String.isEmpty(VideoPlayer.offset(1).Title) + String.isEmpty(MusicPlayer.offset(1).Title)]]</visible>
					<visible>![[Integer.IsGreater(PVR.EpgEventProgress,90) + Integer.IsLess(PVR.EpgEventProgress,100)] + Pvr.IsPlayingTV + VideoPlayer.Content(livetv)]</visible>
 					<include condition="!Skin.HasSetting(NoAnimationInSkin)">TempEvoSlideFadeLeftTwoWayFastVisible</include>
					<left>0</left>
                			<posy>72</posy>
                    			<width>864</width>
                     			<height>54</height>
                    			<control type="label">
						<animation type="conditional" condition="[Integer.IsGreater(System.Time(SS),49) | Integer.IsLess(System.Time(SS),10)]" loop="false" reversible="true">
							<effect type="zoom" start="100" end="75" center="-36,180" tween="cubic" easing="inout" time="180"/>
						</animation>
						<animation type="visible">
							<effect type="fade" start="0" end="100" time="180" delay="0"/>
            						<effect type="Slide" start="-18,0" end="0,0" tween="cubic" easing="inout" time="180" delay="0"/>
						</animation>
						<animation type="hidden">
							<effect type="fade" start="75" end="100" time="80" delay="0"/>
							<effect type="fade" start="100" end="0" time="180" delay="100"/>
            						<effect type="Slide" start="0,0" end="-18,0" tween="cubic" easing="inout" time="180" delay="100"/>
        					</animation>
                        			<description>miniheading</description>
						<left>36</left>
						<posy>15</posy>
                     				<font>Font22Medium</font>
                    				<width>864</width>
                     				<height>27</height>
                     				<textcolor>40CCCCCC</textcolor>
						<shadowcolor>40000000</shadowcolor>
						<aligny>center</aligny>
						<align>left</align>
		    				<wrapmultiline>false</wrapmultiline>
						<textoffsetx>0</textoffsetx>
		    				<label>$LOCALIZE[31074] [B]$INFO[Player.TimeRemaining(ss)][/B]</label>
                    			</control>
             			</control>






					<control type="grouplist">
            				<visible>![!String.isEqual(Player.TimeRemaining(ss),00) + [String.isEqual(Player.TimeRemaining(HH),00) + Integer.isLess(Player.TimeRemaining(mm),01)]]</visible>
						<animation type="visible">
							<effect type="fade" start="0" end="100" time="10" delay="170"/>
						</animation>
					<animation type="hidden">
            					<effect type="fade" start="100" end="0" time="10" delay="0"/>
					</animation>
						<animation type="Conditional" condition="[Integer.IsGreater(System.Time(SS),49) | Integer.IsLess(System.Time(SS),10)]">
            						<effect type="Fade" start="100" end="0" time="180"/>
						</animation>
                		<posy>24</posy>
                        				<left>36</left>
						<width>864</width>
						<height>540</height>
						<itemgap>-6</itemgap>
                    				<align>left</align>
						<orientation>vertical</orientation>
                    		<control type="textbox">
                    			<description>message</description>
					<left>0</left>
                			<font>Font36Bold</font>
                     			<textcolor>40FFFFFF</textcolor>
        <shadowcolor>40000000</shadowcolor>
                    			<width>864</width>
                   			<height>auto</height>
					<aligny>top</aligny>
					<align>left</align>
		    			<label>$VAR[TempEvoMediaFullscreenWatermarkTitle]</label>
                    		</control>
                    		<control type="textbox">
					<visible>![[Integer.IsGreater(PVR.EpgEventProgress,90) + Integer.IsLess(PVR.EpgEventProgress,100)] + Pvr.IsPlayingTV + VideoPlayer.Content(livetv)]</visible>
                    			<description>message</description>
					<left>0</left>
                			<font>Font28Medium</font>
                     			<textcolor>40FFFFFF</textcolor>
        <shadowcolor>40000000</shadowcolor>
                    			<width>864</width>
                   			<height>auto</height>
					<aligny>center</aligny>
					<align>left</align>
		    			<label>$VAR[TempEvoMediaFullscreenWatermarkSubTitle]</label>
                    		</control>
                    		
			<control type="group">
							<visible>VideoPlayer.Content(livetv)</visible>
					<left>0</left>
                    			<width>864</width>
                     			<height>72</height>
                    		<control type="label">
							<visible>[Integer.IsGreater(PVR.EpgEventProgress,90) + Integer.IsLess(PVR.EpgEventProgress,100)] + Pvr.IsPlayingTV + VideoPlayer.Content(livetv)</visible>
					<animation type="visible">
						<effect type="fade" start="0" end="100" time="180" delay="300"/>
            					<effect type="Slide" start="36,0" end="0,0" tween="cubic" easing="inout" time="180" delay="300"/>
					</animation>
					<animation type="hidden">
						<effect type="fade" start="100" end="0" time="180" delay="50"/>
            					<effect type="Slide" start="0,0" end="36,0" tween="cubic" easing="inout" time="180" delay="50"/>
        				</animation>
                        		<description>heading</description>
					<left>0</left>
					<posy>18</posy>
                     			<font>Font22Medium</font>
                    			<width>720</width>
                     			<height>24</height>
                     			<textcolor>40FFFFFF</textcolor>
        <shadowcolor>40000000</shadowcolor>
					<aligny>center</aligny>
					<align>left</align>
		    			<wrapmultiline>false</wrapmultiline>
					<textoffsetx>0</textoffsetx>
		    			<label>$INFO[VideoPlayer.ChannelName,, - [COLOR 80BFBFBF]$LOCALIZE[209][/COLOR]]</label>
                    		</control>
                    		<control type="label">
							<visible>[Integer.IsGreater(PVR.EpgEventProgress,90) + Integer.IsLess(PVR.EpgEventProgress,100)] + Pvr.IsPlayingTV + VideoPlayer.Content(livetv)</visible>
					<animation type="visible">
						<effect type="fade" start="0" end="100" time="180" delay="400"/>
            					<effect type="Slide" start="36,0" end="0,0" tween="cubic" easing="inout" time="180" delay="400"/>
					</animation>
					<animation type="hidden">
						<effect type="fade" start="100" end="0" time="180" delay="100"/>
            					<effect type="Slide" start="0,0" end="36,0" tween="cubic" easing="inout" time="180" delay="100"/>
        				</animation>
                    			<description>message</description>
					<left>0</left>
					<posy>45</posy>
                			<font>Font24Bold</font>
                     			<textcolor>40FFFFFF</textcolor>
        <shadowcolor>40000000</shadowcolor>
                    			<width>720</width>
                   			<height>26</height>
					<aligny>center</aligny>
					<align>left</align>
					<textoffsetx>0</textoffsetx>
		    			<label>$INFO[VideoPlayer.NextTitle]</label>
                    		</control>
					</control>
				</control>
			</control>
		</control>
    	</include>
    	<include name="WatermarkMediaContent2">
		<!--Watermark Content-->
          	<control type="group">
			<visible>![Window.IsActive(Notification) | Window.IsActive(VolumeBar)]</visible>
			<include>fadeInOut</include>
			<include>fadeInOutVisible</include>
        		<right>64</right>
                	<posy>84</posy>
          		<control type="group">
						<visible>!String.isEqual(Player.TimeRemaining(ss),00) + [String.isEqual(Player.TimeRemaining(HH),00) + Integer.isLess(Player.TimeRemaining(mm),01) + !String.IsEmpty(Player.offset(1).Title)] + !String.isEmpty(Player.TimeRemaining)</visible>
						<visible>![[Integer.IsGreater(PVR.EpgEventProgress,90) + Integer.IsLess(PVR.EpgEventProgress,100)] + Pvr.IsPlayingTV + VideoPlayer.Content(livetv)]</visible>
						<include condition="!Skin.HasSetting(NoAnimationInSkin)">fadeInOutVisibleDelay</include>
				<animation type="Conditional" condition="![Window.IsActive(Notification) | Window.IsActive(VolumeBar) | Window.IsActive(videoosd)]">
            				<effect type="fade" start="0" end="100" time="180" delay="360"/>
				</animation>
					<animation type="Conditional" condition="[Window.IsActive(videoosd) | Window.IsActive(script-upnext-stillwatching.xml)|Window.IsActive(script-upnext-stillwatching-simple.xml)|Window.IsActive(script-upnext-upnext.xml)|Window.IsActive(script-upnext-upnext-simple.xml)] + Window.IsActive(fullscreenvideo)">
            					<effect type="fade" start="100" end="0" time="180" delay="0"/>
					</animation>
                		<posy>0</posy>
                    		<right>0</right>
				<width>792</width>
                     			<height>72</height>
                    		<control type="label">
                        		<description>heading</description>
					<right>0</right>
					<posy>12</posy>
                     			<font>Font22Medium</font>
                    			<width>144</width>
                     			<height>36</height>
                     			<textcolor>40FFFFFF</textcolor>
        <shadowcolor>40000000</shadowcolor>
					<aligny>top</aligny>
					<align>left</align>
		    			<wrapmultiline>true</wrapmultiline>
					<textoffsetx>0</textoffsetx>
					<label>$LOCALIZE[209]</label>

                    		</control>
                    			<control type="label">
            					<visible>![String.isEmpty(VideoPlayer.offset(1).Title) + String.isEmpty(MusicPlayer.offset(1).Title)]</visible>
                        			<description>miniheading</description>
						<right>162</right>
						<posy>12</posy>
                     				<font>Font32Bold</font>
                    				<width>54</width>
                     				<height>36</height>
                     				<textcolor>80FFFFFF</textcolor>
        					<shadowcolor>40000000</shadowcolor>
						<aligny>center</aligny>
						<align>right</align>
		    				<wrapmultiline>false</wrapmultiline>
						<textoffsetx>0</textoffsetx>
		    				<label>$INFO[Player.TimeRemaining(ss)]</label>
                    			</control>
                   	 		<control type="label">
                			<posy>9</posy>
                        		<right>216</right>
						<width>540</width>
                   				<height>36</height>
						<aligny>center</aligny>
						<align>right</align>
                				<font>Font28Medium</font>
		             			<textoffsetx>0</textoffsetx>
                				<wrapmultiline>false</wrapmultiline>
                     				<textcolor>80FFFFFF</textcolor>
       	 					<shadowcolor>40000000</shadowcolor>
		    				<label>$VAR[TempEvoNextMediaLab]</label>
                    			</control>
                   	 		<control type="label">
            					<visible>[String.isEmpty(VideoPlayer.offset(1).Title) + String.isEmpty(MusicPlayer.offset(1).Title)]</visible>
						<visible>![[Integer.IsGreater(PVR.EpgEventProgress,90) + Integer.IsLess(PVR.EpgEventProgress,100)] + Pvr.IsPlayingTV + VideoPlayer.Content(livetv)]</visible>
                			<posy>12</posy>
                        		<right>162</right>
						<width>540</width>
                   				<height>36</height>
						<aligny>center</aligny>
						<align>right</align>
                				<font>Font22Medium</font>
		             			<textoffsetx>0</textoffsetx>
                				<wrapmultiline>false</wrapmultiline>
                     				<textcolor>80FFFFFF</textcolor>
       	 					<shadowcolor>40000000</shadowcolor>
		    				<label>$LOCALIZE[31074] [B]$INFO[Player.TimeRemaining][/B]</label>
                    			</control>
                </control>
          		<control type="group">
				<animation type="Conditional" condition="![Window.IsActive(Notification) | Window.IsActive(VolumeBar) | Window.IsActive(videoosd)]">
            				<effect type="fade" start="0" end="100" time="180" delay="360"/>
				</animation>
					<animation type="Conditional" condition="[Window.IsActive(videoosd) | Window.IsActive(script-upnext-stillwatching.xml)|Window.IsActive(script-upnext-stillwatching-simple.xml)|Window.IsActive(script-upnext-upnext.xml)|Window.IsActive(script-upnext-upnext-simple.xml)] + Window.IsActive(fullscreenvideo)">
            					<effect type="fade" start="100" end="0" time="180" delay="0"/>
					</animation>
				<animation type="Conditional" condition="!String.isEqual(Player.TimeRemaining(ss),00) + [String.isEqual(Player.TimeRemaining(HH),00) + Integer.isLess(Player.TimeRemaining(mm),01)]">
            					<effect type="Slide" start="0,0" end="0,38" tween="cubic" easing="inout" time="180" delay="0"/>
				</animation>
                		<posy>0</posy>
                    		<right>0</right>
				<width>792</width>
                    		<control type="label">
                        		<description>heading</description>
					<right>0</right>
					<posy>12</posy>
                     			<font>Font22Medium</font>
                    			<width>144</width>
                     			<height>72</height>
                     			<textcolor>40FFFFFF</textcolor>
        <shadowcolor>40000000</shadowcolor>
					<aligny>top</aligny>
					<align>left</align>
		    			<wrapmultiline>true</wrapmultiline>
					<textoffsetx>0</textoffsetx>
		    			<label>$VAR[TempEvoSecTitleMediaLab]</label>
                    		</control>
				<control type="grouplist">
                			<posy>9</posy>
                        		<right>162</right>
					<width>864</width>
					<height>540</height>
					<itemgap>-8</itemgap>
                    			<align>left</align>
					<orientation>vertical</orientation>
                    		<control type="textbox">
                    			<description>message</description>
					<left>0</left>
                			<font>Font32Bold</font>
                     			<textcolor>80FFFFFF</textcolor>
        <shadowcolor>40000000</shadowcolor>
                    			<width>864</width>
                   			<height>auto</height>
					<aligny>top</aligny>
					<align>right</align>
		    			<label>$VAR[TempEvoMediaFullscreenWatermarkTitle]</label>
                    		</control>
                    		<control type="textbox">
            				<visible>![!String.isEqual(Player.TimeRemaining(ss),00) + [String.isEqual(Player.TimeRemaining(HH),00) + Integer.isLess(Player.TimeRemaining(mm),01)]]</visible>
					<visible>![[Integer.IsGreater(PVR.EpgEventProgress,90) + Integer.IsLess(PVR.EpgEventProgress,100)] + Pvr.IsPlayingTV + VideoPlayer.Content(livetv)]</visible>
                    			<description>message</description>
					<left>0</left>
                			<font>Font24Medium</font>
                     			<textcolor>80FFFFFF</textcolor>
        <shadowcolor>40000000</shadowcolor>
                    			<width>864</width>
                   			<height>auto</height>
					<aligny>center</aligny>
					<align>right</align>
		    			<label>$VAR[TempEvoMediaFullscreenWatermarkSubTitle]</label>
                    		</control>
                    		
			<control type="group">
							<visible>VideoPlayer.Content(livetv)</visible>
							<animation type="Conditional" condition="!Window.IsActive(Notification)">
            			<effect type="fade" start="0" end="100" time="180" delay="1000"/>
							</animation>
					<left>0</left>
                    			<width>864</width>
                     			<height>72</height>
                    		<control type="label">
							<visible>[Integer.IsGreater(PVR.EpgEventProgress,90) + Integer.IsLess(PVR.EpgEventProgress,100)] + Pvr.IsPlayingTV + VideoPlayer.Content(livetv)</visible>
					<animation type="visible">
						<effect type="fade" start="0" end="100" time="180" delay="300"/>
            					<effect type="Slide" start="36,0" end="0,0" tween="cubic" easing="inout" time="180" delay="300"/>
					</animation>
					<animation type="hidden">
						<effect type="fade" start="100" end="0" time="180" delay="50"/>
            					<effect type="Slide" start="0,0" end="36,0" tween="cubic" easing="inout" time="180" delay="50"/>
        				</animation>
                        		<description>heading</description>
					<left>0</left>
					<posy>18</posy>
                     			<font>Font22Medium</font>
                    			<width>720</width>
                     			<height>24</height>
                     			<textcolor>40FFFFFF</textcolor>
        <shadowcolor>40000000</shadowcolor>
					<aligny>center</aligny>
					<align>right</align>
		    			<wrapmultiline>false</wrapmultiline>
					<textoffsetx>0</textoffsetx>
		    			<label>$INFO[VideoPlayer.ChannelName,, - [COLOR 80BFBFBF]$LOCALIZE[209][/COLOR]]</label>
                    		</control>
                    		<control type="label">
							<visible>[Integer.IsGreater(PVR.EpgEventProgress,90) + Integer.IsLess(PVR.EpgEventProgress,100)] + Pvr.IsPlayingTV + VideoPlayer.Content(livetv)</visible>
					<animation type="visible">
						<effect type="fade" start="0" end="100" time="180" delay="400"/>
            					<effect type="Slide" start="36,0" end="0,0" tween="cubic" easing="inout" time="180" delay="400"/>
					</animation>
					<animation type="hidden">
						<effect type="fade" start="100" end="0" time="180" delay="100"/>
            					<effect type="Slide" start="0,0" end="36,0" tween="cubic" easing="inout" time="180" delay="100"/>
        				</animation>
                    			<description>message</description>
					<left>0</left>
					<posy>45</posy>
                			<font>Font24Bold</font>
                     			<textcolor>40FFFFFF</textcolor>
        <shadowcolor>40000000</shadowcolor>
                    			<width>720</width>
                   			<height>26</height>
					<aligny>center</aligny>
					<align>right</align>
					<textoffsetx>0</textoffsetx>
		    			<label>$INFO[VideoPlayer.NextTitle]</label>
                    		</control>
					</control>
				</control>
			</control>
		</control>
		<control type="group">
                    	<visible>!Window.IsActive(videoosd) | ![Window.IsActive(script-upnext-stillwatching.xml)|Window.IsActive(script-upnext-stillwatching-simple.xml)|Window.IsActive(script-upnext-upnext.xml)|Window.IsActive(script-upnext-upnext-simple.xml)]</visible>
            		<include>fadeInOut</include>
			<animation type="Conditional" condition="true">
            			<effect type="fade" start="100" end="75" time="0" delay="0"/>
			</animation>
			<!--Universal Status Bar-->
			<include>StatusBarandTimeDisplay</include>
		</control>
    	</include>
</includes>
