<?xml version="1.0" encoding="UTF-8"?>
<includes>
	<!-- ContentList: DialogExtendedProgressBar, DialogNotification, DialogSeekBar, DialogSlider, DialogTextViewer, DialogVolumeBar -->
	<include name="DialogExtendedProgressBar">
		<control type="group" id="9999">
				<animation effect="fade" start="100" end="0" time="0" condition="Window.isActive(1106)">Conditional</animation>
			<include condition="!Skin.HasSetting(NoAnimationInSkin)">SlideFadeUpTwoWayFast</include>
			<left>64</left>
			<right>540</right>
			<top>36</top>
			<height>72</height>
			<control type="group">
				<posy>0</posy>
				<right>0</right>
				<height>72</height>
				<control type="button">
					<height>72</height>
					<texturenofocus colordiffuse="80000000" border="8">shape/dim72/roundedsquare.png</texturenofocus>
					<texturefocus colordiffuse="80000000" border="8">shape/dim72/roundedsquare.png</texturefocus>
				</control>
				<control type="group">
					<left>108</left>
					<posy>0</posy>
					<control type="progress" id="32">
						<description>Progress Bar</description>
						<left>0</left>
						<right>18</right>
						<height>30</height>
						<texturebg colordiffuse="00FFFFFF" border="8">shape/dim72/roundedbottom.png</texturebg>
						<midtexture colordiffuse="sorotbright" border="8">shape/dim72/roundedbottom.png</midtexture>
					</control>
					<control type="button">
						<width>auto</width>
						<height>30</height>
						<font>Font20Medium</font>
						<textcolor>FFFFFFFF</textcolor>
						<textoffsetx>18</textoffsetx>
						<align>left</align>
						<aligny>center</aligny>
						<label>   $LOCALIZE[31019]</label>
						<texturenofocus colordiffuse="80000000" border="8">shape/dim72/roundedbottom.png</texturenofocus>
						<texturefocus colordiffuse="80000000" border="8">shape/dim72/roundedbottom.png</texturefocus>
					</control>
					<control type="label">
						<left>6</left>
						<width>32</width>
						<height>30</height>
						<font>symbolSize18</font>
						<textcolor>FFFFFFFF</textcolor>
						<textoffsetx>0</textoffsetx>
						<align>center</align>
						<aligny>center</aligny>
						<label></label>
					</control>
				</control>
				<control type="label" id="30">
					<description>heading</description>
					<left>108</left>
					<right>18</right>
					<top>28</top>
					<font>Font22Medium</font>
					<height>24</height>
					<textcolor>textActive</textcolor>
					<shadowcolor/>
					<scroll>true</scroll>
					<scrollout>false</scrollout>
					<scrollspeed>72</scrollspeed>
					<pauseatend>5000</pauseatend>
					<aligny>center</aligny>
					<align>left</align>
				</control>
				<control type="label" id="31">
					<description>message</description>
					<left>108</left>
					<right>18</right>
					<top>48</top>
					<font>Font18Bold</font>
					<textcolor>textActive</textcolor>
					<height>24</height>
					<scroll>true</scroll>
					<scrollout>false</scrollout>
					<scrollspeed>72</scrollspeed>
					<pauseatend>5000</pauseatend>
					<aligny>center</aligny>
					<align>left</align>
				</control>
			</control>
		</control>
	</include>
	<include name="DialogNotification">
        	<control type="group" id="9999">
				<animation effect="fade" start="100" end="0" time="0" condition="Window.isActive(1106)">Conditional</animation>
				<animation effect="slide" start="0,0" end="0,90" time="180" condition="Window.isActive(extendedprogressdialog)">Conditional</animation>
				<animation effect="slide" start="0,0" end="0,126" time="180" condition="Player.HasMedia">Conditional</animation>
				<include condition="!Skin.HasSetting(NoAnimationInSkin)">SlideFadeUpTwoWayFast</include>
                    	<right>64</right>
                    	<top>98</top>
						<width>468</width>
			<height>108</height>
			<control type="group">
            			<control type="group">
					<animation type="Conditional" condition="Window.IsActive(notification)" loop="true">
						<effect type="fade" start="0" end="75" tween="cubic" easing="out" time="360" delay="0"/>
						<effect type="fade" start="75" end="0" tween="cubic" easing="out" time="360" delay="360"/>
					</animation>
					<animation type="windowopen">
						<effect type="fade" start="0" end="100" tween="cubic" easing="out" time="180" delay="360"/>
					</animation>
					<animation type="windowclose">
						<effect type="fade" start="100" end="0" tween="cubic" easing="out" time="180" delay="0"/>
					</animation>
                    	<left>0</left>
                    	<right>0</right>
                    	<top>0</top>
					<height>108</height>
					<control type="button">
						<height>108</height>
						<texturenofocus colordiffuse="highlight" border="8">shape/dim72/roundedsquare.png</texturenofocus>
						<texturefocus colordiffuse="highlight" border="8">shape/dim72/roundedsquare.png</texturefocus>
					</control>
				</control>
			<control type="group">
                    			<posy>0</posy>
	    				<right>0</right>
					<height>108</height>
					<control type="button">
						<height>108</height>
						<texturenofocus colordiffuse="80000000" border="8">shape/dim72/roundedsquare.png</texturenofocus>
						<texturefocus colordiffuse="80000000" border="8">shape/dim72/roundedsquare.png</texturefocus>
					</control>
                			<control type="image" id="400">
						<animation type="windowopen">
							<effect type="fade" start="0" end="100" time="180" delay="180"/>
						</animation>
						<animation type="windowclose">
							<effect type="fade" start="100" end="0" time="180" delay="0"/>
        					</animation>
                    				<posx>9</posx>
						<bottom>9</bottom>
						<width>54</width>
						<height>54</height>
	                        		<bordersize>0</bordersize>
						<texture diffuse="shape/dim72/roundedsquare.png"></texture>
                    				<colordiffuse>ffffffff</colordiffuse>
               				</control>
                    			<control type="fadelabel" id="401">
						<animation type="windowopen">
							<effect type="fade" start="0" end="100" time="180" delay="198"/>
            						<effect type="Slide" start="36,0" end="0,0" tween="cubic" easing="inout" time="180" delay="198"/>
						</animation>
						<animation type="windowclose">
							<effect type="fade" start="100" end="0" time="180"/>
            						<effect type="Slide" start="0,0" end="36,0" tween="cubic" easing="inout" time="180"/>
        					</animation>
                        			<description>heading</description>
						<left>72</left>
						<right>18</right>
						<top>38</top>
                     				<font>Font24Medium</font>
                     				<height>36</height>
						<textoffsetx>0</textoffsetx>
                     				<textcolor>textActive</textcolor>
                     				<shadowcolor></shadowcolor>
		    				<scroll>true</scroll>
		    				<scrollout>false</scrollout>
		    				<scrollspeed>72</scrollspeed>
		    				<pauseatend>5000</pauseatend>
						<aligny>center</aligny>
						<align>left</align>
                    			</control>
                    			<control type="fadelabel" id="402">
						<animation type="windowopen">
							<effect type="fade" start="0" end="100" time="180" delay="216"/>
            						<effect type="Slide" start="36,0" end="0,0" tween="cubic" easing="inout" time="180" delay="216"/>
						</animation>
						<animation type="windowclose">
							<effect type="fade" start="100" end="0" time="180"/>
            						<effect type="Slide" start="0,0" end="36,0" tween="cubic" easing="inout" time="180"/>
        					</animation>
                    				<description>message</description>
						<left>72</left>
						<right>18</right>
						<top>64</top>
                				<font>Font28Bold</font>
                     				<textcolor>textActive</textcolor>
                   				<height>38</height>
						<textoffsetx>0</textoffsetx>
		    				<scroll>true</scroll>
		    				<scrollout>false</scrollout>
		    				<scrollspeed>72</scrollspeed>
		    				<pauseatend>5000</pauseatend>
						<aligny>center</aligny>
						<align>left</align>
                    			</control>
				</control>
            			<control type="group">
                    				<left>18</left>
						<posy>0</posy>
					<control type="button">
						<width>auto</width>
						<height>30</height>
                				<font>Font20Medium</font>
                     				<textcolor>FFFFFFFF</textcolor>
						<textoffsetx>18</textoffsetx>
                    				<align>left</align>
                    				<aligny>center</aligny>
		    				<label>   $LOCALIZE[31014]</label>
						<texturenofocus colordiffuse="80000000" border="8">shape/dim72/roundedbottom.png</texturenofocus>
						<texturefocus colordiffuse="80000000" border="8">shape/dim72/roundedbottom.png</texturefocus>
					</control>
                    			<control type="label">
                    				<left>6</left>
						<width>32</width>
						<height>30</height>
                				<font>symbolSize18</font>
                     				<textcolor>FFFFFFFF</textcolor>
						<textoffsetx>0</textoffsetx>
                    				<align>center</align>
                    				<aligny>center</aligny>
		    				<label></label>
                    			</control>
                    		</control>
               		</control>
		</control>
	</include>
	<include name="DialogSeekBar">
	
				<control type="group">
		<control type="wraplist" id="1991">
					<visible>!String.IsEmpty(Player.Art(tvshow.clearlogo)) | !String.IsEmpty(Player.Art(clearlogo)) | !String.IsEmpty(Player.Art(tvshow.poster)) | !String.IsEmpty(Player.Art(poster))</visible>
					<visible>[Window.IsVisible(VideoOSD) | Window.IsVisible(fullscreeninfo)] + !Skin.HasSetting(VideoOSDSettoSimpleOSD)</visible>
						<include>fadeInOutVisible</include>
				<include condition="!Skin.HasSetting(NoAnimationInSkin)">fadeInOutVisibleDelay</include>
			<autoscroll time="10000">Integer.IsGreater(Container(1991).NumAllItems,1) + Control.isVisible(1991) + [Window.IsVisible(VideoOSD) | Window.IsVisible(fullscreeninfo)]</autoscroll>
			<scrolltime tween="cubic" easing="inout">180</scrolltime>
					<top>108</top>
					<left>64</left>
				<width>240</width>
				<height>360</height>
			<enable>false</enable>
			<orientation>horizontal</orientation>
			<itemlayout width="240" height="360">
				<control type="image">
					<visible>!String.isEmpty(ListItem.Label)</visible>
					<left>0</left>
					<posy>0</posy>
					<width>240</width>
					<height>240</height>
					<texture>$INFO[ListItem.Label]</texture>
					<aspectratio align="left">keep</aspectratio>
					<colordiffuse>FFFFFFFF</colordiffuse>
				</control>
				<control type="image">
					<visible>!String.isEmpty(ListItem.Thumb)</visible>
					<left>0</left>
					<posy>0</posy>
					<width>240</width>
					<height>360</height>
					<texture diffuse="shape/dim288/roundedposter.png">$INFO[ListItem.Thumb]</texture>
					<aspectratio scalediffuse="false">scale</aspectratio>
					<colordiffuse>FFFFFFFF</colordiffuse>
				</control>
			</itemlayout>
			<focusedlayout width="240" height="360">
				<control type="image">
					<visible>!String.isEmpty(ListItem.Label)</visible>
					<left>0</left>
					<posy>0</posy>
					<width>240</width>
					<height>240</height>
					<texture>$INFO[ListItem.Label]</texture>
					<aspectratio align="left">keep</aspectratio>
					<colordiffuse>FFFFFFFF</colordiffuse>
				</control>
				<control type="image">
					<visible>!String.isEmpty(ListItem.Thumb)</visible>
					<left>0</left>
					<posy>0</posy>
					<width>240</width>
					<height>360</height>
					<texture diffuse="shape/dim288/roundedposter.png">$INFO[ListItem.Thumb]</texture>
					<aspectratio scalediffuse="false">scale</aspectratio>
					<colordiffuse>FFFFFFFF</colordiffuse>
				</control>
			</focusedlayout>
			<content>
				<item id="1">
					<visible>!String.IsEmpty(Player.Art(clearlogo))</visible>
					<label>$INFO[Player.Art(clearlogo)]</label>
				</item>
				<item id="2">
				<visible>!String.IsEmpty(Player.Art(tvshow.clearlogo)) + String.IsEmpty(Player.Art(clearlogo))</visible>
					<label>$INFO[Player.Art(tvshow.clearlogo)]</label>
				</item>
				<item id="3">
					<visible>!String.IsEmpty(Player.Art(tvshow.poster))</visible>
					<thumb>$INFO[Player.Art(tvshow.poster)]</thumb>
				</item>
				<item id="4">
					<visible>!String.IsEmpty(Player.Art(poster))</visible>
					<thumb>$INFO[Player.Art(poster)]</thumb>
				</item>
			</content>
		</control>
				<control type="grouplist">
        			<animation type="conditional" condition="Control.isVisible(1991)">
						<effect type="slide" start="0,0" end="276,0" time="180"/>
        			</animation>
					<visible>[Window.IsVisible(VideoOSD) | Window.IsVisible(fullscreeninfo)] + !Skin.HasSetting(VideoOSDSettoSimpleOSD)</visible>
						<include>fadeInOutVisible</include>
					<top>108</top>
					<left>64</left>
					<right>792</right>
					<height>540</height>
					<itemgap>0</itemgap>
					<align>left</align>
					<orientation>vertical</orientation>
					<control type="textbox">
						<description>message</description>
						<left>0</left>
						<font>Font54Bold</font>
						<textcolor>FFFFFFFF</textcolor>
						<shadowcolor>80000000</shadowcolor>
						<height>auto</height>
						<aligny>top</aligny>
						<align>left</align>
						<label>$VAR[MediaTitleFullscreenVAR]</label>
					</control>
					<control type="textbox">
						<description>message</description>
						<left>0</left>
						<font>Font28Medium</font>
						<textcolor>FFFFFFFF</textcolor>
						<shadowcolor>80000000</shadowcolor>
						<height>auto</height>
						<aligny>center</aligny>
						<align>left</align>
						<label>$VAR[MediaSubTitleFullscreenVAR]</label>
					</control>
					<control type="textbox">
						<description>message</description>
						<left>0</left>
						<font>Font24Regular</font>
						<textcolor>FFFFFFFF</textcolor>
						<shadowcolor>80000000</shadowcolor>
						<height>auto</height>
						<aligny>center</aligny>
						<align>left</align>
						<label>$VAR[MediaSecTitleFullscreenVAR]</label>
					</control>
			</control>
				<control type="group" id="1">
					<visible>[Window.IsVisible(VideoOSD) | Window.IsVisible(fullscreeninfo)] + !Skin.HasSetting(VideoOSDSettoSimpleOSD)</visible>
								<animation type="visible">
									<effect type="fade" start="0" end="100" time="180" delay="0"/>
									<effect type="slide" start="0,18" end="0,0" tween="cubic" easing="out" center="0,0" time="180" delay="0"/>
								</animation>
								<animation type="hidden">
									<effect type="fade" start="100" end="0" time="180" delay="90"/>
									<effect type="slide" start="0,0" end="0,18" tween="cubic" easing="out" center="0,0" time="180" delay="90"/>
								</animation>
								<animation type="windowopen">
									<effect type="fade" start="0" end="100" time="180" delay="0"/>
									<effect type="slide" start="0,18" end="0,0" tween="cubic" easing="out" center="0,0" time="180" delay="0"/>
								</animation>
								<animation type="windowclose">
									<effect type="fade" start="100" end="0" time="180" delay="90"/>
									<effect type="slide" start="0,0" end="0,18" tween="cubic" easing="out" center="0,0" time="180" delay="90"/>
								</animation>
			<animation type="conditional" condition="Skin.HasSetting(OSDDefaultPageChange)|Window.IsVisible(VideoBookmarks)">
				<effect type="slide" start="0,0" end="0,-288" tween="cubic" easing="inout" time="180"/>
			</animation>
			<control type="label">
						<visible>String.IsEmpty(Player.Art(tvshow.clearlogo)) + String.IsEmpty(Player.Art(clearlogo)) + String.IsEmpty(Player.Art(poster)) + String.IsEmpty(Player.Art(tvshow.poster)) + String.IsEmpty(Player.Art(thumb))</visible>
						<bottom>0</bottom>
						<width>288</width>
						<height>288</height>
				<align>center</align>
				<aligny>center</aligny>
				<font>symbolSize180</font>
				<textcolor>textActive</textcolor>
				<focusedcolor>textActive</focusedcolor>
				<textoffsetx>6</textoffsetx>
				<label>$VAR[IconMediaNotif]</label>
			</control>
				</control>
				</control>
				
	
		<control type="group">
			<visible>Player.Paused</visible>
			<include condition="!Skin.HasSetting(NoAnimationInSkin)">SlideFadeLeftTwoWayFast</include>
			<include condition="!Skin.HasSetting(NoAnimationInSkin)">SlideFadeLeftTwoWayFastVisible</include>
			<top>36</top>
            <left>64</left>
			<control type="group">
				<height>54</height>
                <control type="button">
                	<font>Font36Medium</font>
                    <width>auto</width>
                   	<height>54</height>
					<label>     $LOCALIZE[14086] [B]$LOCALIZE[112][/B]</label>
					<texturefocus colordiffuse="80000000" border="8">shape/dim72/roundedsquare.png</texturefocus>
					<texturenofocus colordiffuse="80000000" border="8">shape/dim72/roundedsquare.png</texturenofocus>
                </control>
                <control type="label">
					<left>12</left>
					<width>54</width>
					<height>54</height>
                    <aligny>center</aligny>
				<font>symbolSize36</font>
				<textcolor>textActive</textcolor>
				<label></label>
				<shadowcolor></shadowcolor>
			</control>
			</control>
		</control>
		<control type="group">
			<visible>Player.Seeking</visible>
			<include condition="!Skin.HasSetting(NoAnimationInSkin)">SlideFadeLeftTwoWay</include>
			<include condition="!Skin.HasSetting(NoAnimationInSkin)">SlideFadeLeftTwoWayFastVisible</include>
			<animation type="Conditional" condition="Player.Paused|[Player.Forwarding | Player.Rewinding]|Player.IsTempo">
            			<effect type="Slide" end="0,60" tween="cubic" easing="inout" time="180" delay="0"/>
			</animation>
			<top>36</top>
            <left>64</left>
            <right>576</right>
			<height>54</height>
			<control type="group">
				<control type="progress">
				<visible>Player.Seeking + !VideoPlayer.HasEPG</visible>
		                <description>Progress Bar</description>
				<left>0</left>
				<right>0</right>
				<bottom>0</bottom>
		                <height>54</height>
					<texturebg colordiffuse="00FFFFFF" border="8">shape/dim72/roundedsquare.png</texturebg>
					<midtexture colordiffuse="80CCCCCC" border="8">shape/dim72/roundedsquare.png</midtexture>
		                <info>player.seekbar</info>
		        </control>
			<control type="progress">
				<visible>Player.Seeking + VideoPlayer.HasEPG</visible>
		                <description>PVR Progress Bar</description>
				<left>0</left>
				<right>0</right>
				<bottom>0</bottom>
		                <height>54</height>
					<texturebg colordiffuse="00FFFFFF" border="8">shape/dim72/roundedsquare.png</texturebg>
					<midtexture colordiffuse="80CCCCCC" border="8">shape/dim72/roundedsquare.png</midtexture>
		                <info>pvr.timeshiftseekbar</info>
		        </control>
                <control type="button">
                   	<height>54</height>
					<texturefocus colordiffuse="80000000" border="8">shape/dim72/roundedsquare.png</texturefocus>
					<texturenofocus colordiffuse="80000000" border="8">shape/dim72/roundedsquare.png</texturenofocus>
                </control>
			</control>
			<control type="group">
			<animation type="Conditional" condition="!String.IsEmpty(Player.SeekNumeric)">
            			<effect type="Slide" end="450,0" tween="cubic" easing="inout" time="180" delay="0"/>
			</animation>
				<left>12</left>
				<top>9</top>
				<width>72</width>
				<height>36</height>
				<control type="image">
	                        	<left>0</left>
	                        	<posy>17</posy>
					<width>72</width>
					<height>2</height>
	                        	<aspectratio>stretch</aspectratio>
	                        	<texture>colors/white.png</texture>
	                        	<bordersize>0</bordersize>
				</control>
				<control type="image">
					<animation type="Conditional" condition="Player.Seeking" loop="true">
            					<effect type="slide" start="0,0" end="36,0" tween="cubic" easing="out" time="180" delay="360"/>
            					<effect type="slide" end="-18,0" tween="cubic" easing="out" time="180" delay="720"/>
            					<effect type="slide" end="-18,0" tween="cubic" easing="out" time="180" delay="1080"/>
            					<effect type="slide" end="27,0" tween="cubic" easing="out" time="180" delay="1440"/>
            					<effect type="slide" end="-9,0" tween="cubic" easing="out" time="180" delay="1800"/>
            					<effect type="slide" end="18,0" tween="cubic" easing="out" time="180" delay="2160"/>
            					<effect type="slide" end="-36,0" tween="cubic" easing="out" time="180" delay="2520"/>
					</animation>
	                        	<left>0</left>
	                        	<posy>9</posy>
					<width>18</width>
					<height>18</height>
	                        	<aspectratio>stretch</aspectratio>
	                        	<texture>shape/dim72/circle.png</texture>
	                        	<bordersize>0</bordersize>
				</control>
			</control>
                        <control type="label">
			<animation type="Conditional" condition="!String.IsEmpty(Player.SeekNumeric)">
            			<effect type="Slide" end="450,0" tween="cubic" easing="inout" time="180" delay="0"/>
			</animation>
				<visible>Player.Seeking + !VideoPlayer.HasEPG</visible>
				<posy>0</posy>
				<posx>108</posx>
				<width>252</width>
				<height>54</height>
                       		<aligny>center</aligny>
                      		<font>Font42Bold</font>
                       		<textcolor>textActive</textcolor>
                     		<label>$INFO[Player.SeekStepSize]</label>
                       		<shadowcolor></shadowcolor>
                        </control>
                        <control type="label">
				<visible>Player.Seeking + !VideoPlayer.HasEPG</visible>
				<posy>0</posy>
				<right>18</right>
				<width>396</width>
				<height>54</height>
                <aligny>center</aligny>
                <align>right</align>
				<font>Font28Medium</font>
				<textcolor>textActive</textcolor>
				<label>$INFO[Player.SeekTime]$INFO[Player.Duration, / ,]</label>
				<shadowcolor></shadowcolor>
			</control>
                        <control type="label">
			<animation type="Conditional" condition="!String.IsEmpty(Player.SeekNumeric)">
            			<effect type="Slide" end="450,0" tween="cubic" easing="inout" time="180" delay="0"/>
			</animation>
				<visible>Player.Seeking + VideoPlayer.HasEPG</visible>
				<posy>0</posy>
				<right>18</right>
				<width>396</width>
				<height>54</height>
                <aligny>center</aligny>
                <align>right</align>
				<font>Font28Medium</font>
				<textcolor>textActive</textcolor>
				<label>$INFO[PVR.EpgEventDuration]</label>
				<shadowcolor></shadowcolor>
			</control>
                        <control type="label">
				<visible>Player.Seeking + VideoPlayer.HasEPG</visible>
				<posy>0</posy>
				<posx>108</posx>
				<width>252</width>
				<height>54</height>
                       		<aligny>center</aligny>
                      		<font>Font42Bold</font>
                       		<textcolor>textActive</textcolor>
                     		<label>$INFO[PVR.EpgEventSeekTime]</label>
                       		<shadowcolor></shadowcolor>
                        </control>
		</control>
		<control type="group">
			<visible>!String.IsEmpty(Player.SeekNumeric)</visible>
			<include condition="!Skin.HasSetting(NoAnimationInSkin)">SlideFadeLeftTwoWay</include>
			<include condition="!Skin.HasSetting(NoAnimationInSkin)">SlideFadeLeftTwoWayFastVisible</include>
			<animation type="Conditional" condition="Player.Paused|[Player.Forwarding | Player.Rewinding]|Player.IsTempo">
            			<effect type="Slide" end="0,60" tween="cubic" easing="inout" time="180" delay="0"/>
			</animation>
			<top>36</top>
            <left>64</left>
            <width>432</width>
			<control type="group">
				<height>54</height>
                <control type="button">
                	<font>Font36Medium</font>
                    <width>432</width>
                   	<height>54</height>
					<label>     $LOCALIZE[773] [B]$INFO[Player.SeekNumeric][/B]</label>
					<texturefocus colordiffuse="80000000" border="8">shape/dim72/roundedsquare.png</texturefocus>
					<texturenofocus colordiffuse="80000000" border="8">shape/dim72/roundedsquare.png</texturenofocus>
                </control>
                <control type="label">
					<left>12</left>
					<width>54</width>
					<height>54</height>
                    <aligny>center</aligny>
				<font>symbolSize36</font>
				<textcolor>textActive</textcolor>
				<label></label>
				<shadowcolor></shadowcolor>
			</control>
			</control>
		</control>
		<control type="group">
			<visible>Player.Forwarding | Player.Rewinding</visible>
			<include condition="!Skin.HasSetting(NoAnimationInSkin)">SlideFadeLeftTwoWay</include>
			<include condition="!Skin.HasSetting(NoAnimationInSkin)">SlideFadeLeftTwoWayFastVisible</include>
			<top>36</top>
            <left>64</left>
			<control type="group">
				<height>54</height>
                <control type="button">
                	<font>Font36Medium</font>
                    <width>auto</width>
                   	<height>54</height>
					<label>       $LOCALIZE[224] [B]$VAR[VideoPlayerForwardRewindVar][/B]</label>
					<texturefocus colordiffuse="80000000" border="8">shape/dim72/roundedsquare.png</texturefocus>
					<texturenofocus colordiffuse="80000000" border="8">shape/dim72/roundedsquare.png</texturenofocus>
                </control>
			<control type="group">
				<animation type="Conditional" condition="Player.Rewinding">
            				<effect type="rotate" end="180" center="auto" time="0"/>
				</animation>
				<posy>9</posy>
				<posx>12</posx>
		    		<width>54</width>
			    	<height>36</height>
				<control type="label">
				<animation type="Conditional" condition="Player.Forwarding | Player.Rewinding" loop="true">
            				<effect type="slide" start="-18,0" end="0,0" tween="cubic" easing="out" time="180" delay="180"/>
            				<effect type="fade" start="0" end="100" tween="cubic" easing="out" time="180" delay="180"/>
            				<effect type="slide" start="0,0" end="18,0" tween="cubic" easing="out" time="180" delay="3180"/>
            				<effect type="fade" start="100" end="0" tween="cubic" easing="out" time="180" delay="3180"/>
            				<effect type="slide" start="0,0" end="0,0" tween="cubic" easing="out" time="180" delay="3270"/>
				</animation>
					<posy>0</posy>
					<posx>0</posx>
		    			<width>36</width>
			    		<height>36</height>
					<font>symbolSize36</font>
					<align>center</align>
					<aligny>center</aligny>
					<textcolor>textActive</textcolor>
					<shadowcolor></shadowcolor>
					<label></label>
				</control>
				<control type="label">
				<animation type="Conditional" condition="Player.Forwarding | Player.Rewinding" loop="true">
            				<effect type="slide" start="-18,0" end="0,0" tween="cubic" easing="out" time="180" delay="270"/>
            				<effect type="fade" start="0" end="100" tween="cubic" easing="out" time="180" delay="270"/>
            				<effect type="slide" start="0,0" end="18,0" tween="cubic" easing="out" time="180" delay="3270"/>
            				<effect type="fade" start="100" end="0" tween="cubic" easing="out" time="180" delay="3270"/>
				</animation>
					<posy>0</posy>
					<posx>18</posx>
		    			<width>36</width>
			    		<height>36</height>
					<font>symbolSize36</font>
					<align>center</align>
					<aligny>center</aligny>
					<textcolor>textActive</textcolor>
					<shadowcolor></shadowcolor>
					<label></label>
				</control>
			</control>
			</control>
		</control>
		<control type="group">
			<visible>Player.IsTempo</visible>
			<include condition="!Skin.HasSetting(NoAnimationInSkin)">SlideFadeLeftTwoWay</include>
			<include condition="!Skin.HasSetting(NoAnimationInSkin)">SlideFadeLeftTwoWayFastVisible</include>
			<top>36</top>
            <left>64</left>
			<control type="group">
				<height>54</height>
                <control type="button">
                	<font>Font36Medium</font>
                    <width>auto</width>
                   	<height>54</height>
					<label>     $LOCALIZE[224] [B]$INFO[Player.PlaySpeed][/B]</label>
					<texturefocus colordiffuse="80000000" border="8">shape/dim72/roundedsquare.png</texturefocus>
					<texturenofocus colordiffuse="80000000" border="8">shape/dim72/roundedsquare.png</texturenofocus>
                </control>
                <control type="label">
					<left>12</left>
					<width>54</width>
					<height>54</height>
                    <aligny>center</aligny>
				<font>symbolSize36</font>
				<textcolor>textActive</textcolor>
				<label></label>
				<shadowcolor></shadowcolor>
			</control>
			</control>
		</control>


			<control type="group">
				<visible>[PVR.IsRecordingPlayingChannel + !Player.ChannelPreviewActive] | PVR.IsPlayingActiveRecording</visible>
				<animation effect="Slide" start="0,-252" end="0,0" tween="cubic" easing="out" time="300" delay="0">visible</animation>
				<animation effect="Slide" start="0,0" end="0,-252" tween="cubic" easing="out" time="300" delay="0">hidden</animation>
				<animation effect="Slide" start="0,-252" end="0,0" tween="cubic" easing="out" time="300" delay="0">windowopen</animation>
				<animation effect="Slide" start="0,0" end="0,-252" tween="cubic" easing="out" time="300" delay="0">windowclose</animation>
                    		<posy>72</posy>
                    		<posx>144</posx>
				<width>216</width>
				<height>108</height>
				<control type="image">
					<animation effect="Zoom" start="0,100" end="100,100" center="0,0" tween="cubic" easing="out" time="300" delay="300">windowopen</animation>
					<animation effect="Zoom" start="100,100" end="0,100" center="0,0" tween="cubic" easing="out" time="300" delay="0">windowclose</animation>
                    			<posx>54</posx>
                    			<posy>0</posy>
					<width>108</width>
					<height>108</height>
                    			<texture colordiffuse="FFFF0000">colors/white.png</texture>
               			</control>
				<control type="image">
					<animation effect="Slide" start="0,0" end="108,0" tween="cubic" easing="out" time="300" delay="300">windowopen</animation>
					<animation effect="Slide" start="108,0" end="0,0" tween="cubic" easing="out" time="300" delay="0">windowclose</animation>
                    			<posx>0</posx>
                    			<posy>0</posy>
					<width>108</width>
					<height>108</height>
                    			<texture diffuse="shape/statusbar/roundedsquare.png" colordiffuse="FFFF0000">colors/white.png</texture>
               			</control>
				<control type="image">
                    			<posx>0</posx>
                    			<posy>0</posy>
					<width>108</width>
					<height>108</height>
                    			<texture diffuse="shape/statusbar/roundedsquare.png" colordiffuse="FFFF0000">colors/white.png</texture>
               			</control>
				<control type="label">
					<animation type="windowopen">
						<effect type="fade" start="0" end="100" time="300" delay="200"/>
					</animation>
					<animation type="windowclose">
						<effect type="fade" start="100" end="0" time="300"/>
        				</animation>
					<posy>0</posy>
					<posx>18</posx>
		    			<width>180</width>
					<height>108</height>
					<font>Font24Medium</font>
					<aligny>center</aligny>
					<textcolor>FFFFFFFF</textcolor>
					<wrapmultiline>true</wrapmultiline>
					<shadowcolor></shadowcolor>
					<label>$LOCALIZE[19158]</label>
				</control>
			</control>
			<control type="group">
				<visible>!String.IsEmpty(PVR.ChannelNumberInput)</visible>
			<include condition="!Skin.HasSetting(NoAnimationInSkin)">SlideFadeLeftTwoWay</include>
			<include condition="!Skin.HasSetting(NoAnimationInSkin)">SlideFadeLeftTwoWayFastVisible</include>
			<animation type="Conditional" condition="Player.Paused|[Player.Forwarding | Player.Rewinding]|Player.IsTempo">
            			<effect type="Slide" end="0,60" tween="cubic" easing="inout" time="180" delay="0"/>
			</animation>
			<top>36</top>
            <left>64</left>
            <right>576</right>
			<height>108</height>
			<control type="group">
                <control type="button">
                   	<height>108</height>
					<texturefocus colordiffuse="80000000" border="8">shape/dim72/roundedsquare.png</texturefocus>
					<texturenofocus colordiffuse="80000000" border="8">shape/dim72/roundedsquare.png</texturenofocus>
                </control>
				<control type="label">
					<left>18</left>
		    			<width>270</width>
					<height>108</height>
					<font>Font36Medium</font>
					<aligny>center</aligny>
					<textcolor>FFFFFFFF</textcolor>
					<wrapmultiline>true</wrapmultiline>
					<shadowcolor></shadowcolor>
					<label>$LOCALIZE[19103]</label>
				</control>
				<control type="label">
					<bottom>0</bottom>
					<right>18</right>
		    			<width>324</width>
					<height>108</height>
					<font>Font108Bold</font>
					<aligny>center</aligny>
					<align>right</align>
					<textcolor>CC808080</textcolor>
					<shadowcolor></shadowcolor>
					<label>$INFO[PVR.ChannelNumberInput]</label>
				</control>
			</control>
			</control>
			<control type="group">
				<visible>[Player.ChannelPreviewActive | Player.ShowInfo] + VideoPlayer.Content(LiveTV)</visible>
			<include condition="!Skin.HasSetting(NoAnimationInSkin)">SlideFadeLeftTwoWay</include>
			<include condition="!Skin.HasSetting(NoAnimationInSkin)">SlideFadeLeftTwoWayFastVisible</include>
			<animation type="Conditional" condition="Player.Paused|[Player.Forwarding | Player.Rewinding]|Player.IsTempo">
            			<effect type="Slide" end="0,60" tween="cubic" easing="inout" time="180" delay="0"/>
			</animation>
			<animation type="Conditional" condition="!String.IsEmpty(PVR.ChannelNumberInput)">
            			<effect type="Slide" end="0,126" tween="cubic" easing="inout" time="180" delay="0"/>
			</animation>
			<top>36</top>
            <left>64</left>
            <right>576</right>
			<height>108</height>
			<control type="group">
                <control type="button">
                   	<height>108</height>
					<texturefocus colordiffuse="80000000" border="8">shape/dim72/roundedsquare.png</texturefocus>
					<texturenofocus colordiffuse="80000000" border="8">shape/dim72/roundedsquare.png</texturenofocus>
                </control>
				<control type="label">
					<visible>![Player.ShowInfo + !Player.ChannelPreviewActive]</visible>
					<left>18</left>
		    		<width>270</width>
					<height>108</height>
					<font>Font36Medium</font>
					<aligny>center</aligny>
					<textcolor>FFFFFFFF</textcolor>
					<wrapmultiline>true</wrapmultiline>
					<shadowcolor></shadowcolor>
					<label>$LOCALIZE[19103]</label>
				</control>
				<control type="label">
					<visible>Player.ShowInfo + !Player.ChannelPreviewActive</visible>
					<left>18</left>
		    			<width>270</width>
					<height>108</height>
					<font>Font36Medium</font>
					<aligny>center</aligny>
					<textcolor>FFFFFFFF</textcolor>
					<wrapmultiline>true</wrapmultiline>
					<shadowcolor></shadowcolor>
					<label>$LOCALIZE[19323]</label>
				</control>
				<control type="label">
					<bottom>0</bottom>
					<right>18</right>
		    			<width>324</width>
					<height>108</height>
					<font>Font108Bold</font>
					<aligny>center</aligny>
					<align>right</align>
					<textcolor>CC808080</textcolor>
					<shadowcolor></shadowcolor>
					<label>$INFO[VideoPlayer.ChannelNumberLabel]</label>
				</control>
				<control type="label">
					<left>288</left>
					<right>360</right>
					<bottom>12</bottom>
					<height>36</height>
					<font>Font32Medium</font>
					<aligny>center</aligny>
					<textcolor>FFFFFFFF</textcolor>
					<wrapmultiline>true</wrapmultiline>
					<shadowcolor>80000000</shadowcolor>
					<label fallback="(EPG) $LOCALIZE[10005]">$INFO[VideoPlayer.Title]</label>
				</control>
				<control type="label">
					<bottom>48</bottom>
					<left>288</left>
					<right>360</right>
					<height>54</height>
					<font>Font48Bold</font>
					<aligny>center</aligny>
					<textcolor>FFFFFFFF</textcolor>
					<shadowcolor>80000000</shadowcolor>
					<label>$INFO[VideoPlayer.ChannelName]</label>
				</control>
			</control>
			</control>
		
	</include>
	<include name="DialogTextViewer">
		<control type="button">
			<description>background close area</description>
			<left>0</left>
			<right>846</right>
			<top>0</top>
			<height>100%</height>
			<texturefocus />
			<texturenofocus />
			<onclick>Action(close)</onclick>
		</control>
		<control type="image">
			<include condition="!Skin.HasSetting(NoAnimationInSkin)">fadeInOut</include>
			<left>0</left>
			<bottom>0</bottom>
			<width>100%</width>
			<height>100%</height>
			<texture colordiffuse="CCFFFFFF">colors/black.png</texture>
		</control>
		<control type="group">
			<right>0</right>
			<bottom>0</bottom>
			<width>864</width>
			<height>100%</height>
			<include condition="!Skin.HasSetting(NoAnimationInSkin)">SlideFadeRightTwoWay</include>
			<include content="ModelDialogLeftRounded">
				<param name="modelkey_size" value="180"/>
				<param name="modelkey_color" value="sorotbright"/>
				<param name="dimensionkey_size" value="dim180"/>
			</include>
			<include content="ModelDialogLeftRounded">
				<param name="modelkey_size" value="180"/>
				<param name="modelkey_color" value="CC000000"/>
				<param name="dimensionkey_size" value="dim180"/>
			</include>
			<control type="group">
				<right>64</right>
				<control type="label">
					<animation type="windowopen">
						<effect type="fade" start="0" end="100" delay="200" time="200"/>
					</animation>
					<animation type="windowclose">
						<effect type="fade" start="100" end="0" delay="0" time="100"/>
					</animation>
					<description>TitleWindow</description>
					<posx>36</posx>
					<posy>216</posy>
					<font>Font42Bold</font>
					<width>auto</width>
					<height>72</height>
					<aligny>center</aligny>
					<textcolor>FFFFFFFF</textcolor>
					<label>$LOCALIZE[10147]</label>
				</control>
				<control type="label" id="1">
					<animation type="windowopen">
						<effect type="fade" start="0" end="100" delay="200" time="200"/>
					</animation>
					<animation type="windowclose">
						<effect type="fade" start="100" end="0" delay="0" time="100"/>
					</animation>
					<description>TitleWindow</description>
					<posx>36</posx>
					<posy>288</posy>
					<font>Font28Bold</font>
					<width>auto</width>
					<height>36</height>
					<aligny>center</aligny>
					<textcolor>FFFFFFFF</textcolor>
					<label/>
				</control>
				<control type="group">
					<animation type="windowopen">
						<effect type="fade" start="0" end="100" delay="200" time="200"/>
					</animation>
					<animation type="windowclose">
						<effect type="fade" start="100" end="0" delay="0" time="100"/>
					</animation>
					<bottom>1</bottom>
					<posx>27</posx>
					<width>576</width>
					<height>720</height>
					<control type="group" id="9001">
            <control type="textbox" id="5">
							<top>0</top>
										<left>18</left>
							<height>720</height>
                <description>textarea</description>
                <font>Font24Regular</font>
				<pagecontrol>60</pagecontrol>
            </control>
            			</control>
			</control>
				<control type="group">
					<animation type="windowopen">
						<effect type="fade" start="0" end="100" delay="400" time="300"/>
					</animation>
					<animation type="windowclose">
						<effect type="fade" start="100" end="0" delay="0" time="100"/>
					</animation>
					<right>-64</right>
					<bottom>0</bottom>
					<width>244</width>
					<height>792</height>
					<include content="ModelDialogTopLeftRounded">
						<param name="modelkey_size" value="180"/>
						<param name="modelkey_color" value="40000000"/>
						<param name="dimensionkey_size" value="dim180"/>
					</include>
					<control type="group">
						<visible>!Skin.HasSetting(HideScrollBaronSkin)</visible>
						<right>12</right>
						<bottom>0</bottom>
						<width>18</width>
						<height>756</height>
						<include condition="!Skin.HasSetting(NoAnimationInSkin)">fadeInOutVisible</include>
						<include content="DefaultScrollbars">
							<param name="control_idVer">60</param>
							<param name="visible_verticalbar">true</param>
							<param name="control_HeightVer">720</param>
							<param name="controlVer_onleft">9000</param>
							<param name="controlVer_onright">noop</param>
							<param name="ItsScrollbarForaDialog">true</param>
						</include>
					</control>
				</control>
				<control type="grouplist" id="9000">
					<description>control area</description>
					<right>0</right>
					<bottom>0</bottom>
					<width>180</width>
					<height>756</height>
					<onleft>Control.SetFocus(9001)</onleft>
					<onright>60</onright>
						<control type="button" id="198">
							<font>Font20Bold</font>
							<width>180</width>
							<height>54</height>
							<align>left</align>
							<texturefocus colordiffuse="sorotdark" border="8">shape/dim72/roundedright.png</texturefocus>
							<onclick>Close</onclick>
							<label>$LOCALIZE[31610]</label>
						</control>
				</control>
			</control>
			</control>
	</include>
	<include name="DialogVolumeBar">
        <control type="group" id="9999">
			<include condition="!Skin.HasSetting(NoAnimationInSkin)">fadeInOutDelay</include>
			<right>64</right>
			<top>36</top>
			<width>468</width>
			<height>36</height>
			<control type="progress" id="20">
            	<info>Player.Volume</info>
				<width>468</width>
	            <height>54</height>
				<texturebg colordiffuse="overlay" border="8">shape/dim72/roundedsquare.png</texturebg>
				<midtexture colordiffuse="00000000" border="8">shape/dim72/roundedsquare.png</midtexture>
        	</control>
			<control type="button">
				<width>468</width>
	            <height>54</height>
				<texturenofocus colordiffuse="80000000" border="8">shape/dim72/roundedsquare.png</texturenofocus>
				<texturefocus colordiffuse="80000000" border="8">shape/dim72/roundedsquare.png</texturefocus>
			</control>
				<control type="label">
					<left>16</left>
					<posy>0</posy>
					<width>28</width>
					<height>54</height>
					<font>symbolSize24</font>
					<textcolor>textActive</textcolor>
					<aligny>center</aligny>
					<label>$VAR[VolumeMedia]</label>
				</control>
				<control type="label">
					<left>54</left>
					<posy>16</posy>
					<height>28</height>
					<font>Font24Bold</font>
					<textcolor>textActive</textcolor>
					<aligny>center</aligny>
					<label>$INFO[control.getlabel(20),Volume [B],[/B]]</label>
				</control>
			<control type="grouplist">
				<visible>!Skin.HasSetting(TurnOffStatusBar)</visible>
				<include condition="!Skin.HasSetting(NoAnimationInSkin)">fadeInOutVisibleDelay</include>
				<width>468</width>
				<height>54</height>
				<itemgap>0</itemgap>
				<orientation>horizontal</orientation>
				<usecontrolcoords>false</usecontrolcoords>
				<onup>9999</onup>
				<ondown>9999</ondown>
				<onleft>9999</onleft>
				<onright>9999</onright>
				<align>right</align>
				<control type="label">
					<animation type="Conditional" condition="Integer.IsEqual(System.Time(MM),59) + Integer.IsGreater(System.Time(SS),58)" reversible="false">
						<effect type="fade" start="100" end="0" time="150" delay="800"/>
						<effect type="Slide" start="0,0" end="0,-18" tween="cubic" easing="out" time="150" delay="800"/>
					</animation>
					<animation type="Conditional" condition="![Integer.IsEqual(System.Time(MM),59) + Integer.IsGreater(System.Time(SS),58)]" reversible="false">
						<effect type="fade" start="0" end="100" time="150"/>
						<effect type="Slide" start="0,18" end="0,0" tween="cubic" easing="out" time="150"/>
					</animation>
					<posy>0</posy>
					<posx>0</posx>
					<description>time</description>
					<font>Font36Bold</font>
					<textcolor>FFFFFFFF</textcolor>
					<shadowcolor>80000000</shadowcolor>
					<width>auto</width>
					<height>54</height>
					<aligny>center</aligny>
					<align>center</align>
					<label>$INFO[System.Time(HH)]</label>
				</control>
				<control type="label">
					<animation type="Conditional" condition="!Skin.HasSetting(ShowSecondinStatusBar)" pulse="true">
						<effect type="fade" start="50" end="100" time="500" delay="0"/>
					</animation>
					<posy>0</posy>
					<posx>0</posx>
					<description>time</description>
					<font>Font36Bold</font>
					<textcolor>FFFFFFFF</textcolor>
					<shadowcolor>80000000</shadowcolor>
					<width>auto</width>
					<height>54</height>
					<aligny>center</aligny>
					<align>center</align>
					<label>$VAR[SeparatorTimeVar]</label>
				</control>
				<control type="label">
					<animation type="Conditional" condition="Integer.IsGreater(System.Time(SS),58)" reversible="false">
						<effect type="fade" start="100" end="0" time="150" delay="780"/>
						<effect type="Slide" start="0,0" end="0,-18" tween="cubic" easing="out" time="150" delay="780"/>
					</animation>
					<animation type="Conditional" condition="!Integer.IsGreater(System.Time(SS),58)" reversible="false">
						<effect type="fade" start="0" end="100" time="150"/>
						<effect type="Slide" start="0,18" end="0,0" tween="cubic" easing="out" time="150"/>
					</animation>
					<posy>0</posy>
					<posx>0</posx>
					<description>time</description>
					<font>Font36Bold</font>
					<textcolor>FFFFFFFF</textcolor>
					<shadowcolor>80000000</shadowcolor>
					<width>auto</width>
					<height>54</height>
					<aligny>center</aligny>
					<align>center</align>
					<label>$INFO[System.Time(MM)]</label>
				</control>
				<control type="group">
					<visible>Skin.HasSetting(ShowSecondinStatusBar)|!String.isEmpty(System.Time(XX))</visible>
					<width>42</width>
					<height>54</height>
					<control type="label">
						<visible>!String.isEmpty(System.Time(XX))</visible>
						<posy>0</posy>
						<posx>0</posx>
						<description>time</description>
						<font>Font22Bold</font>
						<textcolor>FFFFFFFF</textcolor>
						<shadowcolor>80000000</shadowcolor>
						<width>42</width>
						<height>28</height>
						<aligny>top</aligny>
						<align>left</align>
						<label>$INFO[System.Time(XX), ,]</label>
					</control>
					<control type="label">
						<visible>Skin.HasSetting(ShowSecondinStatusBar)</visible>
						<posy>24</posy>
						<posx>0</posx>
						<description>time</description>
						<font>Font18Bold</font>
						<textcolor>FFFFFFFF</textcolor>
						<shadowcolor>80000000</shadowcolor>
						<width>42</width>
						<height>24</height>
						<aligny>center</aligny>
						<align>left</align>
						<label>$VAR[SeparatorTimeVar]$INFO[System.Time(SS)]</label>
					</control>
				</control>
				<control type="image">
					<width>18</width>
					<height>54</height>
					<texture>colors/white.png</texture>
					<colordiffuse>00FFFFFF</colordiffuse>
				</control>
			</control>
        </control>
	</include>
</includes>