<?xml version="1.0" encoding="UTF-8"?>
<includes>
	<include name="WeatherViewLayout">
		<!--Main content listing-->
        	<control type="group" id="9999">
			<include condition="!Skin.HasSetting(NoAnimationInSkin)">ListBounceAnimation</include>
			<include condition="!Skin.HasSetting(NoAnimationInSkin)">fadeInOut</include>
			<right>64</right>
			<left>64</left>
                 	<bottom>0</bottom>
			<height>864</height>
			<control type="grouplist">
			<include condition="!Skin.HasSetting(NoAnimationInSkin)">SlideFadeDownTwoWay</include>
			<include condition="!Skin.HasSetting(NoAnimationInSkin)">SlideFadeFromUpToDownVisible</include>
				<left>0</left>
				<bottom>0</bottom>
				<height>864</height>
	                	<itemgap>24</itemgap>
				<align>right</align>
                		<onup>20000</onup>
                		<ondown>20001</ondown>
                		<onright>5009</onright>
				<pagecontrol>5009</pagecontrol>
				<scrolltime tween="cubic" easing="out">500</scrolltime>
				<control type="group" id="1500">
                			<height>540</height>
					<include content="ModelDialogRounded">
						<param name="modelkey_size" value="180" />
						<param name="modelkey_color" value="CC000000" />
						<param name="dimensionkey_size" value="dim180" />
					</include>
               				<control type="group">
                         			<right>432</right>
                         			<posy>0</posy>
               					<control type="label">
                         				<description>Conditions</description>
                         				<posy>0</posy>
                         				<font>Font54Bold</font>
                         				<height>90</height>
							<textoffsetx>36</textoffsetx>
							<aligny>center</aligny>
	            					<label>$INFO[Weather.Conditions]</label>
                     					<textcolor>FFFFFFFF</textcolor>
             					</control>
               					<control type="label">
                         				<description>Wind</description>
                         				<posy>90</posy>
                         				<font>Font28Medium</font>
                         				<height>36</height>
							<aligny>center</aligny>
							<textoffsetx>36</textoffsetx>
                     					<textcolor>FFFFFFFF</textcolor>
							<label>$LOCALIZE[383] $INFO[Window.Property(Current.wind)]</label>
             					</control>
               					<control type="label">
                         				<description>Provider</description>
                         				<bottom>18</bottom>
                         				<font>Font18Medium</font>
                         				<height>24</height>
							<aligny>center</aligny>
							<textoffsetx>36</textoffsetx>
                     					<textcolor>overlay</textcolor>
							<label>$INFO[Window.Property(WeatherProvider)]</label>
             					</control>
             					<control type="grouplist">
                         				<posx>36</posx>
                         				<posy>180</posy>
                        				<width>720</width>
                         				<height>216</height>
	   						<orientation>horizontal</orientation>
							<control type="label">
                         					<posx>36</posx>
                         					<posy>180</posy>
                        					<width>auto</width>
                         					<height>216</height>
								<aligny>center</aligny>
								<align>left</align>
								<font>Font180Bold</font>
								<label>$INFO[Window.Property(Current.Temperature)]</label>
							</control>
							<control type="label">
                         					<posx>288</posx>
                         					<posy>180</posy>
								<aligny>top</aligny>
                        					<width>144</width>
								<height>216</height>
								<font>Font54Bold</font>
								<label>$INFO[System.TemperatureUnits]</label>
							</control>
             					</control>
						<control type="label">
                         				<posx>36</posx>
                         				<posy>378</posy>
                        				<width>auto</width>
                         				<height>36</height>
							<aligny>center</aligny>
							<font>Font32Medium</font>
							<label>$INFO[Window(weather).Property(Current.FeelsLike),$LOCALIZE[402] [B],[/B]]$INFO[System.TemperatureUnits]</label>
						</control>
					<control type="grouplist">
                         			<bottom>36</bottom>
                         				<left>36</left>
                         				<right>360</right>
                        			<height>72</height>
						<scrolltime tween="sine" easing="out">500</scrolltime>
	                			<orientation>horizontal</orientation>
						<control type="grouplist">
                        				<width>228</width>
                        				<height>60</height>
	   						<orientation>horizontal</orientation>
							<control type="label">
            							<visible>!String.IsEmpty(Window(weather).Property(Day0.HighTemp))</visible>
								<font>symbolSize36</font>
                        					<width>60</width>
                        					<height>60</height>
								<align>center</align>
								<aligny>center</aligny>
								<textcolor>textActive</textcolor>
								<shadowcolor></shadowcolor>
								<label></label>
							</control>
                    					<control type="label">
                        					<height>60</height>
                        					<width>160</width>
                        					<font>Font28Regular</font>
								<align>left</align>
                        					<label>[B]$INFO[Window.Property(Day0.HighTemp)]$INFO[System.TemperatureUnits][/B]</label>
                        					<textcolor>textActive</textcolor>
                        					<shadowcolor></shadowcolor>
                    					</control>
           					</control>
             					<control type="grouplist">
                        				<width>228</width>
                     	   				<height>60</height>
	   						<orientation>horizontal</orientation>
							<control type="label">
								<font>symbolSize36</font>
                        					<width>60</width>
                        					<height>60</height>
								<align>center</align>
								<aligny>center</aligny>
								<textcolor>textActive</textcolor>
								<shadowcolor></shadowcolor>
								<label></label>
							</control>
                    					<control type="label">
                        					<height>60</height>
                        					<width>160</width>
                        					<font>Font28Regular</font>
								<align>left</align>
                        					<label>[B]$INFO[Window.Property(Day0.LowTemp)]$INFO[System.TemperatureUnits][/B]</label>
                        					<textcolor>textActive</textcolor>
                        					<shadowcolor></shadowcolor>
                    					</control>
         	    				</control>
             					<control type="grouplist">
                        				<width>228</width>
                        				<height>60</height>
	   						<orientation>horizontal</orientation>
							<control type="label">
								<font>symbolSize36</font>
                        					<width>60</width>
                        					<height>60</height>
								<align>center</align>
								<aligny>center</aligny>
								<textcolor>textActive</textcolor>
								<shadowcolor></shadowcolor>
								<label></label>
							</control>
                    					<control type="label">
                        					<height>60</height>
                        					<width>160</width>
                        					<font>Font28Regular</font>
								<align>left</align>
                        					<label>[B]$INFO[Window.Property(Current.Humidity)][/B]</label>
                        					<textcolor>textActive</textcolor>
                        					<shadowcolor></shadowcolor>
                    					</control>
             					</control>
             					<control type="grouplist">
                        				<width>228</width>
                        				<height>60</height>
	   						<orientation>horizontal</orientation>
							<control type="label">
								<font>symbolSize36</font>
                        					<width>60</width>
                        					<height>60</height>
								<align>center</align>
								<aligny>center</aligny>
								<textcolor>textActive</textcolor>
								<shadowcolor></shadowcolor>
								<label></label>
							</control>
                    					<control type="label">
                        					<height>60</height>
                        					<width>160</width>
                        					<font>Font28Regular</font>
								<align>left</align>
                       		 				<label>[B]$INFO[Window(weather).Property(Current.Precipitation)][/B]</label>
                        					<textcolor>textActive</textcolor>
                        					<shadowcolor></shadowcolor>
                   	 				</control>
             					</control>
             				</control>
             				</control>
               				<control type="group">
                         			<right>72</right>
                         			<posy>0</posy>
                         			<width>432</width>
                         			<height>540</height>
						<control type="image">
            						<visible>Skin.HasSetting(OffAnimatedWeatherFor)</visible>
							<include>fadeInOutVisible</include>
                         				<right>0</right>
                         				<posy>36</posy>
                         				<width>360</width>
                         				<height>360</height>
                        				<aspectratio>keep</aspectratio>
							<colordiffuse>40FFFFFF</colordiffuse>
                    					<texture>$INFO[Weather.ConditionsIcon]</texture>
               					</control>
						<control type="group">
            						<visible>!Skin.HasSetting(OffAnimatedWeatherFor)</visible>
							<include>fadeInOutVisible</include>
                         				<right>0</right>
                         				<posy>0</posy>
                        				<width>360</width>
                       					<height>360</height>
							<include>AnimatedWeatherIcon</include>
               					</control>
						<control type="group">
                         				<right>-36</right>
                         				<top>18</top>
							<width>216</width>
							<height>54</height>
							<include content="ModelListHorizontalRounded">
								<param name="modelkey_size" value="36" />
								<param name="modelkey_color" value="overlay" />
								<param name="dimensionkey_size" value="dim72" />
							</include>
	                      				<control type="group">
								<visible>Control.HasFocus(20)</visible>
								<include content="ModelListHorizontalRounded">
									<param name="modelkey_size" value="36" />
									<param name="modelkey_color" value="sorotan" />
									<param name="dimensionkey_size" value="dim72" />
								</include>
		           				</control>
							<control type="button" id="20">
								<onleft>noop</onleft>
								<onright>noop</onright>
								<onup>20000</onup>
								<ondown>15100</ondown>
								<width>100%</width>
                       	 					<height>36</height>
								<texturefocus />
								<texturenofocus />
								<label>$LOCALIZE[31605]</label>
                        					<font>Font22Medium</font>
                        					<textcolor>textActive</textcolor>
								<align>right</align>
								<onclick>Weather.LocationNext</onclick>
							</control>
						</control>
						<control type="group">
                         				<left>0</left>
                         				<right>0</right>
                         				<bottom>36</bottom>
							<height>54</height>
							<include content="ModelListHorizontalRounded">
								<param name="modelkey_size" value="54" />
								<param name="modelkey_color" value="CC202020" />
								<param name="dimensionkey_size" value="dim72" />
							</include>
             					<control type="grouplist">
                         				<left>18</left>
                        				<width>228</width>
                        				<height>54</height>
	   						<orientation>horizontal</orientation>
							<control type="label">
            							<visible>!String.IsEmpty(Window(weather).Property(Today.Sunrise))</visible>
								<font>symbolSize36</font>
                        					<width>60</width>
                        					<height>54</height>
								<align>center</align>
								<aligny>center</aligny>
								<textcolor>textActive</textcolor>
								<shadowcolor></shadowcolor>
								<label></label>
							</control>
                    					<control type="label">
                        					<height>54</height>
                        					<width>160</width>
                        					<font>Font28Regular</font>
								<align>left</align>
                        					<label>[B]$INFO[Window(weather).Property(Today.Sunrise)][/B]</label>
                        					<textcolor>textActive</textcolor>
                        					<shadowcolor></shadowcolor>
                    					</control>
             					</control>
             					<control type="grouplist">
                         				<left>180</left>
                        				<width>228</width>
                        				<height>54</height>
	   						<orientation>horizontal</orientation>
							<control type="label">
            							<visible>!String.IsEmpty(Window(weather).Property(Today.Sunset))</visible>
								<font>symbolSize36</font>
                        					<width>80</width>
                        					<height>54</height>
								<align>center</align>
								<aligny>center</aligny>
								<textcolor>textActive</textcolor>
								<shadowcolor></shadowcolor>
								<label></label>
							</control>
                    					<control type="label">
                        					<height>54</height>
                        					<width>160</width>
                        					<font>Font28Regular</font>
								<align>left</align>
                        					<label>[B]$INFO[Window(weather).Property(Today.Sunset)][/B]</label>
                        					<textcolor>textActive</textcolor>
                        					<shadowcolor></shadowcolor>
                    					</control>
             					</control>
						</control>
             				</control>
             			</control>
				<control type="group" id="1510">
                			<height>288</height>
            				<control type="panel" id="15100">
                				<posx>0</posx>
                				<posy>0</posy>
                				<height>288</height>
                				<onup>20</onup>
                				<ondown>15200</ondown>
						<onleft>15100</onleft>
	   					<orientation>horizontal</orientation>
                				<itemlayout width="198" height="288">
             						<control type="group">
                        					<width>180</width>
								<include content="ModelDialogRounded">
									<param name="modelkey_size" value="72" />
									<param name="modelkey_color" value="CC000000" />
									<param name="dimensionkey_size" value="dim72" />
								</include>
                    						<control type="image">
                        						<posx>0</posx>
                        						<posy>48</posy>
                        						<width>180</width>
                        						<height>180</height>
                        						<aspectratio>stretch</aspectratio>
                        						<texture fallback="colors/offblack.png">$INFO[listitem.icon]</texture>
                        						<bordersize>18</bordersize>
                        						<colordiffuse>FFffffff</colordiffuse>
                    						</control>
                    						<control type="label">
                        						<posx>0</posx>
                        						<posy>0</posy>
                        						<width>180</width>
                        						<height>72</height>
                        						<align>center</align>
                        						<aligny>center</aligny>
                        						<font>Font32Bold</font>
									<textoffsetx>18</textoffsetx>
                        						<textcolor>textActive</textcolor>
                       		 					<label>$INFO[ListItem.label]</label>
                    						</control>
                    						<control type="label">
                        						<posx>18</posx>
                        						<posy>216</posy>
                        						<width>22</width>
                        						<height>28</height>
                        						<align>center</align>
                        						<aligny>center</aligny>
                        						<font>symbolSize18</font>
                        						<textcolor>textActive</textcolor>
                        						<label></label>
                    						</control>
                    						<control type="label">
                        						<posx>45</posx>
                        						<posy>208</posy>
                        						<width>126</width>
                        						<height>72</height>
                        						<align>left</align>
                        						<aligny>center</aligny>
                        						<font>Font22Bold</font>
                        						<textcolor>textActive</textcolor>
                        						<label>$INFO[ListItem.label2]</label>
                    						</control>
                    						<control type="label">
                        						<posx>18</posx>
                        						<posy>242</posy>
                        						<width>22</width>
                        						<height>28</height>
                        						<align>center</align>
                        						<aligny>center</aligny>
                        						<font>symbolSize18</font>
                        						<textcolor>textActive</textcolor>
                        						<label></label>
                    						</control>
                    					</control>
                				</itemlayout>
                				<focusedlayout width="198" height="288">
             						<control type="group">
                        					<width>180</width>
								<include content="ModelDialogRounded">
									<param name="modelkey_size" value="72" />
									<param name="modelkey_color" value="sorotan" />
									<param name="dimensionkey_size" value="dim72" />
								</include>
								<include content="ModelDialogRounded">
									<param name="modelkey_size" value="72" />
									<param name="modelkey_color" value="CC000000" />
									<param name="dimensionkey_size" value="dim72" />
								</include>
                    						<control type="image">
                        						<posx>0</posx>
                        						<posy>48</posy>
                        						<width>180</width>
                        						<height>180</height>
                        						<aspectratio>stretch</aspectratio>
                        						<texture fallback="colors/offblack.png">$INFO[listitem.icon]</texture>
                        						<bordersize>18</bordersize>
                        						<colordiffuse>FFffffff</colordiffuse>
                    						</control>
                    						<control type="label">
                        						<posx>0</posx>
                        						<posy>0</posy>
                        						<width>180</width>
                        						<height>72</height>
                        						<align>center</align>
                        						<aligny>center</aligny>
                        						<font>Font32Bold</font>
									<textoffsetx>18</textoffsetx>
                        						<textcolor>textActive</textcolor>
                       		 					<label>$INFO[ListItem.label]</label>
                    						</control>
                    						<control type="label">
                        						<posx>18</posx>
                        						<posy>216</posy>
                        						<width>22</width>
                        						<height>28</height>
                        						<align>center</align>
                        						<aligny>center</aligny>
                        						<font>symbolSize18</font>
                        						<textcolor>textActive</textcolor>
                        						<label></label>
                    						</control>
                    						<control type="label">
                        						<posx>45</posx>
                        						<posy>208</posy>
                        						<width>126</width>
                        						<height>72</height>
                        						<align>left</align>
                        						<aligny>center</aligny>
                        						<font>Font22Bold</font>
                        						<textcolor>textActive</textcolor>
                        						<label>$INFO[ListItem.label2]</label>
                    						</control>
                    						<control type="label">
                        						<posx>18</posx>
                        						<posy>242</posy>
                        						<width>22</width>
                        						<height>28</height>
                        						<align>center</align>
                        						<aligny>center</aligny>
                        						<font>symbolSize18</font>
                        						<textcolor>textActive</textcolor>
                        						<label></label>
                    						</control>
                    					</control>
                				</focusedlayout>
						<content>
            						<include>WeatherHourlyAll</include>
						</content>
            				</control>
            			</control>
				<control type="group" id="1520">
                			<height>288</height>
					<control type="label">
                         			<posy>0</posy>
						<aligny>center</aligny>
						<height>72</height>
						<font>Font28Medium</font>
						<label>$LOCALIZE[19079]</label>
					</control>
            				<control type="panel" id="15200">
                				<posx>0</posx>
                				<posy>72</posy>
                				<height>264</height>
                				<onup>15100</onup>
                				<ondown>70010</ondown>
					<onleft>599</onleft>
							<onfocus>Skin.Reset(OpenSideMenuForWeather)</onfocus>
	   					<orientation>horizontal</orientation>
                				<itemlayout width="414" height="180">
                    					<control type="image">
                        					<posx>0</posx>
                        					<posy>0</posy>
                        					<width>396</width>
                        					<height>180</height>
                        					<aspectratio>stretch</aspectratio>
                        					<texture>colors/black.png</texture>
                        					<bordersize></bordersize>
                        					<colordiffuse>ffffffff</colordiffuse>
                    					</control>
                    					<control type="image">
                        					<posx>0</posx>
                        					<posy>0</posy>
                        					<width>180</width>
                        					<height>180</height>
                        					<aspectratio>stretch</aspectratio>
                        					<texture fallback="colors/offblack.png">$INFO[listitem.icon]</texture>
                        					<bordersize>18</bordersize>
                        					<colordiffuse>FFffffff</colordiffuse>
                    					</control>
                    					<control type="label">
                        					<posx>180</posx>
                        					<posy>28</posy>
                        					<width>198</width>
                        					<height>72</height>
                        					<align>left</align>
                        					<aligny>center</aligny>
                        					<font>Font36Bold</font>
                        					<textcolor>textActive</textcolor>
                       		 				<label>$INFO[ListItem.label]</label>
                    					</control>
                    					<control type="label">
                        					<posx>180</posx>
                        					<posy>96</posy>
                        					<width>36</width>
                        					<height>36</height>
                        					<align>center</align>
                        					<aligny>center</aligny>
                        					<font>symbolSize30</font>
                        					<textcolor>textActive</textcolor>
                        					<label></label>
                    					</control>
                    					<control type="label">
                        					<posx>216</posx>
                        					<posy>96</posy>
                        					<width>126</width>
                        					<height>36</height>
                        					<align>center</align>
                        					<aligny>center</aligny>
                        					<font>Font22Bold</font>
                        					<textcolor>textActive</textcolor>
                        					<label>$INFO[ListItem.label2]</label>
                    					</control>
                				</itemlayout>
                				<focusedlayout width="414" height="180">
                    					<control type="image">
                        					<posx>0</posx>
                        					<posy>0</posy>
                        					<width>396</width>
                        					<height>180</height>
                        					<aspectratio>stretch</aspectratio>
                        					<texture>colors/black.png</texture>
                        					<bordersize></bordersize>
                        					<colordiffuse>ffffffff</colordiffuse>
                    					</control>
                    					<control type="image">
                        					<posx>0</posx>
                        					<posy>0</posy>
                        					<width>396</width>
                        					<height>180</height>
                        					<aspectratio>stretch</aspectratio>
                        					<texture>colors/white.png</texture>
                        					<bordersize></bordersize>
                        					<colordiffuse>40ffffff</colordiffuse>
                    					</control>
                    					<control type="image">
                        					<posx>0</posx>
                        					<posy>0</posy>
                        					<width>180</width>
                        					<height>180</height>
                        					<aspectratio>stretch</aspectratio>
                        					<texture fallback="colors/offblack.png">$INFO[listitem.icon]</texture>
                        					<bordersize>18</bordersize>
                        					<colordiffuse>FFffffff</colordiffuse>
                    					</control>
                    					<control type="label">
                        					<posx>180</posx>
                        					<posy>28</posy>
                        					<width>198</width>
                        					<height>72</height>
                        					<align>left</align>
                        					<aligny>center</aligny>
                        					<font>Font36Bold</font>
                        					<textcolor>textActive</textcolor>
                       		 				<label>$INFO[ListItem.label]</label>
                    					</control>
                    					<control type="label">
                        					<posx>180</posx>
                        					<posy>96</posy>
                        					<width>36</width>
                        					<height>36</height>
                        					<align>center</align>
                        					<aligny>center</aligny>
                        					<font>symbolSize30</font>
                        					<textcolor>textActive</textcolor>
                        					<label></label>
                    					</control>
                    					<control type="label">
                        					<posx>216</posx>
                        					<posy>96</posy>
                        					<width>126</width>
                        					<height>36</height>
                        					<align>center</align>
                        					<aligny>center</aligny>
                        					<font>Font22Bold</font>
                        					<textcolor>textActive</textcolor>
                        					<label>$INFO[ListItem.label2]</label>
                    					</control>
                				</focusedlayout>
						<content>
            						<include>WeatherDailyAll</include>
						</content>
            				</control>
            			</control>
				<control type="group" id="7001">
                        		<height>780</height>
					<control type="button" id="70010">
						<left>0</left>
						<top>36</top>
						<width>100%</width>
						<height>672</height>
						<onup>15200</onup>
						<ondown>70020</ondown>
					<onleft>599</onleft>
							<onfocus>Skin.Reset(OpenSideMenuForWeather)</onfocus>
					</control>
					<control type="image" id="70011">
						<top>36</top>
						<width>100%</width>
						<height>672</height>
						<texture>colors/black</texture>
						<bordertexture border="21">colors/white</bordertexture>
						<bordersize>20</bordersize>
					</control>
					<control type="image" id="70012">
						<top>36</top>
						<width>100%</width>
						<height>672</height>
						<texture>$INFO[Window(weather).Property(Map.1.Area)]</texture>
						<aspectratio>scale</aspectratio>
					</control>
					<control type="image" id="70013">
						<top>36</top>
						<width>100%</width>
						<height>672</height>
						<texture>$INFO[Window(weather).Property(Map.1.Layer)]</texture>
						<aspectratio>scale</aspectratio>
						<colordiffuse>B0FFFFFF</colordiffuse>
					</control>
					<control type="image" id="70014">
						<right>56</right>
						<bottom>92</bottom>
						<width>350</width>
						<height>55</height>
						<texture>$INFO[Window(weather).Property(Map.1.Legend)]</texture>
					</control>
					<control type="label" id="70019">
						<left>36</left>
						<top>54</top>
						<width>340</width>
						<height>36</height>
						<aligny>center</aligny>
						<font>Font24Bold</font>
                        			<textcolor>black</textcolor>
						<label>$INFO[Window(weather).Property(Map.1.Heading)]</label>
						<visible>Weather.IsFetched + !String.IsEmpty(Window(weather).Property(Map.1.Area)) + !String.IsEmpty(Window(weather).Property(Map.IsFetched))</visible>
					</control>
				</control>
				<control type="group" id="7002">
                        		<height>780</height>
					<control type="button" id="70020">
						<left>0</left>
						<top>36</top>
						<width>100%</width>
						<height>672</height>
						<onup>70010</onup>
						<ondown>70030</ondown>
					<onleft>599</onleft>
							<onfocus>Skin.Reset(OpenSideMenuForWeather)</onfocus>
					</control>
					<control type="image" id="70021">
						<top>36</top>
						<width>100%</width>
						<height>672</height>
						<texture>colors/black</texture>
						<bordertexture border="21">colors/white</bordertexture>
						<bordersize>20</bordersize>
					</control>
					<control type="image" id="70022">
						<top>36</top>
						<width>100%</width>
						<height>672</height>
						<texture>$INFO[Window(weather).Property(Map.2.Area)]</texture>
						<aspectratio>scale</aspectratio>
					</control>
					<control type="image" id="70023">
						<top>36</top>
						<width>100%</width>
						<height>672</height>
						<texture>$INFO[Window(weather).Property(Map.2.Layer)]</texture>
						<aspectratio>scale</aspectratio>
						<colordiffuse>B0FFFFFF</colordiffuse>
					</control>
					<control type="image" id="70024">
						<right>56</right>
						<bottom>92</bottom>
						<width>350</width>
						<height>55</height>
						<texture>$INFO[Window(weather).Property(Map.2.Legend)]</texture>
					</control>
					<control type="label" id="70029">
						<left>36</left>
						<top>54</top>
						<width>340</width>
						<height>36</height>
						<aligny>center</aligny>
						<font>Font24Bold</font>
                        			<textcolor>black</textcolor>
						<label>$INFO[Window(weather).Property(Map.2.Heading)]</label>
						<visible>Weather.IsFetched + !String.IsEmpty(Window(weather).Property(Map.2.Area)) + !String.IsEmpty(Window(weather).Property(Map.IsFetched))</visible>
					</control>
				</control>
				<control type="group" id="7003">
                        		<height>780</height>
					<control type="button" id="70030">
						<left>0</left>
						<top>36</top>
						<width>100%</width>
						<height>672</height>
						<onup>70020</onup>
						<ondown>70040</ondown>
					<onleft>599</onleft>
							<onfocus>Skin.Reset(OpenSideMenuForWeather)</onfocus>
					</control>
					<control type="image" id="70031">
						<top>36</top>
						<width>100%</width>
						<height>672</height>
						<texture>colors/black</texture>
						<bordertexture border="21">colors/white</bordertexture>
						<bordersize>20</bordersize>
					</control>
					<control type="image" id="70032">
						<top>36</top>
						<width>100%</width>
						<height>672</height>
						<texture>$INFO[Window(weather).Property(Map.3.Area)]</texture>
						<aspectratio>scale</aspectratio>
					</control>
					<control type="image" id="70033">
						<top>36</top>
						<width>100%</width>
						<height>672</height>
						<texture>$INFO[Window(weather).Property(Map.3.Layer)]</texture>
						<aspectratio>scale</aspectratio>
						<colordiffuse>B0FFFFFF</colordiffuse>
					</control>
					<control type="image" id="70034">
						<right>56</right>
						<bottom>92</bottom>
						<width>350</width>
						<height>55</height>
						<texture>$INFO[Window(weather).Property(Map.3.Legend)]</texture>
					</control>
					<control type="label" id="70039">
						<left>36</left>
						<top>54</top>
						<width>340</width>
						<height>36</height>
						<aligny>center</aligny>
						<font>Font24Bold</font>
                        			<textcolor>black</textcolor>
						<label>$INFO[Window(weather).Property(Map.3.Heading)]</label>
						<visible>Weather.IsFetched + !String.IsEmpty(Window(weather).Property(Map.3.Area)) + !String.IsEmpty(Window(weather).Property(Map.IsFetched))</visible>
					</control>
				</control>
				<control type="group" id="7004">
                        		<height>780</height>
					<control type="button" id="70040">
						<left>0</left>
						<top>36</top>
						<width>100%</width>
						<height>672</height>
						<onup>70030</onup>
						<ondown>20001</ondown>
					<onleft>599</onleft>
							<onfocus>Skin.Reset(OpenSideMenuForWeather)</onfocus>
					</control>
					<control type="image" id="70041">
						<top>36</top>
						<width>100%</width>
						<height>672</height>
						<texture>colors/black</texture>
						<bordertexture border="21">colors/white</bordertexture>
						<bordersize>20</bordersize>
					</control>
					<control type="image" id="70042">
						<top>36</top>
						<width>100%</width>
						<height>672</height>
						<texture>$INFO[Window(weather).Property(Map.4.Area)]</texture>
						<aspectratio>scale</aspectratio>
					</control>
					<control type="image" id="70043">
						<top>36</top>
						<width>100%</width>
						<height>672</height>
						<texture>$INFO[Window(weather).Property(Map.4.Layer)]</texture>
						<aspectratio>scale</aspectratio>
						<colordiffuse>B0FFFFFF</colordiffuse>
					</control>
					<control type="image" id="70044">
						<right>56</right>
						<bottom>92</bottom>
						<width>350</width>
						<height>55</height>
						<texture>$INFO[Window(weather).Property(Map.4.Legend)]</texture>
					</control>
					<control type="label" id="70049">
						<left>36</left>
						<top>54</top>
						<width>340</width>
						<height>36</height>
						<aligny>center</aligny>
						<font>Font24Bold</font>
                        			<textcolor>black</textcolor>
						<label>$INFO[Window(weather).Property(Map.4.Heading)]</label>
						<visible>Weather.IsFetched + !String.IsEmpty(Window(weather).Property(Map.4.Area)) + !String.IsEmpty(Window(weather).Property(Map.IsFetched))</visible>
					</control>
				</control>
             		</control>
            	</control>
        <control type="group">
			<visible>!Skin.HasSetting(HideScrollBaronSkin)</visible>
            <include condition="!Skin.HasSetting(NoAnimationInSkin)">fadeInOutVisible</include>
			<include content="DefaultScrollbars">
				<param name="visible_horizontalbar">false</param>
				<param name="visible_verticalbar">true</param>
				<param name="control_HeightVer">864</param>
				<param name="control_EdgeHor">98</param>
			</include>
        </control>
		<include content="DefaultWindowHeader">
			<param name="sidemenu_visible">false</param>
			<param name="visible_control">true</param>
			<param name="header_label" value="$LOCALIZE[8]"/>
			<param name="subheader_label" value="$INFO[Weather.Location]"/>
			<param name="pos_left" value="64"/>
		</include>
	</include>
</includes>
