<?xml version="1.0" encoding="UTF-8"?>
<window>
	<defaultcontrol always="true"></defaultcontrol>
	<controls>
        	<control type="group" id="9999">
			<control type="image">
				<include>fadeInOut</include>
				<left>0</left>
				<bottom>0</bottom>
				<width>100%</width>
				<height>100%</height>
				<texture colordiffuse="CCFFFFFF">colors/black.png</texture>
			</control>
			<control type="group">
                    		<left>128</left>
                    		<bottom>72</bottom>
				<width>1080</width>
				<height>90</height>
				<control type="group" id="1">
	         			<left>18</left>
	         			<top>18</top>
					<width>54</width>
					<height>54</height>
					<control type="image" id="1">
						<animation type="Conditional" condition="Window.isActive(busydialog)" loop="true">
            						<effect type="slide" start="0,0" end="36,0" tween="cubic" easing="out" time="180" delay="180"/>
            						<effect type="slide" end="0,36" tween="cubic" easing="out" time="180" delay="360"/>
						</animation>
	                        		<left>0</left>
	                        		<posy>0</posy>
				               	<width>18</width>
				               	<height>18</height>
	                        		<aspectratio>stretch</aspectratio>
	                        		<texture>shape/dim72/roundedsquare.png</texture>
	                        		<bordersize>0</bordersize>
	        		 	</control>
					<control type="image" id="1">
						<animation type="Conditional" condition="Window.isActive(busydialog)" loop="true">
            						<effect type="slide" start="0,0" end="-36,0" tween="cubic" easing="out" time="180" delay="180"/>
            						<effect type="slide" end="0,-36" tween="cubic" easing="out" time="180" delay="360"/>
						</animation>
	                        		<right>0</right>
	                        		<bottom>0</bottom>
				               	<width>18</width>
				               	<height>18</height>
	                        		<aspectratio>stretch</aspectratio>
	                        		<texture>shape/dim72/roundedsquare.png</texture>
	                        		<bordersize>0</bordersize>
	         			</control>
				</control>
				<control type="label">
					<animation type="windowopen">
						<effect type="fade" start="0" end="100" time="300" delay="360"/>
					</animation>
					<animation type="windowclose">
						<effect type="fade" start="100" end="0" time="300"/>
        				</animation>
	                        	<left>90</left>
	                        	<posy>9</posy>
		    			<width>720</width>
					<height>72</height>
					<font>Font54Medium</font>
					<aligny>center</aligny>
					<textcolor>textActive</textcolor>
					<shadowcolor></shadowcolor>
					<label>31087</label>
				</control>
			</control>
		</control>
	</controls>
</window>
