<?xml version="1.0" encoding="UTF-8"?>
<window>
    	<defaultcontrol always="true">50</defaultcontrol>
	<onload condition="Skin.hassetting(stopVideoOnMenu) + !Player.HasAudio">PlayerControl(stop)</onload>
	<views>50</views>
    	<controls>
        	<include>UniversalGlobalBackground</include>
        	<control type="group" id="9999">
			<control type="group">
				<include condition="!Skin.HasSetting(NoAnimationInSkin)">TempEvoSlideFadeDownTwoWay</include>
				<right>64</right>
				<left>64</left>
				<control type="group">
					<control type="group">
		    				<visible>Control.IsVisible(50)</visible>
						<right>0</right>
						<bottom>36</bottom>
						<width>216</width>
						<height>792</height>
						<include content="TempEvoModelListVerticalRounded">
							<param name="modelkey_size" value="216" />
							<param name="modelkey_color" value="40000000" />
							<param name="dimensionkey_size" value="dim216" />
						</include>
            				<control type="grouplist" id="9000">
                				<description>control area</description>
						<right>0</right>
						<bottom>18</bottom>
						<width>216</width>
						<height>756</height>
						<onleft>100</onleft>
                				<onup>9000</onup>
                				<ondown>9000</ondown>
                				<onright>5009</onright>
						<control type="button" id="6">
							<description>OK</description>
							<width>216</width>
							<height>54</height>
							<font>Font20Bold</font>
							<align>center</align>
							<label>$LOCALIZE[502]</label>
						</control>
						<control type="button" id="7">
							<description>Cancel</description>
							<width>216</width>
							<height>54</height>
							<font>Font20Bold</font>
							<align>center</align>
							<label>$LOCALIZE[190]</label>
						</control>
						<control type="button" id="8">
							<description>Clear / Settings</description>
							<width>216</width>
							<height>54</height>
							<font>Font20Bold</font>
							<align>center</align>
							<label>$LOCALIZE[192]</label>
						</control>
            				</control>
					</control>
					<control type="group">
                   				<right>252</right>
						<control type="panel" id="50">
							<include condition="!Skin.HasSetting(NoAnimationInSkin)">TempEvoSlideFadeDownTwoWay</include>
							<include condition="!Skin.HasSetting(NoAnimationInSkin)" content="TempEvoSlideFadeFromUpToDownVisibleControl">
								<param name="control_id" value="50" />
							</include>
                   					<posx>0</posx>
                 					<bottom>0</bottom>
                    					<width>49%</width>
							<height>882</height>
							<onleft>noop</onleft>
						<onright>100</onright>
							<orientation>vertical</orientation>
							<scrolltime tween="cubic" easing="out">500</scrolltime>
							<itemlayout height="72">
								<include content="ListLayoutSmallSize">
									<param name="size_height" value="72"/>
									<param name="dimensionkey_size" value="dim72"/>
									<param name="font_forlabel" value="Font22Medium"/>
									<param name="visible_details" value="true"/>
									<param name="control_label1" value="$INFO[Listitem.label]"/>
									<param name="control_label2" value="$INFO[Listitem.label2]"/>
								</include>
	           					</itemlayout>
							<focusedlayout height="72">
								<control type="group">
									<include condition="!Skin.HasSetting(NoAnimationInSkin)">TempEvoFocusedItemFade</include>
									<include content="TempEvoModelListHorizontalRounded">
										<param name="modelkey_size" value="72" />
										<param name="modelkey_color" value="sorotan" />
										<param name="dimensionkey_size" value="dim72" />
									</include>
								</control>
								<include content="ListLayoutSmallSize">
									<param name="size_height" value="72"/>
									<param name="dimensionkey_size" value="dim72"/>
									<param name="font_forlabel" value="Font22Medium"/>
									<param name="visible_details" value="true"/>
									<param name="control_label1" value="$INFO[Listitem.label]"/>
									<param name="control_label2" value="$INFO[Listitem.label2]"/>
								</include>
							</focusedlayout>
	            				</control>
						<control type="panel" id="100">
                   					<posx>51%</posx>
                 					<bottom>0</bottom>
                    					<width>49%</width>
							<height>882</height>
							<onleft>50</onleft>
						<onright>9000</onright>
							<orientation>vertical</orientation>
				<pagecontrol>5009</pagecontrol>
							<scrolltime tween="cubic" easing="out">500</scrolltime>
							<itemlayout height="72">
								<include content="ListLayoutSmallSize">
									<param name="size_height" value="72"/>
									<param name="dimensionkey_size" value="dim72"/>
									<param name="font_forlabel" value="Font22Medium"/>
									<param name="visible_details" value="true"/>
									<param name="control_label1" value="$INFO[Listitem.label]"/>
									<param name="control_label2" value="$INFO[Listitem.label2]"/>
								</include>
	           					</itemlayout>
							<focusedlayout height="72">
								<control type="group">
									<include condition="!Skin.HasSetting(NoAnimationInSkin)">TempEvoFocusedItemFade</include>
									<include content="TempEvoModelListHorizontalRounded">
										<param name="modelkey_size" value="72" />
										<param name="modelkey_color" value="sorotan" />
										<param name="dimensionkey_size" value="dim72" />
									</include>
								</control>
								<include content="ListLayoutSmallSize">
									<param name="size_height" value="72"/>
									<param name="dimensionkey_size" value="dim72"/>
									<param name="font_forlabel" value="Font22Medium"/>
									<param name="visible_details" value="true"/>
									<param name="control_label1" value="$INFO[Listitem.label]"/>
									<param name="control_label2" value="$INFO[Listitem.label2]"/>
								</include>
							</focusedlayout>
	            				</control>
	            			</control>
                    		</control>
	            	</control>
            	</control>
        <control type="group">
			<visible>!Skin.HasSetting(HideScrollBaronSkin)</visible>
            <include condition="!Skin.HasSetting(NoAnimationInSkin)">fadeInOutVisible</include>
			<include content="DefaultScrollbars">
				<param name="visible_verticalbar">Control.IsVisible(100)</param>
				<param name="control_HeightVer">864</param>
			</include>
		</control>
		<include content="DefaultWindowHeader">
			<param name="visible_control">true</param>
			<param name="header_label" value="$LOCALIZE[2]"/>
			<param name="subheader_label" value="$LOCALIZE[10503]"/>
			<param name="pos_left" value="64"/>
		</include>
		<!--Universal Status Bar-->
		<include>StatusBarandTimeDisplay</include>
	</controls>
</window>
