<?xml version="1.0" encoding="UTF-8"?>
<window>
    <defaultcontrol always="true">3012</defaultcontrol>
    <onload>Dialog.Close(fullscreeninfo,true)</onload>
    <onload>Dialog.Close(videoosd,true)</onload>
    <controls>
        	<control type="group" id="9999">
            <animation type="WindowOpen">
                <effect type="slide" start="540,0" end="0,0" time="180" />
            </animation>
            <animation type="WindowClose">
                <effect type="slide" start="0,0" end="540,0" time="180" />
            </animation>
			<right>0</right>
			<top>0</top>
			<width>540</width>
			<height>396</height>
							<control type="image">
								<left>0</left>
								<posy>0</posy>
								<width>540</width>
								<height>303</height>
								<fadetime>300</fadetime>
								<texture background="true">$INFO[Window.Property(landscape)]</texture>
								<colordiffuse>FFFFFFFF</colordiffuse>
								<bordersize>0</bordersize>
								<aspectratio scalediffuse="false">scale</aspectratio>
							</control>
							<control type="image">
								<visible>String.IsEmpty(Window.Property(landscape))</visible>
								<left>0</left>
								<posy>0</posy>
								<width>540</width>
								<height>303</height>
								<fadetime>300</fadetime>
								<texture background="true">$INFO[Window.Property(fanart)]</texture>
								<colordiffuse>FFFFFFFF</colordiffuse>
								<bordersize>0</bordersize>
								<aspectratio scalediffuse="false">scale</aspectratio>
							</control>
							<control type="image">
								<visible>String.IsEmpty(Window.Property(landscape)) + String.IsEmpty(Window.Property(fanart))</visible>
								<left>0</left>
								<posy>0</posy>
								<width>540</width>
								<height>303</height>
								<fadetime>300</fadetime>
								<texture background="true">$INFO[Window.Property(thumb)]</texture>
								<colordiffuse>FFFFFFFF</colordiffuse>
								<bordersize>0</bordersize>
								<aspectratio scalediffuse="false">scale</aspectratio>
							</control>
			<include content="TempEvoModelDialogBottomLeftRounded">
				<param name="modelkey_size" value="180" />
				<param name="modelkey_color" value="80000000" />
				<param name="dimensionkey_size" value="dim180" />
			</include>
		<control type="group">
			<right>54</right>
			<left>36</left>
            <top>126</top>
			<height>270</height>
               		<control type="label">
                         	<description>TitleWindow</description>
				<posx>0</posx>
                         	<posy>0</posy>
                         	<font>Font54Bold</font>
                         	<width>432</width>
                         	<height>108</height>
				<aligny>center</aligny>
                     		<textcolor>FFFFFFFF</textcolor>
				<wrapmultiline>true</wrapmultiline>
				<label>$LOCALIZE[31212] $INFO[Player.TimeRemaining]</label>
             		</control>
			<control type="grouplist" id="20">
                    <bottom>18</bottom>
                    <width>432</width>
					<height>270</height>
					<itemgap>0</itemgap>
                    <align>right</align>
					<orientation>vertical</orientation>
            				<control type="button" id="3012">
								<width>432</width>
								<font>Font20Bold</font>
	                					<height>54</height>
								<align>right</align>
								<label>$LOCALIZE[31125]</label>
            					</control>
            				<control type="button" id="3013">
								<width>432</width>
								<font>Font20Bold</font>
	                					<height>54</height>
								<align>right</align>
								<label></label>
                            <onclick>SendClick(3012)</onclick>
            					</control>
               		</control>
	        </control>
        </control>
		<control type="group">
            		<include>fadeInOut</include>
			<animation type="Conditional" condition="true">
            			<effect type="fade" start="100" end="75" time="0" delay="0"/>
			</animation>
			<!--Universal Status Bar-->
			<include>StatusBarandTimeDisplay</include>
		</control>
    </controls>
</window>
