<?xml version="1.0" encoding="UTF-8"?>
<includes>
    	<include name="TaskbarandTimeDisplay">
        	<control type="group">
            		<visible>Player.HasVideo + ![VideoPlayer.IsFullscreen | window.isactive(videoplaylist)|Window.isActive(playercontrols)]</visible>
			<visible>!Skin.HasSetting(SetVideotoBackground)</visible>
			<animation type="visible">
            			<effect type="slide" start="0,-324" end="0,0" tween="cubic" easing="out" delay="0" time="180"/>
			</animation>
			<animation type="hidden">
            			<effect type="slide" start="0,0" end="0,-324" tween="cubic" easing="out" delay="1000" time="180"/>
			</animation>
			<animation type="Conditional" condition="[window.isactive(videos) + [Control.IsVisible(53) | Control.IsVisible(56) | Control.IsVisible(509)] + ![Integer.IsGreater(Container(53).Row,1) | Integer.IsGreater(Container(56).Row,0) | Integer.IsGreater(Container(509).Row,0)]]">
            			<effect type="slide" start="0,0" end="0,648" time="360"  tween="cubic" easing="inout" delay="0"/>
			</animation>
                   	<right>64</right>
                 	<top>126</top>
			<width>434</width>
			<height>248</height>
			<control type="group">
				<right>0</right>
        			<control type="group">
					<right>0</right>
					<posy>0</posy>
					<width>434</width>
					<height>248</height>
					<include content="ModelDialogRounded">
						<param name="modelkey_size" value="144" />
						<param name="modelkey_color" value="black" />
						<param name="dimensionkey_size" value="dim144" />
					</include>
        			</control>
        			<control type="group">
					<right>4</right>
					<posy>4</posy>
					<width>426</width>
					<height>240</height>
            				<control type="image">
						<right>0</right>
                				<posy>0</posy>
						<width>426</width>
						<height>240</height>
                				<aspectratio>stretch</aspectratio>
                				<texture>colors/black.png</texture>
                				<bordersize>0</bordersize>
            				</control>
            				<control type="videowindow">
						<right>0</right>
                				<posy>0</posy>
						<width>426</width>
						<height>240</height>
            				</control>
					<control type="group">
						<right>0</right>
                				<posy>0</posy>
						<width>426</width>
						<height>240</height>
						<include content="MiniModelBorderAllRounded">
							<param name="modelkey_size" value="10" />
							<param name="modelkey_color" value="black" />
						</include>
	              			</control>
        			</control>
			</control>
		</control>

            <control type="group">
				<left>64</left>
				<right>64</right>
				<bottom>36</bottom>
		        <height>90</height>
				<control type="button">
        			<animation type="conditional" condition="!Skin.HasSetting(NoAnimationInSkin)+!Window.IsActive(home)+![Control.hasfocus(601)]">
						<effect type="fade" start="100" end="50" time="180"/>
        			</animation>
					<visible>!Window.IsActive(home)</visible>
	            <height>90</height>
				<texturenofocus colordiffuse="sorotdark" border="8">shape/dim72/roundedsquare.png</texturenofocus>
				<texturefocus colordiffuse="sorotdark" border="8">shape/dim72/roundedsquare.png</texturefocus>
			</control>
			<control type="button">
	            <height>90</height>
				<texturenofocus colordiffuse="80000000" border="8">shape/dim72/roundedsquare.png</texturenofocus>
				<texturefocus colordiffuse="80000000" border="8">shape/dim72/roundedsquare.png</texturefocus>
			</control>
                <control type="fixedlist"
                         id="9009">
                    <left>18</left>
                    <bottom>0</bottom>
                    <height>90</height>
                    <onfocus>Skin.Reset(SearchWindow)</onfocus>
                    <onfocus>Skin.Reset(SettingWindow)</onfocus>
                    <onfocus>Skin.Reset(ShutdownWindow)</onfocus>
                    <onfocus>Skin.Reset(AboutWindow)</onfocus>
                    <focusposition>0</focusposition>
                    <orientation>vertical</orientation>
                    <scrolltime easing="out"
                                tween="cubic">240</scrolltime>
                    <itemlayout height="90">
						<control type="image">
                            <height>90</height>
							<texture>colors/black.png</texture>
							<colordiffuse>00FFFFFF</colordiffuse>
						</control>
                    </itemlayout>
                    <focusedlayout height="90">
						<control type="image">
                            <height>90</height>
							<texture>colors/black.png</texture>
							<colordiffuse>00FFFFFF</colordiffuse>
						</control>
                    </focusedlayout>
                    <content>
                        <item id="0">
                            <property name="allmenulist">hidden</property>
                        </item>
                        <item id="1">
                            <property name="allmenulist">show</property>
                        </item>
                    </content>
                </control>
				<control type="button" id="601">
                    <left>6</left>
                    <bottom>6</bottom>
					<width>78</width>
					<height>78</height>
					<onleft>noop</onleft>
					<onright>602</onright>
					<onup>210</onup>
					<ondown>noop</ondown>
					<texturefocus colordiffuse="overlay">shape/dim72/roundedsquare.png</texturefocus>
					<texturenofocus colordiffuse="00ffffff">colors/white.png</texturenofocus>
					<onclick condition="!String.IsEqual(Window(home).Property(menudialog_content),menulistdialog)">SetProperty(menudialog_content,menulistdialog,home)</onclick>
					<onclick condition="String.IsEqual(Window(home).Property(menudialog_content),menulistdialog)">ClearProperty(menudialog_content,home)</onclick>
				</control>
				<control type="group">
                    <left>0</left>
                    <bottom>0</bottom>
					<width>90</width>
					<height>90</height>
					<control type="image">
        				<animation type="conditional" condition="!Skin.HasSetting(NoAnimationInSkin) + String.IsEqual(Window(home).Property(menudialog_content),menulistdialog)">
						<effect type="rotate" start="0" end="90" center="auto" tween="cubic" easing="inout" time="180"/>
        				</animation>
						<include condition="!Skin.HasSetting(NoAnimationInSkin)">fadeInOutVisible</include>
							<visible>!String.IsEqual(Window(home).Property(menudialog_content),menulistdialog)</visible>
							<width>90</width>
							<height>90</height>
							<texture>shape/statusbar/LimaSkySatu-SmallLogo.png</texture>
							<colordiffuse>FFFFFFFF</colordiffuse>
              				<bordersize>2</bordersize>
					</control>
					<control type="image">
        				<animation type="conditional" condition="!Skin.HasSetting(NoAnimationInSkin) + String.IsEqual(Window(home).Property(menudialog_content),menulistdialog)">
						<effect type="rotate" start="-90" end="0" center="auto" tween="cubic" easing="inout" time="180"/>
        				</animation>
						<include condition="!Skin.HasSetting(NoAnimationInSkin)">fadeInOutVisible</include>
							<visible>String.IsEqual(Window(home).Property(menudialog_content),menulistdialog)</visible>
							<width>90</width>
							<height>90</height>
							<texture>shape/statusbar/LimaSkySatu-SmallLogo.png</texture>
							<colordiffuse>FFFFFFFF</colordiffuse>
              			<bordersize>0</bordersize>
					</control>
			</control>
			<control type="grouplist">
				<visible>!Skin.HasSetting(TurnOffStatusBar)</visible>
				<include condition="!Skin.HasSetting(NoAnimationInSkin)">fadeInOutVisibleDelay</include>
                    <left>90</left>
                   	<right>900</right>
                 	<bottom>6</bottom>
				<height>78</height>
				<itemgap>6</itemgap>
				<orientation>horizontal</orientation>
				<usecontrolcoords>false</usecontrolcoords>
				<onup>9999</onup>
				<ondown>9999</ondown>
				<onleft>9999</onleft>
				<onright>9999</onright>
				<align>left</align>
				<control type="button" id="99091">
					<width>78</width>
					<height>78</height>
					<onleft>noop</onleft>
					<onright>602</onright>
					<onup>210</onup>
					<ondown>noop</ondown>
                    <align>center</align>
                    <aligny>center</aligny>
                    <font>symbolSize54</font>
					<textcolor>textActive</textcolor>
					<focusedcolor>textActive</focusedcolor>
					<textoffsetx>0</textoffsetx>
                    <label></label>
					<texturefocus colordiffuse="overlay">shape/dim72/roundedsquare.png</texturefocus>
					<texturenofocus colordiffuse="00ffffff">colors/white.png</texturenofocus>
					<onclick condition="!String.IsEqual(Window(home).Property(menudialog_content),searchdialog)">SetProperty(menudialog_content,searchdialog,home)</onclick>
					<onclick condition="!String.IsEqual(Window(home).Property(menudialog_content),searchdialog)">SetProperty(menudialog_header,$LOCALIZE[137],home)</onclick>
					<onclick condition="String.IsEqual(Window(home).Property(menudialog_content),searchdialog)">ClearProperty(menudialog_content,home)</onclick>
				</control>
				<control type="button" id="99092">
					<width>78</width>
					<height>78</height>
					<onleft>noop</onleft>
					<onright>602</onright>
					<onup>210</onup>
					<ondown>noop</ondown>
                    <align>center</align>
                    <aligny>center</aligny>
                    <font>symbolSize54</font>
					<textcolor>textActive</textcolor>
					<focusedcolor>textActive</focusedcolor>
                    <label></label>
					<textoffsetx>0</textoffsetx>
					<texturefocus colordiffuse="overlay">shape/dim72/roundedsquare.png</texturefocus>
					<texturenofocus colordiffuse="00ffffff">colors/white.png</texturenofocus>
					<onclick condition="!String.IsEqual(Window(home).Property(menudialog_content),settingdialog)">SetProperty(menudialog_content,settingdialog,home)</onclick>
					<onclick condition="!String.IsEqual(Window(home).Property(menudialog_content),settingdialog)">SetProperty(menudialog_header,$LOCALIZE[5],home)</onclick>
					<onclick condition="String.IsEqual(Window(home).Property(menudialog_content),settingdialog)">ClearProperty(menudialog_content,home)</onclick>
				</control>
				<control type="button" id="99093">
					<width>78</width>
					<height>78</height>
					<onleft>noop</onleft>
					<onright>602</onright>
					<onup>210</onup>
					<ondown>noop</ondown>
                    <align>center</align>
                    <aligny>center</aligny>
                    <font>symbolSize54</font>
					<textcolor>textActive</textcolor>
					<focusedcolor>textActive</focusedcolor>
                    <label></label>
					<textoffsetx>0</textoffsetx>
					<texturefocus colordiffuse="overlay">shape/dim72/roundedsquare.png</texturefocus>
					<texturenofocus colordiffuse="00ffffff">colors/white.png</texturenofocus>
					<onclick>PlayerControl(Previous)</onclick>
				</control>
			</control>
		</control>
        <control type="grouplist">
			<visible>!Skin.HasSetting(TurnOffStatusBar)</visible>
			<include condition="!Skin.HasSetting(NoAnimationInSkin)">fadeInOutVisibleDelay</include>
                   	<right>82</right>
                 	<bottom>45</bottom>
			<width>864</width>
			<height>72</height>
			<itemgap>0</itemgap>
			<orientation>horizontal</orientation>
			<usecontrolcoords>false</usecontrolcoords>
			<onup>9999</onup>
			<ondown>9999</ondown>
			<onleft>9999</onleft>
			<onright>9999</onright>
			<align>right</align>
			<control type="group">
                    		<width>828</width>
                     		<height>72</height>
				<visible>Player.hasMedia+Window.IsActive(VideoFullScreen.xml)</visible>
            			<visible>![!String.isEqual(Player.TimeRemaining(ss),00) + [String.isEqual(Player.TimeRemaining(HH),00) + Integer.isLess(Player.TimeRemaining(mm),01)]]+!Window.isActive(videoosd)</visible>
				<visible>![[Integer.IsGreater(PVR.EpgEventProgress,90) + Integer.IsLess(PVR.EpgEventProgress,100)] + Pvr.IsPlayingTV + VideoPlayer.Content(livetv)]</visible>
                    		<control type="label">
        				<animation type="conditional" condition="Window.IsActive(Notification) | Window.IsActive(VolumeBar) | Window.IsActive(GameOSD)">
						<effect type="slide" start="0,0" end="0,-28" tween="cubic" easing="inout" time="180"/>
        				</animation>
                        		<description>heading</description>
					<right>0</right>
					<posy>36</posy>
                     			<font>Font24Bold</font>
                    			<width>828</width>
                     			<height>24</height>
                     			<textcolor>CCFFFFFF</textcolor>
        				<shadowcolor>40000000</shadowcolor>
					<aligny>center</aligny>
					<align>right</align>
		    			<wrapmultiline>false</wrapmultiline>
					<textoffsetx>18</textoffsetx>
		    			<label>[UPPERCASE]$VAR[SecTitleMediaLab][/UPPERCASE]</label>
                    		</control>
                    		<control type="label">
					<visible>Window.IsActive(Notification) | Window.IsActive(VolumeBar) | Window.IsActive(GameOSD)</visible>
					<include condition="!Skin.HasSetting(NoAnimationInSkin)">fadeInOutVisibleDelay</include>
                        		<description>heading</description>
					<right>0</right>
					<posy>36</posy>
                     			<font>Font28Bold</font>
                    			<width>828</width>
                     			<height>24</height>
                     			<textcolor>CCFFFFFF</textcolor>
        				<shadowcolor>40000000</shadowcolor>
					<aligny>center</aligny>
					<align>right</align>
		    			<wrapmultiline>false</wrapmultiline>
					<textoffsetx>18</textoffsetx>
		    			<label>$VAR[MediaFullscreenWatermarkTitle]</label>
                    		</control>
                    	</control>
			<control type="group">
				<visible>Player.hasMedia + ![Window.IsActive(VideoFullScreen.xml)|Window.IsActive(Visualisation)]</visible>
				<include condition="!Skin.HasSetting(NoAnimationInSkin)">fadeInOutVisible</include>
				<right>0</right>
				<width>369</width>
				<height>72</height>
				<control type="group">
					<width>360</width>
					<control type="button" id="89000">
                   				<right>0</right>
                 				<top>0</top>
						<width>360</width>
						<height>72</height>
						<onup>noop</onup>
						<ondown>9999</ondown>
						<texturefocus colordiffuse="00ffffff">colors/white.png</texturefocus>
						<texturenofocus colordiffuse="00ffffff">colors/white.png</texturenofocus>
						<onclick condition="!Window.isActive(playercontrols)">ActivateWindow(playercontrols)</onclick>
						<onclick condition="Window.isActive(playercontrols)">Dialog.Close(playercontrols)</onclick>
						<onclick condition="Window.isActive(visualisation)">Dialog.Close(all)</onclick>
					</control>
					<control type="group">
                   			<left>0</left>
                    		<posy>6</posy>
					<width>360</width>
		              	 	<height>60</height>
						<include content="ModelListHorizontalRounded">
							<param name="modelkey_size" value="60" />
							<param name="modelkey_color" value="80000000" />
							<param name="dimensionkey_size" value="dim72" />
						</include>
                    			</control>
                   	 		<control type="label">
              					<right>54</right>
						<posy>6</posy>
						<width>306</width>
                   				<height>39</height>
						<aligny>center</aligny>
						<align>left</align>
                				<font>Font20Bold</font>
		             			<textoffsetx>18</textoffsetx>
                				<wrapmultiline>false</wrapmultiline>
                     				<textcolor>FFFFFFFF</textcolor>
       	 					<shadowcolor>40000000</shadowcolor>
		    				<label>$VAR[TitleMediaNotif]</label>
                    			</control>
                   	 		<control type="label">
              					<right>54</right>
						<posy>39</posy>
						<width>306</width>
                   				<height>24</height>
						<aligny>center</aligny>
						<align>left</align>
                				<font>Font18Medium</font>
		             			<textoffsetx>18</textoffsetx>
                				<wrapmultiline>false</wrapmultiline>
                     				<textcolor>FFFFFFFF</textcolor>
       	 					<shadowcolor>40000000</shadowcolor>
		    				<label>$VAR[SubTitleMediaNotif]</label>
                    			</control>
					<control type="image">
                				<posy>0</posy>
              					<right>-6</right>
						<width>72</width>
						<height>72</height>
              					<bordersize>6</bordersize>
						<aspectratio scalediffuse="false">scale</aspectratio>
						<texture diffuse="shape/dim72/roundedsquare.png">$INFO[Player.Art(thumb)]</texture>
						<colordiffuse>FFFFFFFF</colordiffuse>
					</control>
				</control>
			</control>
            		<control type="group">
				<visible>Player.hasMedia + ![Window.IsActive(VideoFullScreen.xml)|Window.IsActive(Visualisation)]</visible>
				<include condition="!Skin.HasSetting(NoAnimationInSkin)">fadeInOutVisibleDelay</include>
				<width>78</width>
		               	<height>72</height>
            			<control type="group">
                   			<left>0</left>
					<width>72</width>
		              	 	<height>72</height>
					<control type="image">
						<width>72</width>
		              	 		<height>72</height>
	                        		<texture diffuse="shape/dim72/roundedsquare.png">$INFO[Player.Art(thumb)]</texture>
						<colordiffuse>FFFFFFFF</colordiffuse>
	                        		<bordersize>3</bordersize>
	                    		</control>
                    			<control type="textbox">
						<posy>2</posy>
						<posx>4</posx>
                    				<description>location</description>
                				<font>Font16Bold</font>
        					<shadowcolor>40000000</shadowcolor>
                     				<textcolor>FFFFFFFF</textcolor>
						<textoffsetx>0</textoffsetx>
						<width>64</width>
						<height>45</height>
                    				<aligny>center</aligny>
                    				<align>center</align>
		    				<label>$INFO[Weather.Conditions]</label>
                    			</control>
                    			<control type="label">
						<posy>36</posy>
						<posx>0</posx>
                    				<description>temp</description>
                				<font>Font20Bold</font>
        					<shadowcolor>40000000</shadowcolor>
                     				<textcolor>FFFFFFFF</textcolor>
						<textoffsetx>0</textoffsetx>
						<width>72</width>
						<height>36</height>
                    				<aligny>center</aligny>
                    				<align>center</align>
		    				<label>$INFO[Weather.Temperature]</label>
                    			</control>
				</control>
		        </control>
            		<control type="group">
				<include condition="!Skin.HasSetting(NoAnimationInSkin)">fadeInOutVisibleDelay</include>
				<width>78</width>
		               	<height>72</height>
            			<control type="group">
                   			<left>0</left>
					<width>72</width>
		              	 	<height>72</height>
					<control type="image">
						<width>72</width>
		              	 		<height>72</height>
	                        		<texture>shape/dim72/roundedsquare.png</texture>
						<colordiffuse>80000000</colordiffuse>
	                        		<bordersize>3</bordersize>
	                    		</control>
                    			<control type="textbox">
						<posy>2</posy>
						<posx>4</posx>
                    				<description>location</description>
                				<font>Font16Bold</font>
        					<shadowcolor>40000000</shadowcolor>
                     				<textcolor>FFFFFFFF</textcolor>
						<textoffsetx>0</textoffsetx>
						<width>64</width>
						<height>45</height>
                    				<aligny>center</aligny>
                    				<align>center</align>
		    				<label>$INFO[Weather.Conditions]</label>
                    			</control>
                    			<control type="label">
						<posy>36</posy>
						<posx>0</posx>
                    				<description>temp</description>
                				<font>Font20Bold</font>
        					<shadowcolor>40000000</shadowcolor>
                     				<textcolor>FFFFFFFF</textcolor>
						<textoffsetx>0</textoffsetx>
						<width>72</width>
						<height>36</height>
                    				<aligny>center</aligny>
                    				<align>center</align>
		    				<label>$INFO[Weather.Temperature]</label>
                    			</control>
				</control>
		        </control>
            		<control type="group">
				<include condition="!Skin.HasSetting(NoAnimationInSkin)">fadeInOutVisibleDelay</include>
				<width>78</width>
		               	<height>72</height>
            			<control type="group">
                   			<left>0</left>
					<width>72</width>
		              	 	<height>72</height>
					<control type="image">
						<width>72</width>
		              	 		<height>72</height>
	                        		<texture>shape/dim72/roundedsquare.png</texture>
						<colordiffuse>80000000</colordiffuse>
	                        		<bordersize>3</bordersize>
	                    		</control>
                    			<control type="wraplist" id="4090">
                				<autoscroll time="5000">true</autoscroll>
						<scrolltime tween="cubic" easing="inout">180</scrolltime>
						<posy>6</posy>
              					<posx>0</posx>
                    				<width>72</width>
                     				<height>28</height>
						<enable>false</enable>
	    					<itemlayout width="72" height="28">
                   	 				<control type="label">
								<posy>0</posy>
								<width>72</width>
                   						<height>28</height>
								<aligny>center</aligny>
								<align>center</align>
                						<font>Font16Medium</font>
                						<wrapmultiline>false</wrapmultiline>
                     						<textcolor>FFFFFFFF</textcolor>
       	 							<shadowcolor>40000000</shadowcolor>
		    						<label>$INFO[ListItem.Label]</label>
                    					</control>
                				</itemlayout>
	    					<focusedlayout width="72" height="28">
                   	 				<control type="label">
								<posy>0</posy>
								<width>72</width>
                   						<height>28</height>
								<aligny>center</aligny>
								<align>center</align>
                						<font>Font16Medium</font>
                						<wrapmultiline>false</wrapmultiline>
                     						<textcolor>FFFFFFFF</textcolor>
       	 							<shadowcolor>40000000</shadowcolor>
		    						<label>$INFO[ListItem.Label]</label>
                    					</control>
                				</focusedlayout>
						<content>
							<item id="1">
								<label>$INFO[System.Date(ddd)]</label>
							</item>
							<item id="2">
								<label>$INFO[System.Date(mmm)]</label>
							</item>
						</content>
                    			</control>
                    			<control type="label">
						<posy>18</posy>
						<posx>0</posx>
                    				<description>time</description>
                				<font>Font32Bold</font>
        					<shadowcolor>40000000</shadowcolor>
                     				<textcolor>FFFFFFFF</textcolor>
						<textoffsetx>0</textoffsetx>
						<width>72</width>
						<height>54</height>
                    				<aligny>center</aligny>
                    				<align>center</align>
		    				<label>$INFO[System.Date(dd)]</label>
                    			</control>
				</control>
		        </control>
                    	<control type="label">
				<animation type="Conditional" condition="Integer.IsEqual(System.Time(MM),59) + Integer.IsGreater(System.Time(SS),58)" reversible="false">
            				<effect type="fade" start="100" end="0" time="150" delay="800"/>
            				<effect type="Slide" start="0,0" end="0,-18" tween="cubic" easing="out" time="150" delay="800"/>
				</animation>
				<animation type="Conditional" condition="![Integer.IsEqual(System.Time(MM),59) + Integer.IsGreater(System.Time(SS),58)]" reversible="false">
            				<effect type="fade" start="0" end="100" time="150"/>
            				<effect type="Slide" start="0,18" end="0,0" tween="cubic" easing="out" time="150"/>
				</animation>
                    		<posy>0</posy>
				<posx>0</posx>
                    		<description>time</description>
                		<font>Font48Bold</font>
                     		<textcolor>FFFFFFFF</textcolor>
       	 			<shadowcolor>80000000</shadowcolor>
				<width>auto</width>
				<height>72</height>
				<aligny>center</aligny>
				<align>center</align>
		    		<label>$INFO[System.Time(HH)]</label>
                    	</control>
                    	<control type="label">
				<animation type="Conditional" condition="!Skin.HasSetting(ShowSecondinStatusBar)" pulse="true">
            				<effect type="fade" start="50" end="100" time="500" delay="0"/>
				</animation>
                    		<posy>0</posy>
				<posx>0</posx>
                    		<description>time</description>
                		<font>Font48Bold</font>
                     		<textcolor>FFFFFFFF</textcolor>
       	 			<shadowcolor>80000000</shadowcolor>
				<width>auto</width>
				<height>72</height>
				<aligny>center</aligny>
				<align>center</align>
		    		<label>$VAR[SeparatorTimeVar]</label>
                    	</control>
                    	<control type="label">
				<animation type="Conditional" condition="Integer.IsGreater(System.Time(SS),58)" reversible="false">
            				<effect type="fade" start="100" end="0" time="150" delay="780"/>
            				<effect type="Slide" start="0,0" end="0,-18" tween="cubic" easing="out" time="150" delay="780"/>
				</animation>
				<animation type="Conditional" condition="!Integer.IsGreater(System.Time(SS),58)" reversible="false">
            				<effect type="fade" start="0" end="100" time="150"/>
            				<effect type="Slide" start="0,18" end="0,0" tween="cubic" easing="out" time="150"/>
				</animation>
                    		<posy>0</posy>
				<posx>0</posx>
                    		<description>time</description>
                		<font>Font48Bold</font>
                     		<textcolor>FFFFFFFF</textcolor>
       	 			<shadowcolor>80000000</shadowcolor>
				<width>auto</width>
				<height>72</height>
				<aligny>center</aligny>
				<align>center</align>
		    		<label>$INFO[System.Time(MM)]</label>
                    	</control>
                    	<control type="label">
            			<visible>Skin.HasSetting(ShowSecondinStatusBar)</visible>
                    		<posy>0</posy>
				<posx>0</posx>
                    		<description>time</description>
                		<font>Font48Bold</font>
                     		<textcolor>FFFFFFFF</textcolor>
       	 			<shadowcolor>80000000</shadowcolor>
				<width>auto</width>
				<height>72</height>
				<aligny>center</aligny>
				<align>center</align>
		    		<label>$VAR[SeparatorTimeVar]</label>
                    	</control>
                    	<control type="label">
            			<visible>Skin.HasSetting(ShowSecondinStatusBar)</visible>
                    		<posy>0</posy>
				<posx>0</posx>
                    		<description>time</description>
                		<font>Font48Bold</font>
                     		<textcolor>FFFFFFFF</textcolor>
       	 			<shadowcolor>80000000</shadowcolor>
				<width>auto</width>
				<height>72</height>
				<aligny>center</aligny>
				<align>center</align>
		    		<label>$INFO[System.Time(SS)]</label>
                    	</control>
                    	<control type="label">
            			<visible>!String.isEmpty(System.Time(XX))</visible>
                    		<posy>0</posy>
				<posx>0</posx>
                    		<description>time</description>
                		<font>Font48Bold</font>
                     		<textcolor>FFFFFFFF</textcolor>
       	 			<shadowcolor>80000000</shadowcolor>
				<width>auto</width>
				<height>72</height>
				<aligny>center</aligny>
				<align>center</align>
		    		<label>$INFO[System.Time(XX)]</label>
                    	</control>
		</control>
    	</include>
</includes>
