<?xml version="1.0" encoding="UTF-8"?>
<window type="dialog" id="1106">
	<zorder>150</zorder>
	<onload>AlarmClock(AnimWindowStart,Skin.Reset(SwitchtoStartupWindow),00:10,silent)</onload>
	<onload>AlarmClock(OpenWindowStart,ActivateWindow($INFO[System.StartupWindow]),00:09,silent)</onload>
	<onload>AlarmClock(Closestartup,Dialog.Close(1106),00:08,silent)</onload>
    	<controls>
			<control type="image">
				<animation type="windowclose">
						<effect type="fade" start="100" end="0" time="160" delay="820"/>
						</animation>
				<visible>!Window.isActive(Startup.xml)</visible>
				<left>0</left>
				<bottom>0</bottom>
				<width>100%</width>
				<height>100%</height>
				<texture colordiffuse="latarcolor">colors/white.png</texture>
			</control>
			<control type="group">
					<control type="group">
						<animation type="windowopen">
							<effect type="fade" start="0" end="100" time="180" delay="3200"/>
            						<effect type="slide" start="0,-54" end="0,0" tween="cubic" easing="inout" time="180" delay="3200"/>
						</animation>
						<animation type="windowclose">
            						<effect type="slide" start="0,0" end="0,-54" tween="cubic" easing="inout" time="180" delay="600"/>
							<effect type="fade" start="100" end="0" time="180" delay="600"/>
						</animation>
					<right>64</right>
					<top>54</top>
						<width>468</width>
						<height>72</height>
						<include content="ModelListHorizontalRounded">
							<param name="modelkey_size" value="72"/>
							<param name="modelkey_color" value="sorotan"/>
							<param name="dimensionkey_size" value="dim72"/>
						</include>
						<control type="image">
							<left>9</left>
							<bottom>9</bottom>
							<width>54</width>
							<height>54</height>
							<texture diffuse="shape/dim72/roundedsquare.png" background="true">$INFO[System.ProfileThumb]</texture>
							<colordiffuse>FFFFFFFF</colordiffuse>
						</control>
						<control type="label">
							<left>81</left>
							<right>18</right>
							<posy>9</posy>
							<height>24</height>
							<font>Font22Bold</font>
							<textcolor>textActive</textcolor>
							<aligny>center</aligny>
							<label>$LOCALIZE[31023]</label>
						</control>
						<control type="label">
							<left>81</left>
							<right>18</right>
							<posy>36</posy>
							<height>28</height>
							<font>Font24Medium</font>
							<textcolor>textActive</textcolor>
							<aligny>center</aligny>
							<label>$INFO[System.ProfileName]</label>
						</control>
					</control>
				<control type="group">
					<centerleft>50%</centerleft>
					<centertop>50%</centertop>
					<width>900</width>
					<height>360</height>
					<control type="group">
						<centertop>50%</centertop>
						<height>216</height>
						<control type="image">
							<animation type="windowopen">
								<effect type="fade" start="0" end="100" time="300" delay="0"/>
            							<effect type="slide" start="342,0" end="0,0" tween="cubic" easing="inout" time="300" delay="800"/>
							</animation>
							<animation type="windowclose">
							<effect type="fade" start="100" end="0" time="300" delay="600"/>
							</animation>
							<posx>0</posx>
							<description>limaskytempevologo</description>
							<width>216</width>
							<height>216</height>
	                        <bordersize>0</bordersize>
							<texture background="true" diffuse="shape/dim216/roundedsquare.png">home/Limasky-logo/LimaSkyTempEvo-LogoMain.png</texture>
							<aspectratio scalediffuse="false">scale</aspectratio>
						</control>
              				</control>
						<control type="image">
						<animation type="windowopen">
							<effect type="fade" start="0" end="100" time="180" delay="2600"/>
            						<effect type="slide" start="0,36" end="0,0" tween="cubic" easing="inout" time="180" delay="2600"/>
						</animation>
						<animation type="windowclose">
							<effect type="fade" start="100" end="0" time="300" delay="600"/>
						</animation>
						<posx>252</posx>
						<centertop>50%</centertop>
                     				<width>683</width>
		                		<height>216</height>
							<description>limaskylogothemeuse</description>
	                        			<bordersize>0</bordersize>
							<texture background="true">$VAR[LimaSkyLogoBooting]</texture>
							<aspectratio scalediffuse="false" align="left">keep</aspectratio>
						</control>
						<control type="image">
						<animation type="windowopen">
            						<effect type="zoom" start="100,0" end="100,100" center="234,108" tween="cubic" easing="out" time="180" delay="2480"/>
						</animation>
						<animation type="windowclose">
							<effect type="fade" start="100" end="0" time="300" delay="600"/>
						</animation>
						<posx>234</posx>
						<centertop>50%</centertop>
                     		<width>2</width>
		                	<height>216</height>
							<description>linecross</description>
							<texture>colors/white.png</texture>
						</control>
						<control type="image">
						<animation type="windowopen">
							<effect type="fade" start="0" end="100" time="180" delay="1100"/>
            						<effect type="slide" start="-54,0" end="0,0" tween="cubic" easing="inout" time="180" delay="1100"/>
							<effect type="fade" start="100" end="0" time="180" delay="2500"/>
            						<effect type="slide" start="0,0" end="0,-36" tween="cubic" easing="inout" time="180" delay="2500"/>
						</animation>
						<animation type="windowclose">
							<effect type="fade" start="0" end="0" time="0" delay="0"/>
						</animation>
						<posx>234</posx>
						<centertop>51%</centertop>
                     				<width>650</width>
		                		<height>198</height>
							<description>limaskytempevotext</description>
	                        			<bordersize>0</bordersize>
							<texture background="true">home/Limasky-logo/LimaSkyTempEvo-Text.png</texture>
							<aspectratio scalediffuse="false" align="left">keep</aspectratio>
						</control>
				</control>
         		</control>
    		</controls>
</window>
