<?xml version="1.0" encoding="UTF-8"?>
<window>
	<backgroundcolor>latarcolor</backgroundcolor>
	<defaultcontrol always="true">20</defaultcontrol>
	<onload condition="Skin.hassetting(stopVideoOnMenu) + !Player.HasAudio">PlayerControl(stop)</onload>
	<controls>
        	<include>UniversalGlobalBackground</include>
		<control type="button" id="20000">
                   	<posx>-3600</posx>
                 	<posy>-3600</posy>
                    	<width>1</width>
                   	<height>1</height>
			<animation effect="fade" time="300" start="100" end="0">Focus</animation>
			<onfocus>SetFocus(9999)</onfocus>
			<onclick>noop</onclick>
			<visible allowhiddenfocus="true">Control.HasFocus(20000)</visible>
		</control>
		<control type="button" id="20001">
                   	<posx>-3600</posx>
                 	<posy>-3600</posy>
                    	<width>1</width>
                   	<height>1</height>
			<animation effect="fade" time="300" start="100" end="0">Focus</animation>
			<onfocus>SetFocus(9999)</onfocus>
			<onclick>noop</onclick>
			<visible allowhiddenfocus="true">Control.HasFocus(20001)</visible>
		</control>
		<!--Main content listing-->
        	<control type="group" id="9999">
			<include condition="!Skin.HasSetting(NoAnimationInSkin)">ListBounceAnimation</include>
			<include condition="!Skin.HasSetting(NoAnimationInSkin)">TempEvoListBounceAnimation</include>
			<include condition="!Skin.HasSetting(NoAnimationInSkin)">fadeInOut</include>
			<right>64</right>
			<left>64</left>
                 	<bottom>0</bottom>
			<height>864</height>
			<control type="group">
				<left>0</left>
                    		<width>49%</width>
                   		<control type="label" id="101">
		    			<visible>Control.IsVisible(20)</visible>
					<include condition="!Skin.HasSetting(NoAnimationInSkin)">SlideFadeDownTwoWayFast</include>
					<include condition="!Skin.HasSetting(NoAnimationInSkin)">SlideFadeDownTwoWayFastVisible</include>
					<include condition="!Skin.HasSetting(NoAnimationInSkin)">TempEvoSlideFadeDownTwoWayFast</include>
					<include condition="!Skin.HasSetting(NoAnimationInSkin)">TempEvoSlideFadeDownTwoWayFastVisible</include>
                   			<posx>0</posx>
                 			<posy>-36</posy>
                			<font>Font28Medium</font>
                    			<width>auto</width>
                   			<height>54</height>
                	    		<aligny>center</aligny>
		    			<label>$INFO[Container.FolderName]</label>
                     			<textcolor>FFFFFFFF</textcolor>
                    		</control>
				<control type="panel" id="20">
					<include condition="!Skin.HasSetting(NoAnimationInSkin)">SlideFadeDownTwoWayFast</include>
					<include condition="!Skin.HasSetting(NoAnimationInSkin)">SlideFadeDownTwoWayFastVisible</include>
					<include condition="!Skin.HasSetting(NoAnimationInSkin)">TempEvoSlideFadeDownTwoWayFast</include>
					<include condition="!Skin.HasSetting(NoAnimationInSkin)">TempEvoSlideFadeDownTwoWayFastVisible</include>
                   			<posx>0</posx>
                 			<bottom>0</bottom>
					<height>846</height>
					<onleft>noop</onleft>
					<onright>21</onright>
					<orientation>vertical</orientation>
					<scrolltime tween="cubic" easing="out">500</scrolltime>
	               		 	<itemlayout height="72">
						<control type="image">
							<posx>0</posx>
							<posy>0</posy>
							<width>72</width>
							<height>72</height>
							<texture>$INFO[ListItem.icon]</texture>
							<colordiffuse>FFFFFFFF</colordiffuse>
							<bordersize>6</bordersize>
							<aspectratio>scale</aspectratio>
						</control>
	                        		<control type="group">
		                        		<posx>72</posx>
	                        			<control type="label">
		                        			<posy>0</posy>
		                        			<height>72</height>
		                        			<align>left</align>
		                        			<aligny>center</aligny>
		                        			<font>Font24Bold</font>
		                        			<textoffsetx>18</textoffsetx>
		                        			<textcolor>textActive</textcolor>
		                        			<label>$INFO[ListItem.Label]$INFO[ListItem.Label2, | ,]</label>
		           				</control>
		           			</control>
	                		</itemlayout>
	                		<focusedlayout height="72">
	                        		<control type="group">
							<include condition="!Skin.HasSetting(NoAnimationInSkin)">FocusedItemFade</include>
							<include content="ModelListHorizontalRounded">
								<param name="modelkey_size" value="72" />
								<param name="modelkey_color" value="sorotan" />
								<param name="dimensionkey_size" value="dim72" />
							</include>
		           			</control>
	                        		<control type="group">
							<include condition="!Skin.HasSetting(NoAnimationInSkin)">TempEvoFocusedItemFade</include>
							<include content="TempEvoModelListHorizontalRounded">
								<param name="modelkey_size" value="72" />
								<param name="modelkey_color" value="sorotan" />
								<param name="dimensionkey_size" value="dim72" />
							</include>
		           			</control>
						<control type="image">
							<posx>0</posx>
							<posy>0</posy>
							<width>72</width>
							<height>72</height>
							<texture>$INFO[ListItem.icon]</texture>
							<colordiffuse>FFFFFFFF</colordiffuse>
							<bordersize>6</bordersize>
							<aspectratio>scale</aspectratio>
						</control>
	                        		<control type="group">
		                        		<posx>72</posx>
	                        			<control type="label">
		                        			<posy>0</posy>
		                        			<height>72</height>
		                        			<align>left</align>
		                        			<aligny>center</aligny>
		                        			<font>Font24Bold</font>
		                        			<textoffsetx>18</textoffsetx>
		                        			<textcolor>textActive</textcolor>
		                        			<label>$INFO[ListItem.Label]$INFO[ListItem.Label2, | ,]</label>
		           				</control>
		           			</control>
	                		</focusedlayout>
	            		</control>
	            	</control>
			<control type="group">
                   		<right>0</right>
                    		<width>49%</width>
                   		<control type="label" id="102">
		    			<visible>Control.IsVisible(21)</visible>
					<include condition="!Skin.HasSetting(NoAnimationInSkin)">SlideFadeDownTwoWayFast</include>
					<include condition="!Skin.HasSetting(NoAnimationInSkin)">SlideFadeDownTwoWayFastVisible</include>
					<include condition="!Skin.HasSetting(NoAnimationInSkin)">TempEvoSlideFadeDownTwoWayFast</include>
					<include condition="!Skin.HasSetting(NoAnimationInSkin)">TempEvoSlideFadeDownTwoWayFastVisible</include>
                   			<posx>0</posx>
                 			<posy>-36</posy>
                			<font>Font28Medium</font>
                    			<width>auto</width>
                   			<height>54</height>
                	    		<aligny>center</aligny>
		    			<label>$INFO[Container.FolderName]</label>
                     			<textcolor>FFFFFFFF</textcolor>
                    		</control>
				<control type="panel" id="21">
					<include condition="!Skin.HasSetting(NoAnimationInSkin)">SlideFadeDownTwoWayFast</include>
					<include condition="!Skin.HasSetting(NoAnimationInSkin)">SlideFadeDownTwoWayFastVisible</include>
					<include condition="!Skin.HasSetting(NoAnimationInSkin)">TempEvoSlideFadeDownTwoWayFast</include>
					<include condition="!Skin.HasSetting(NoAnimationInSkin)">TempEvoSlideFadeDownTwoWayFastVisible</include>
                   			<posx>0</posx>
                 			<bottom>0</bottom>
					<height>846</height>
					<onleft>20</onleft>
					<onright>noop</onright>
					<orientation>vertical</orientation>
					<scrolltime tween="cubic" easing="out">500</scrolltime>
	               		 	<itemlayout height="72">
						<control type="image">
							<posx>0</posx>
							<posy>0</posy>
							<width>72</width>
							<height>72</height>
							<texture>$INFO[ListItem.icon]</texture>
							<colordiffuse>FFFFFFFF</colordiffuse>
							<bordersize>6</bordersize>
							<aspectratio>scale</aspectratio>
						</control>
	                        		<control type="group">
		                        		<posx>72</posx>
	                        			<control type="label">
		                        			<posy>0</posy>
		                        			<height>72</height>
		                        			<align>left</align>
		                        			<aligny>center</aligny>
		                        			<font>Font24Bold</font>
		                        			<textoffsetx>18</textoffsetx>
		                        			<textcolor>textActive</textcolor>
		                        			<label>$INFO[ListItem.Label]$INFO[ListItem.Label2, | ,]</label>
		           				</control>
		           			</control>
	                		</itemlayout>
	                		<focusedlayout height="72">
	                        		<control type="group">
							<include condition="!Skin.HasSetting(NoAnimationInSkin)">FocusedItemFade</include>
							<include content="ModelListHorizontalRounded">
								<param name="modelkey_size" value="72" />
								<param name="modelkey_color" value="sorotan" />
								<param name="dimensionkey_size" value="dim72" />
							</include>
		           			</control>
	                        		<control type="group">
							<include condition="!Skin.HasSetting(NoAnimationInSkin)">TempEvoFocusedItemFade</include>
							<include content="TempEvoModelListHorizontalRounded">
								<param name="modelkey_size" value="72" />
								<param name="modelkey_color" value="sorotan" />
								<param name="dimensionkey_size" value="dim72" />
							</include>
		           			</control>
						<control type="image">
							<posx>0</posx>
							<posy>0</posy>
							<width>72</width>
							<height>72</height>
							<texture>$INFO[ListItem.icon]</texture>
							<colordiffuse>FFFFFFFF</colordiffuse>
							<bordersize>6</bordersize>
							<aspectratio>scale</aspectratio>
						</control>
	                        		<control type="group">
		                        		<posx>72</posx>
	                        			<control type="label">
		                        			<posy>0</posy>
		                        			<height>72</height>
		                        			<align>left</align>
		                        			<aligny>center</aligny>
		                        			<font>Font24Bold</font>
		                        			<textoffsetx>18</textoffsetx>
		                        			<textcolor>textActive</textcolor>
		                        			<label>$INFO[ListItem.Label]$INFO[ListItem.Label2, | ,]</label>
		           				</control>
		           			</control>
	                		</focusedlayout>
	            		</control>
	            	</control>
            	</control>
		<include content="DefaultWindowHeader">
			<param name="sidemenu_visible">false</param>
			<param name="visible_control">true</param>
			<param name="header_label" value="$LOCALIZE[7]"/>
			<param name="pos_left" value="64"/>
		</include>
		<!--Universal Status Bar-->
		<include>StatusBarandTimeDisplay</include>
	</controls>
</window>
