<?xml version="1.0" encoding="UTF-8"?>
<window>
	<defaultcontrol always="true">52</defaultcontrol>
	<controls>
		<include>globalBackground</include>
		<control type="image">
			<animation type="windowopen">
            			<effect type="fade" start="0" end="100" time="1" delay="0"/>
            			<effect type="fade" start="100" end="0" time="1" delay="360"/>
			</animation>
            		<include>dimensionsFullscreen</include>
            		<texture>colors/black.png</texture>
            		<aspectratio>stretch</aspectratio>
        	</control>
		<control type="image">
			<animation type="windowopen">
            			<effect type="zoom" start="0" end="100" center="auto" tween="cubic" easing="inout" time="360" delay="0"/>
            			<effect type="fade" start="100" end="0" time="180" delay="720"/>
			</animation>
			<animation type="windowclose">
            			<effect type="zoom" start="0" end="100" center="auto" tween="cubic" easing="inout" time="360" delay="0"/>
			</animation>
            		<include>dimensionsFullscreen</include>
            		<texture>colors/white.png</texture>
            		<colordiffuse>latarcolor</colordiffuse>
            		<aspectratio>stretch</aspectratio>
        	</control>
		<control type="group">
                     	<top>0</top>
                     	<left>64</left>
                     	<right>64</right>
                    	<control type="label" id="1101">
				<animation type="windowopen">
            				<effect type="fade" start="0" end="100" time="180" delay="360"/>
            				<effect type="slide" start="0,180" end="0,0" tween="cubic" easing="out" time="360" delay="360"/>
				</animation>
				<animation type="windowclose">
            				<effect type="fade" start="100" end="0" time="180" delay="0"/>
				</animation>
                     		<top>144</top>
                     		<posx>0</posx>
                     		<font>Font108Bold</font>
                     		<width>100%</width>
                     		<height>144</height>
                     		<aligny>center</aligny>
                    		<align>center</align>
		    		<label>$LOCALIZE[31201]</label>
                     		<textcolor>FFFFFFFF</textcolor>
                     		<shadowcolor></shadowcolor>
                    	</control>
                    	<control type="label" id="1102">
				<animation type="windowopen">
            				<effect type="fade" start="0" end="100" time="180" delay="360"/>
            				<effect type="slide" start="0,180" end="0,0" tween="cubic" easing="out" time="360" delay="360"/>
				</animation>
				<animation type="windowclose">
            				<effect type="fade" start="100" end="0" time="180" delay="0"/>
				</animation>
                     		<top>288</top>
                     		<posx>0</posx>
                     		<font>Font36Regular</font>
                     		<width>100%</width>
                     		<height>72</height>
                     		<aligny>center</aligny>
                    		<align>center</align>
		    		<label>$LOCALIZE[31202]</label>
                     		<textcolor>FFFFFFFF</textcolor>
                     		<shadowcolor></shadowcolor>
                    	</control>
			<control type="group" id="9001">
				<animation type="windowopen">
            				<effect type="fade" start="0" end="100" time="180" delay="720"/>
				</animation>
				<animation type="windowclose">
            				<effect type="fade" start="100" end="0" time="180" delay="0"/>
				</animation>
                     		<top>360</top>
                     		<posx>0</posx>
                		<height>600</height>
        			<control type="panel" id="52">
	    				<posx>0</posx>
                    			<posy>36</posy>
		             		<width>100%</width>
					<height>540</height>
	   				<onleft>noop</onleft>
            				<onright>noop</onright>
					<ondown>8001</ondown>
					<onup>noop</onup>
					<orientation>horizontal</orientation>
            				<scrolltime tween="cubic" easing="out">600</scrolltime>
	    				<itemlayout width="468" height="540">
                    				<control type="image">
                        				<posx>0</posx>
                        				<posy>0</posy>
                        				<width>468</width>
                        				<height>468</height>
                        				<aspectratio>stretch</aspectratio>
							<texture>shape/dimSD/roundedsquare.png</texture>
							<bordersize>18</bordersize>
							<colordiffuse>FF000000</colordiffuse>
                    				</control>
						<control type="image">
							<posx>0</posx>
							<posy>0</posy>
                        				<width>468</width>
                        				<height>468</height>
							<aspectratio scalediffuse="false">scale</aspectratio>
							<texture diffuse="shape/dimSD/roundedsquare.png">$INFO[Listitem.thumb]</texture>
							<bordersize>18</bordersize>
							<colordiffuse>FFFFFFFF</colordiffuse>
						</control>
						<control type="label">
	    						<posx>0</posx>
                    					<posy>468</posy>
		             				<height>72</height>
		             				<font>Font32Medium</font>
		             				<textoffsetx>18</textoffsetx>
		             				<textcolor>textActive</textcolor>
							<align>center</align>
		             				<label>$INFO[ListItem.Label]</label>
						</control>
                			</itemlayout>
                			<focusedlayout width="468" height="540">
                    				<control type="image">
                        				<posx>0</posx>
                        				<posy>0</posy>
                        				<width>468</width>
                        				<height>468</height>
                        				<aspectratio>stretch</aspectratio>
							<texture>shape/dimSD/roundedsquare.png</texture>
							<bordersize>0</bordersize>
							<colordiffuse>sorotan</colordiffuse>
                    				</control>
                    				<control type="image">
                        				<posx>0</posx>
                        				<posy>0</posy>
                        				<width>468</width>
                        				<height>468</height>
                        				<aspectratio>stretch</aspectratio>
							<texture>shape/dimSD/roundedsquare.png</texture>
							<bordersize>18</bordersize>
							<colordiffuse>FF000000</colordiffuse>
                    				</control>
						<control type="image">
							<posx>0</posx>
							<posy>0</posy>
                        				<width>468</width>
                        				<height>468</height>
							<aspectratio scalediffuse="false">scale</aspectratio>
							<texture diffuse="shape/dimSD/roundedsquare.png">$INFO[Listitem.thumb]</texture>
							<bordersize>18</bordersize>
							<colordiffuse>FFFFFFFF</colordiffuse>
						</control>
						<control type="label">
	    						<posx>0</posx>
                    					<posy>468</posy>
		             				<height>72</height>
		             				<font>Font32Medium</font>
		             				<textoffsetx>18</textoffsetx>
		             				<textcolor>textActive</textcolor>
							<align>center</align>
		             				<label>$INFO[ListItem.Label]</label>
						</control>
             				</focusedlayout>
				</control>
        			<control type="panel" id="8001">
	    				<posx>18</posx>
                    			<posy>600</posy>
		             		<width>100%</width>
					<height>72</height>
	   				<onleft>noop</onleft>
            				<onright>noop</onright>
					<ondown>noop</ondown>
					<onup>52</onup>
					<orientation>horizontal</orientation>
            				<scrolltime tween="cubic" easing="out">600</scrolltime>
	    				<itemlayout width="288" height="72">
                    				<control type="label">
                        				<posx>0</posx>
                        				<posx>0</posx>
                        				<width>72</width>
                        				<height>72</height>
                        				<font>symbolSize36</font>
							<aligny>center</aligny>
							<align>center</align>
                        				<textcolor>textActive</textcolor>
                        				<shadowcolor></shadowcolor>
                        				<label>$INFO[ListItem.Label2]</label>
                    				</control>
						<control type="label">
	    						<posx>72</posx>
                    					<posy>0</posy>
                        				<width>216</width>
		             				<height>72</height>
		             				<font>Font20Bold</font>
		             				<textoffsetx>6</textoffsetx>
		             				<textcolor>textActive</textcolor>
							<aligny>center</aligny>
		             				<label>$INFO[ListItem.Label]</label>
						</control>
                			</itemlayout>
                			<focusedlayout width="288" height="72">
                    				<control type="image">
                        				<posx>0</posx>
                        				<posy>0</posy>
                        				<aspectratio>stretch</aspectratio>
                        				<texture>colors/white.png</texture>
                        				<colordiffuse>80ffffff</colordiffuse>
                					<bordersize>0</bordersize>
                    				</control>
                    				<control type="label">
                        				<posx>0</posx>
                        				<posx>0</posx>
                        				<width>72</width>
                        				<height>72</height>
                        				<font>symbolSize36</font>
							<aligny>center</aligny>
							<align>center</align>
                        				<textcolor>textActive</textcolor>
                        				<shadowcolor></shadowcolor>
                        				<label>$INFO[ListItem.Label2]</label>
                    				</control>
						<control type="label">
	    						<posx>72</posx>
                    					<posy>0</posy>
                        				<width>216</width>
		             				<height>72</height>
		             				<font>Font20Bold</font>
		             				<textoffsetx>6</textoffsetx>
		             				<textcolor>textActive</textcolor>
							<aligny>center</aligny>
		             				<label>$INFO[ListItem.Label]</label>
						</control>
             				</focusedlayout>
					<content>
						<item id="1">
							<visible>System.CanPowerDown</visible>
							<label2></label2>
							<label>$LOCALIZE[13016]</label>
							<onclick>Powerdown()</onclick>
						</item>
						<item id="2">
							<visible>System.CanReboot</visible>
							<label2></label2>
							<label>$LOCALIZE[13013]</label>
							<onclick>Reboot()</onclick>
						</item>
						<item id="3">
							<label2></label2>
							<label>$LOCALIZE[13012]</label>
							<onclick>Quit()</onclick>
						</item>
					</content>
				</control>
			</control>
		</control>
	</controls>
</window>
