<?xml version="1.0" encoding="UTF-8"?>
<window>
	<defaultcontrol always="true">201</defaultcontrol>
        <onunload condition="Skin.HasSetting(TempEvoOSDDefaultPageChange)">Skin.Reset(TempEvoOSDDefaultPageChange)</onunload>
        <controls>
        	<control type="group" id="9999">
        		<animation type="windowopen">
				<effect type="slide" start="0,216" end="0,0" tween="cubic" easing="out" time="180"/>
        		</animation>
        		<animation type="windowclose">
				<effect type="slide" start="0,0" end="0,216" tween="cubic" easing="in" time="180"/>
        		</animation>
			<left>64</left>
			<right>64</right>
                	<bottom>36</bottom>
			<height>162</height>
			<include content="TempEvoModelListHorizontalRounded">
				<param name="modelkey_size" value="162" />
				<param name="modelkey_color" value="80000000" />
				<param name="dimensionkey_size" value="dim180" />
			</include>
			<include condition="!Skin.HasSetting(TempEvoMuVizSettoSimpleOSD)">TempEvoMusicOSDDefault</include>
			<include condition="Skin.HasSetting(TempEvoMuVizSettoSimpleOSD)">TempEvoMusicOSDSimple</include>
			<include condition="!Skin.HasSetting(MuVizSettoSimpleOSD)">MusicOSDDefault</include>
			<include condition="Skin.HasSetting(MuVizSettoSimpleOSD)">UniversalOSDSimple</include>
		</control>
		<control type="group">
			<left>4%</left>
			<top>144</top>
			<width>92%</width>
			<height>900</height>
			<control type="group">
				<left>0</left>
				<bottom>0</bottom>
				<width>100%</width>
				<height>72</height>
				<control type="button" id="699">
					<posx>-1</posx>
                			<bottom>-144</bottom>
					<width>0.1</width>
					<height>0.1</height>
					<onleft>201</onleft>
					<onright>201</onright>
					<onup>201</onup>
					<ondown>201</ondown>
						<onfocus>Skin.Reset(TempEvoOSDDefaultPageChange)</onfocus>
					<onfocus>SetRating</onfocus>
				</control>
                    	</control>
            	</control>
    	</controls>
</window>
