<?xml version="1.0" encoding="UTF-8"?>
<window>
	<backgroundcolor>latarcolor</backgroundcolor>
	<defaultcontrol always="true">9999</defaultcontrol>
	<onload condition="Skin.hassetting(stopVideoOnMenu) + !Player.HasAudio">PlayerControl(stop)</onload>
	<views>50,501,502,503,504,505,506,507,508,509</views>
	<controls>
        	<include>UniversalGlobalBackground</include>
		<control type="button" id="20000">
                   	<posx>-3600</posx>
                 	<posy>-3600</posy>
                    	<width>1</width>
                   	<height>1</height>
			<animation effect="fade" time="300" start="100" end="0">Focus</animation>
			<onfocus>SetFocus(9999)</onfocus>
			<onclick>noop</onclick>
			<visible allowhiddenfocus="true">Control.HasFocus(20000)</visible>
		</control>
		<control type="button" id="20001">
                   	<posx>-3600</posx>
                 	<posy>-3600</posy>
                    	<width>1</width>
                   	<height>1</height>
			<animation effect="fade" time="300" start="100" end="0">Focus</animation>
			<onfocus>SetFocus(9999)</onfocus>
			<onclick>noop</onclick>
			<visible allowhiddenfocus="true">Control.HasFocus(20001)</visible>
		</control>
		<!--Main content listing-->
        	<control type="group" id="9999">
			<include condition="!Skin.HasSetting(NoAnimationInSkin)">TempEvoListBounceAnimation</include>
			<include condition="!Skin.HasSetting(NoAnimationInSkin)">fadeInOut</include>
			<right>64</right>
			<left>64</left>
                 	<bottom>0</bottom>
			<height>882</height>
			<include>UniversalViewList</include>
            	</control>
        <control type="group">
			<visible>!Skin.HasSetting(HideScrollBaronSkin)</visible>
            <include condition="!Skin.HasSetting(NoAnimationInSkin)">fadeInOutVisible</include>
			<include content="DefaultScrollbars">
				<param name="visible_verticalbar">Control.IsVisible(501)|Control.IsVisible(502)|Control.IsVisible(503)|Control.IsVisible(504)|Control.IsVisible(505)|Control.IsVisible(506)</param>
				<param name="control_HeightVer">864</param>
			</include>
		</control>
		<include content="DefaultWindowHeader">
			<param name="visible_control">true</param>
			<param name="header_label" value="$LOCALIZE[1]"/>
			<param name="subheader_label" value=""/>
			<param name="content_containername" value="$INFO[Container.FolderPath]"/>
			<param name="pos_left" value="64"/>
		</include>
		<!--Universal Status Bar-->
		<include>StatusBarandTimeDisplay</include>
	</controls>
</window>
