<?xml version="1.0" encoding="UTF-8"?>
<window>
	<backgroundcolor>FF101010</backgroundcolor>
	<defaultcontrol always="true">10</defaultcontrol>
	<onload>Skin.Reset(TempEvoSearchWindow)</onload>
	<onload>Skin.Reset(TempEvoSettingWindow)</onload>
	<onload>Skin.Reset(TempEvoShutdownWindow)</onload>
	<onload>Skin.Reset(TempEvoAboutWindow)</onload>
	<onload>Skin.SetBool(TempEvoSwitchtoStartupWindow)</onload>
    	<controls>
		<control type="button" id="10">
		  <left>-3000</left>
		  <top>-3000</top>
		  <width>1</width>
		  <height>1</height>
		<onfocus condition="!Window.Previous(Home) + !System.HasLoginScreen + !Skin.HasSetting(DisableStartup)">ActivateWindow(1106)</onfocus>
		<onfocus condition="Window.Previous(Home) | System.HasLoginScreen | Skin.HasSetting(DisableStartup)">ReplaceWindow($INFO[System.StartupWindow])</onfocus>
		</control>
	</controls>
</window>
