<?xml version="1.0" encoding="UTF-8"?>
<timers>
    <timer>
        <name>skinautolock</name>
        <description>Timer to lock the skin (if lockscreen enabled in the skin settings)</description>
        <start reset="true">Skin.HasSetting(LockscreenisActive) + Skin.HasSetting(LockscreenAutolock)</start>
        <reset>[!System.IdleTime(1) + Integer.IsGreaterOrEqual(Skin.TimerElapsedSecs(skinautolock), 1)]|Window.IsActive(VideoFullScreen.xml)|Window.IsActive(1108)</reset>
        <stop>[String.IsEmpty(Skin.String(LockscreenAutolockTime)) + Integer.IsGreaterOrEqual(Skin.TimerElapsedSecs(skinautolock), 10)] | [!String.IsEmpty(Skin.String(LockscreenAutolockTime)) + Integer.IsGreaterOrEqual(Skin.TimerElapsedSecs(skinautolock),Skin.Numeric(LockscreenAutolockTime))]</stop>
        <onstop>ActivateWindow(1108)</onstop>
    </timer>
</timers>
